commodity_code,commodity_name,years_present,purchase_rate_mean_all,purchase_rate_min_all,purchase_rate_max_all,purchase_rate_mean_panelB,purchase_rate_min_panelB,purchase_rate_max_panelB,food_expenditure_share_all,food_expenditure_share_panelB,valid_price_rate_all,valid_price_rate_panelB,valid_quantity_rate_all,valid_quantity_rate_panelB,urban_coverage,rural_coverage,unit_value_median_by_year_summary,unit_value_instability_flag,low_purchase_flag,poor_price_support_flag,code_instability_flag,unit_problem_flag,old_group_if_any,notes
11111,غلات,1392;1393;1394;1395;1396;1397;1398;1399;1400;1401;1402;1403,0.032275635666831524,0.0233472665273347,0.041205775563624,0.02729801499168999,0.0183122522182367,0.0331467929401635,0.013387845388085781,0.011975799772153831,1.0,1.0,1.0,1.0,0.04195917670802731,0.022460805072590132,"{""all"": {""1392"": 70000.0, ""1393"": 70000.0, ""1394"": 75000.0, ""1395"": 110000.0, ""1396"": 120000.0, ""1397"": 130000.0, ""1398"": 200000.0, ""1399"": 270000.0, ""1400"": 400000.0, ""1401"": 1000000.0, ""1402"": 950000.0, ""1403"": 1100000.0}, ""panelB"": {""1392"": 70000.0, ""1393"": 70000.0, ""1394"": 75000.0, ""1395"": 110000.0, ""1396"": 120000.0, ""1397"": 130000.0, ""1398"": 200000.0, ""1399"": 260000.0, ""1400"": 390000.0, ""1401"": 1050000.0, ""1402"": 905000.0, ""1403"": 1100000.0}}",0,1,0,0,0,,"Rates are annual sample-denominator summaries over years_present; no code is excluded. unit_value_instability_flag means p90/p10 > 10 in at least half of supported years; it can reflect quality/geographic dispersion, not a proven unit mismatch. unit_problem_flag also uses Price_Source heterogeneity as a review trigger, not proof of incompatible units."
11112,غلات,1392;1393;1394;1395;1396;1397;1398;1399;1400;1401;1402;1403,0.054534623269458286,0.0410554117308647,0.0675004503461231,0.043736933689555106,0.0339814989616764,0.0541219839142091,0.021526944974585033,0.018840716492433233,1.0,1.0,1.0,1.0,0.07082381049606125,0.038184623036062994,"{""all"": {""1392"": 65000.0, ""1393"": 70000.0, ""1394"": 80000.0, ""1395"": 100000.0, ""1396"": 120000.0, ""1397"": 130000.0, ""1398"": 200000.0, ""1399"": 250000.0, ""1400"": 400000.0, ""1401"": 900000.0, ""1402"": 950000.0, ""1403"": 1080000.0}, ""panelB"": {""1392"": 65000.0, ""1393"": 70000.0, ""1394"": 78000.0, ""1395"": 95000.0, ""1396"": 120000.0, ""1397"": 130000.0, ""1398"": 190000.0, ""1399"": 250000.0, ""1400"": 380000.0, ""1401"": 900000.0, ""1402"": 950000.0, ""1403"": 1000000.0}}",0,0,0,0,0,,"Rates are annual sample-denominator summaries over years_present; no code is excluded. unit_value_instability_flag means p90/p10 > 10 in at least half of supported years; it can reflect quality/geographic dispersion, not a proven unit mismatch. unit_problem_flag also uses Price_Source heterogeneity as a review trigger, not proof of incompatible units."
11113,غلات,1392;1393;1394;1395;1396;1397;1398;1399;1400;1401;1402;1403,0.010657505453389815,0.0068512852697366,0.0139633012242178,0.00895484870922535,0.0065681444991789,0.012247974373469,0.002903517101573333,0.0024981921302250666,1.0,1.0,1.0,1.0,0.012099325039915223,0.009190149423296932,"{""all"": {""1392"": 45000.0, ""1393"": 50000.0, ""1394"": 65000.0, ""1395"": 75000.0, ""1396"": 80000.0, ""1397"": 90000.0, ""1398"": 150000.0, ""1399"": 200000.0, ""1400"": 350000.0, ""1401"": 600000.0, ""1402"": 650000.0, ""1403"": 800000.0}, ""panelB"": {""1392"": 42500.0, ""1393"": 50000.0, ""1394"": 65000.0, ""1395"": 75000.0, ""1396"": 80000.0, ""1397"": 90000.0, ""1398"": 150000.0, ""1399"": 200000.0, ""1400"": 320000.0, ""1401"": 600000.0, ""1402"": 600000.0, ""1403"": 800000.0}}",0,1,0,0,0,,"Rates are annual sample-denominator summaries over years_present; no code is excluded. unit_value_instability_flag means p90/p10 > 10 in at least half of supported years; it can reflect quality/geographic dispersion, not a proven unit mismatch. unit_problem_flag also uses Price_Source heterogeneity as a review trigger, not proof of incompatible units."
11114,غلات,1392;1393;1394;1395;1396;1397;1398;1399;1400;1401;1402;1403,0.002763751903703459,0.0015268023207395,0.0040248810830589,0.00252752163814335,0.0012247974373469,0.0045351473922902,0.0002087506866975,0.0002019226302803053,1.0,1.0,1.0,1.0,0.0028357918184802166,0.002698449638962108,"{""all"": {""1392"": 25000.0, ""1393"": 35000.0, ""1394"": 35000.0, ""1395"": 50000.0, ""1396"": 60000.0, ""1397"": 70000.0, ""1398"": 103500.0, ""1399"": 150000.0, ""1400"": 250000.0, ""1401"": 360000.0, ""1402"": 600000.0, ""1403"": 600000.0}, ""panelB"": {""1392"": 20000.0, ""1393"": 35000.0, ""1394"": 30000.0, ""1395"": 52000.0, ""1396"": 60000.0, ""1397"": 70000.0, ""1398"": 115000.0, ""1399"": 160000.0, ""1400"": 250000.0, ""1401"": 355000.0, ""1402"": 600000.0, ""1403"": 600000.0}}",0,1,0,0,0,,"Rates are annual sample-denominator summaries over years_present; no code is excluded. unit_value_instability_flag means p90/p10 > 10 in at least half of supported years; it can reflect quality/geographic dispersion, not a proven unit mismatch. unit_problem_flag also uses Price_Source heterogeneity as a review trigger, not proof of incompatible units."
11115,غلات,1392;1393;1394;1395;1396;1397;1398;1399;1400;1401;1402;1403,0.048987243730316155,0.032347480452917,0.0752245823188649,0.05260043155446118,0.0285117181668905,0.0898080864542575,0.01171403703870245,0.012957578727905492,1.0,1.0,1.0,1.0,0.05593896166416427,0.04178669624125111,"{""all"": {""1392"": 50000.0, ""1393"": 53000.0, ""1394"": 60000.0, ""1395"": 73000.0, ""1396"": 80000.0, ""1397"": 100000.0, ""1398"": 150000.0, ""1399"": 210000.0, ""1400"": 320000.0, ""1401"": 600000.0, ""1402"": 700000.0, ""1403"": 750000.0}, ""panelB"": {""1392"": 50000.0, ""1393"": 58000.0, ""1394"": 65000.0, ""1395"": 75000.0, ""1396"": 85000.0, ""1397"": 100000.0, ""1398"": 150000.0, ""1399"": 210000.0, ""1400"": 320000.0, ""1401"": 620000.0, ""1402"": 700000.0, ""1403"": 750000.0}}",0,1,0,0,0,,"Rates are annual sample-denominator summaries over years_present; no code is excluded. unit_value_instability_flag means p90/p10 > 10 in at least half of supported years; it can reflect quality/geographic dispersion, not a proven unit mismatch. unit_problem_flag also uses Price_Source heterogeneity as a review trigger, not proof of incompatible units."
11116,غلات,1392;1393;1394;1395;1396;1397;1398;1399;1400;1401;1402;1403,0.03891197812534524,0.0309876833764807,0.0485775483304042,0.04013266315110719,0.0334578275754746,0.0494314499499204,0.006187583113201059,0.006446084541783249,1.0,1.0,1.0,1.0,0.033652965140001996,0.04427504493765075,"{""all"": {""1392"": 40000.0, ""1393"": 45000.0, ""1394"": 43000.0, ""1395"": 50000.0, ""1396"": 59400.0, ""1397"": 75000.0, ""1398"": 110000.0, ""1399"": 155000.0, ""1400"": 240000.0, ""1401"": 400000.0, ""1402"": 480000.0, ""1403"": 550000.0}, ""panelB"": {""1392"": 40000.0, ""1393"": 45000.0, ""1394"": 45000.0, ""1395"": 50000.0, ""1396"": 60000.0, ""1397"": 75000.0, ""1398"": 110000.0, ""1399"": 150000.0, ""1400"": 230000.0, ""1401"": 390000.0, ""1402"": 500000.0, ""1403"": 600000.0}}",0,1,0,0,0,,"Rates are annual sample-denominator summaries over years_present; no code is excluded. unit_value_instability_flag means p90/p10 > 10 in at least half of supported years; it can reflect quality/geographic dispersion, not a proven unit mismatch. unit_problem_flag also uses Price_Source heterogeneity as a review trigger, not proof of incompatible units."
11117,غلات,1392;1393;1394;1395;1396;1397;1398;1399;1400;1401;1402;1403,0.3570778278336673,0.2744801723896678,0.4289873558118899,0.37915753036592775,0.3005403391093721,0.4447556800497977,0.05299717185775377,0.056073717106795824,1.0,1.0,1.0,1.0,0.34461009411480314,0.3699478170605415,"{""all"": {""1392"": 50000.0, ""1393"": 52000.0, ""1394"": 50000.0, ""1395"": 50000.0, ""1396"": 55000.0, ""1397"": 80000.0, ""1398"": 82500.0, ""1399"": 200000.0, ""1400"": 260000.0, ""1401"": 380000.0, ""1402"": 550000.0, ""1403"": 650000.0}, ""panelB"": {""1392"": 50000.0, ""1393"": 52000.0, ""1394"": 50000.0, ""1395"": 50000.0, ""1396"": 55000.0, ""1397"": 80000.0, ""1398"": 82000.0, ""1399"": 200000.0, ""1400"": 260000.0, ""1401"": 380000.0, ""1402"": 550000.0, ""1403"": 650000.0}}",0,0,0,0,0,,"Rates are annual sample-denominator summaries over years_present; no code is excluded. unit_value_instability_flag means p90/p10 > 10 in at least half of supported years; it can reflect quality/geographic dispersion, not a proven unit mismatch. unit_problem_flag also uses Price_Source heterogeneity as a review trigger, not proof of incompatible units."
11118,غلات,1392;1393;1394;1395;1396;1397;1398;1399;1400;1401;1402;1403,0.09605655789068401,0.075812274368231,0.1159388406115938,0.10436832013923193,0.0862679336687162,0.1264866905795733,0.011044235874366157,0.011833842738650043,1.0,1.0,1.0,1.0,0.07564683195595105,0.11674389245988386,"{""all"": {""1392"": 30000.0, ""1393"": 32000.0, ""1394"": 35000.0, ""1395"": 40000.0, ""1396"": 50000.0, ""1397"": 72000.0, ""1398"": 80000.0, ""1399"": 150000.0, ""1400"": 220000.0, ""1401"": 300000.0, ""1402"": 450000.0, ""1403"": 550000.0}, ""panelB"": {""1392"": 30000.0, ""1393"": 35000.0, ""1394"": 37000.0, ""1395"": 42000.0, ""1396"": 48000.0, ""1397"": 70000.0, ""1398"": 80000.0, ""1399"": 150000.0, ""1400"": 220000.0, ""1401"": 300000.0, ""1402"": 450000.0, ""1403"": 580000.0}}",0,0,0,0,0,,"Rates are annual sample-denominator summaries over years_present; no code is excluded. unit_value_instability_flag means p90/p10 > 10 in at least half of supported years; it can reflect quality/geographic dispersion, not a proven unit mismatch. unit_problem_flag also uses Price_Source heterogeneity as a review trigger, not proof of incompatible units."
11121,غلات,1392;1393;1394;1395;1396;1397;1398;1399;1400;1401;1402;1403,0.005965410791020025,0.003582542297534,0.0087049064017901,0.0054029213076464,0.0026869682042095,0.0073066263542454,0.0006198900298643333,0.0007607836698889917,1.0,1.0,1.0,1.0,0.006107336409436,0.005826062653379516,"{""all"": {""1392"": 10000.0, ""1393"": 15000.0, ""1394"": 20000.0, ""1395"": 20000.0, ""1396"": 20000.0, ""1397"": 25000.0, ""1398"": 30000.0, ""1399"": 50000.0, ""1400"": 100000.0, ""1401"": 150000.0, ""1402"": 210000.0, ""1403"": 300000.0}, ""panelB"": {""1392"": 10000.0, ""1393"": 15000.0, ""1394"": 18000.0, ""1395"": 17000.0, ""1396"": 20000.0, ""1397"": 22000.0, ""1398"": 30000.0, ""1399"": 45000.0, ""1400"": 100000.0, ""1401"": 150000.0, ""1402"": 207500.0, ""1403"": 300000.0}}",0,1,0,0,0,,"Rates are annual sample-denominator summaries over years_present; no code is excluded. unit_value_instability_flag means p90/p10 > 10 in at least half of supported years; it can reflect quality/geographic dispersion, not a proven unit mismatch. unit_problem_flag also uses Price_Source heterogeneity as a review trigger, not proof of incompatible units."
11122,غلات,1392;1393;1394;1395;1396;1397;1398;1399;1400;1401;1402;1403,0.015754386197486772,0.0078711330770638,0.0221056678383128,0.013720478158293742,0.006418868487834,0.0186876013311716,0.00019946064110384974,0.00016900805753045472,1.0,1.0,1.0,1.0,0.01907135049402315,0.012410610753765016,"{""all"": {""1392"": 20000.0, ""1393"": 22250.0, ""1394"": 25000.0, ""1395"": 30000.0, ""1396"": 30000.0, ""1397"": 35000.0, ""1398"": 50000.0, ""1399"": 70000.0, ""1400"": 120000.0, ""1401"": 240000.0, ""1402"": 300000.0, ""1403"": 380000.0}, ""panelB"": {""1392"": 20000.0, ""1393"": 23000.0, ""1394"": 30000.0, ""1395"": 30000.0, ""1396"": 30000.0, ""1397"": 40000.0, ""1398"": 50000.0, ""1399"": 60000.0, ""1400"": 120000.0, ""1401"": 240000.0, ""1402"": 300000.0, ""1403"": 380000.0}}",0,1,0,0,0,,"Rates are annual sample-denominator summaries over years_present; no code is excluded. unit_value_instability_flag means p90/p10 > 10 in at least half of supported years; it can reflect quality/geographic dispersion, not a proven unit mismatch. unit_problem_flag also uses Price_Source heterogeneity as a review trigger, not proof of incompatible units."
11123,غلات,1392;1393;1394;1395;1396;1397;1398;1399;1400;1401;1402;1403,0.004688133299297933,0.0021268855119917,0.0072972448045281,0.0036224272737529085,0.0008956560680698,0.0065960770699531,6.650500209905761e-05,4.952193382012066e-05,1.0,1.0,1.0,1.0,0.00593979904589775,0.00341605070312755,"{""all"": {""1392"": 35000.0, ""1393"": 45000.0, ""1394"": 45000.0, ""1395"": 55000.0, ""1396"": 60000.0, ""1397"": 80000.0, ""1398"": 120000.0, ""1399"": 160000.0, ""1400"": 350000.0, ""1401"": 400000.0, ""1402"": 500000.0, ""1403"": 700000.0}, ""panelB"": {""1392"": 30000.0, ""1393"": 40000.0, ""1394"": 50000.0, ""1395"": 60000.0, ""1396"": 60000.0, ""1397"": 65000.0, ""1398"": 115000.0, ""1399"": 180000.0, ""1400"": 300000.0, ""1401"": 400000.0, ""1402"": 700000.0, ""1403"": 700000.0}}",0,1,0,0,0,,"Rates are annual sample-denominator summaries over years_present; no code is excluded. unit_value_instability_flag means p90/p10 > 10 in at least half of supported years; it can reflect quality/geographic dispersion, not a proven unit mismatch. unit_problem_flag also uses Price_Source heterogeneity as a review trigger, not proof of incompatible units."
11124,غلات,1392;1393;1394;1395;1396;1397;1398;1399;1400;1401;1402;1403,0.020495002281610993,0.013768980928851,0.0283430437107714,0.01563055624157059,0.0089435438792621,0.0237805936469362,0.00018514005468176184,0.0001431468772890005,1.0,1.0,1.0,1.0,0.02345619901702174,0.017535513170657376,"{""all"": {""1392"": 17000.0, ""1393"": 20000.0, ""1394"": 25000.0, ""1395"": 25000.0, ""1396"": 30000.0, ""1397"": 30000.0, ""1398"": 50000.0, ""1399"": 65000.0, ""1400"": 120000.0, ""1401"": 220000.0, ""1402"": 300000.0, ""1403"": 360000.0}, ""panelB"": {""1392"": 15000.0, ""1393"": 20000.0, ""1394"": 25000.0, ""1395"": 25000.0, ""1396"": 28000.0, ""1397"": 30000.0, ""1398"": 48000.0, ""1399"": 60000.0, ""1400"": 120000.0, ""1401"": 200000.0, ""1402"": 300000.0, ""1403"": 400000.0}}",0,1,0,0,0,,"Rates are annual sample-denominator summaries over years_present; no code is excluded. unit_value_instability_flag means p90/p10 > 10 in at least half of supported years; it can reflect quality/geographic dispersion, not a proven unit mismatch. unit_problem_flag also uses Price_Source heterogeneity as a review trigger, not proof of incompatible units."
11125,غلات,1392;1393;1394;1395;1396;1397;1398;1399;1400;1401;1402;1403,0.0004218530799798583,0.0001399266784205,0.0009767805313686,0.00046384672553094995,0.0,0.0011757789535567,0.000167719583646845,0.00022110347332324033,1.0,1.0,1.0,1.0,0.00039721041121780005,0.00044547356838792754,"{""all"": {""1392"": 16250.0, ""1393"": 25000.0, ""1394"": 24000.0, ""1395"": 20000.0, ""1396"": 30000.0, ""1397"": 29000.0, ""1398"": 50000.0, ""1399"": 120000.0, ""1400"": 168750.0, ""1401"": 200000.0, ""1402"": 330000.0, ""1403"": 320000.0}, ""panelB"": {""1392"": 30000.0, ""1393"": 25000.0, ""1394"": 28500.0, ""1395"": 20000.0, ""1396"": 24750.0, ""1397"": 41500.0, ""1398"": 50000.0, ""1399"": 120000.0, ""1400"": 193750.0, ""1401"": 215000.0, ""1402"": 350000.0}}",0,1,1,0,0,,"Rates are annual sample-denominator summaries over years_present; no code is excluded. unit_value_instability_flag means p90/p10 > 10 in at least half of supported years; it can reflect quality/geographic dispersion, not a proven unit mismatch. unit_problem_flag also uses Price_Source heterogeneity as a review trigger, not proof of incompatible units."
11141,انواع نان,1392;1393;1394;1395;1396;1397;1398;1399;1400;1401;1402;1403,0.12272320014665124,0.093804920913884,0.1635980479148181,0.12774376641087856,0.0962705473398927,0.1598972922502334,0.007092750453869008,0.0074404261390536505,1.0,1.0,1.0,1.0,0.14078429741178503,0.10456901425388403,"{""all"": {""1392"": 10000.0, ""1393"": 10000.0, ""1394"": 12600.0, ""1395"": 13000.0, ""1396"": 13000.0, ""1397"": 17000.0, ""1398"": 20000.0, ""1399"": 25000.0, ""1400"": 30000.0, ""1401"": 35000.0, ""1402"": 40000.0, ""1403"": 50000.0}, ""panelB"": {""1392"": 10000.0, ""1393"": 10000.0, ""1394"": 12600.0, ""1395"": 13000.0, ""1396"": 13400.0, ""1397"": 17000.0, ""1398"": 20000.0, ""1399"": 25000.0, ""1400"": 30000.0, ""1401"": 30000.0, ""1402"": 40000.0, ""1403"": 52000.0}}",0,0,0,0,0,,"Rates are annual sample-denominator summaries over years_present; no code is excluded. unit_value_instability_flag means p90/p10 > 10 in at least half of supported years; it can reflect quality/geographic dispersion, not a proven unit mismatch. unit_problem_flag also uses Price_Source heterogeneity as a review trigger, not proof of incompatible units."
11142,انواع نان,1392;1393;1394;1395;1396;1397;1398;1399;1400;1401;1402;1403,0.25169782178143446,0.2069515573839308,0.3032347480452917,0.2370728209234925,0.1956400223588597,0.2688460964323033,0.01367116783593366,0.013186222490955612,1.0,1.0,1.0,1.0,0.27351750003018865,0.2297063163021178,"{""all"": {""1392"": 10400.0, ""1393"": 11250.0, ""1394"": 13600.0, ""1395"": 14000.0, ""1396"": 14500.0, ""1397"": 16000.0, ""1398"": 18900.0, ""1399"": 24000.0, ""1400"": 30000.0, ""1401"": 34000.0, ""1402"": 38000.0, ""1403"": 44000.0}, ""panelB"": {""1392"": 10000.0, ""1393"": 10625.0, ""1394"": 13200.0, ""1395"": 14000.0, ""1396"": 14000.0, ""1397"": 16000.0, ""1398"": 18900.0, ""1399"": 22500.0, ""1400"": 27000.0, ""1401"": 33800.0, ""1402"": 35000.0, ""1403"": 42250.0}}",0,0,0,0,0,,"Rates are annual sample-denominator summaries over years_present; no code is excluded. unit_value_instability_flag means p90/p10 > 10 in at least half of supported years; it can reflect quality/geographic dispersion, not a proven unit mismatch. unit_problem_flag also uses Price_Source heterogeneity as a review trigger, not proof of incompatible units."
11143,انواع نان,1392;1393;1394;1395;1396;1397;1398;1399;1400;1401;1402;1403,0.18061287448846886,0.1570304123846133,0.2005403045352835,0.14030498032441982,0.1262875055978504,0.1588265926054504,0.004237741889993266,0.003069212269290283,1.0,1.0,1.0,1.0,0.2622506975339856,0.09791076546082532,"{""all"": {""1392"": 10000.0, ""1393"": 11700.0, ""1394"": 15000.0, ""1395"": 16000.0, ""1396"": 16500.0, ""1397"": 20000.0, ""1398"": 22000.0, ""1399"": 30000.0, ""1400"": 36000.0, ""1401"": 42900.0, ""1402"": 48000.0, ""1403"": 62000.0}, ""panelB"": {""1392"": 10000.0, ""1393"": 11000.0, ""1394"": 15000.0, ""1395"": 16000.0, ""1396"": 16000.0, ""1397"": 20000.0, ""1398"": 20000.0, ""1399"": 26000.0, ""1400"": 31000.0, ""1401"": 40000.0, ""1402"": 44500.0, ""1403"": 50000.0}}",0,0,0,0,0,,"Rates are annual sample-denominator summaries over years_present; no code is excluded. unit_value_instability_flag means p90/p10 > 10 in at least half of supported years; it can reflect quality/geographic dispersion, not a proven unit mismatch. unit_problem_flag also uses Price_Source heterogeneity as a review trigger, not proof of incompatible units."
11144,انواع نان,1392;1393;1394;1395;1396;1397;1398;1399;1400;1401;1402;1403,0.2859690441489468,0.2666105514675935,0.3048607833883907,0.26495073996733254,0.2414422906969893,0.2791635172587554,0.011384568015912984,0.01159539212364299,1.0,1.0,1.0,1.0,0.3355793926864932,0.23567516679465586,"{""all"": {""1392"": 10000.0, ""1393"": 10500.0, ""1394"": 13000.0, ""1395"": 15000.0, ""1396"": 15000.0, ""1397"": 15000.0, ""1398"": 20000.0, ""1399"": 24000.0, ""1400"": 30000.0, ""1401"": 34000.0, ""1402"": 39000.0, ""1403"": 45200.0}, ""panelB"": {""1392"": 10000.0, ""1393"": 10500.0, ""1394"": 15000.0, ""1395"": 15000.0, ""1396"": 15000.0, ""1397"": 15000.0, ""1398"": 19000.0, ""1399"": 22500.0, ""1400"": 29000.0, ""1401"": 34000.0, ""1402"": 39000.0, ""1403"": 45000.0}}",0,0,0,0,0,,"Rates are annual sample-denominator summaries over years_present; no code is excluded. unit_value_instability_flag means p90/p10 > 10 in at least half of supported years; it can reflect quality/geographic dispersion, not a proven unit mismatch. unit_problem_flag also uses Price_Source heterogeneity as a review trigger, not proof of incompatible units."
11151,انواع نان,1392;1393;1394;1395;1396;1397;1398;1399;1400;1401;1402;1403,0.47837894140293047,0.3761669412410763,0.5422438642151513,0.4735013321292691,0.38722197342887,0.5274827650456494,0.029199363074617832,0.029614117595170155,1.0,1.0,1.0,1.0,0.5069690604586705,0.4500295652668558,"{""all"": {""1392"": 10000.0, ""1393"": 11000.0, ""1394"": 13000.0, ""1395"": 13500.0, ""1396"": 14140.0, ""1397"": 15000.0, ""1398"": 18000.0, ""1399"": 22000.0, ""1400"": 28000.0, ""1401"": 34000.0, ""1402"": 40000.0, ""1403"": 50000.0}, ""panelB"": {""1392"": 10000.0, ""1393"": 11000.0, ""1394"": 13000.0, ""1395"": 13000.0, ""1396"": 13000.0, ""1397"": 15000.0, ""1398"": 18000.0, ""1399"": 20000.0, ""1400"": 25000.0, ""1401"": 30000.0, ""1402"": 35000.0, ""1403"": 48000.0}}",0,0,0,0,0,,"Rates are annual sample-denominator summaries over years_present; no code is excluded. unit_value_instability_flag means p90/p10 > 10 in at least half of supported years; it can reflect quality/geographic dispersion, not a proven unit mismatch. unit_problem_flag also uses Price_Source heterogeneity as a review trigger, not proof of incompatible units."
11152,انواع نان,1392;1393;1394;1395;1396;1397;1398;1399;1400;1401;1402;1403,0.04773772888011688,0.0345963756177924,0.0580690934890574,0.041701483243734926,0.0271553065670712,0.05565463378636,0.0005562804893624501,0.00046765206016654995,1.0,1.0,1.0,1.0,0.07552154784059599,0.019561056141731065,"{""all"": {""1392"": 20000.0, ""1393"": 25000.0, ""1394"": 30000.0, ""1395"": 30000.0, ""1396"": 30000.0, ""1397"": 35000.0, ""1398"": 45000.0, ""1399"": 60000.0, ""1400"": 70000.0, ""1401"": 250000.0, ""1402"": 330000.0, ""1403"": 350000.0}, ""panelB"": {""1392"": 20000.0, ""1393"": 25000.0, ""1394"": 27500.0, ""1395"": 27500.0, ""1396"": 25000.0, ""1397"": 30000.0, ""1398"": 45000.0, ""1399"": 55000.0, ""1400"": 70000.0, ""1401"": 240000.0, ""1402"": 330000.0, ""1403"": 350000.0}}",0,1,0,0,0,,"Rates are annual sample-denominator summaries over years_present; no code is excluded. unit_value_instability_flag means p90/p10 > 10 in at least half of supported years; it can reflect quality/geographic dispersion, not a proven unit mismatch. unit_problem_flag also uses Price_Source heterogeneity as a review trigger, not proof of incompatible units."
11153,انواع نان,1392;1393;1394;1395;1396;1397;1398;1399;1400;1401;1402;1403,0.039381462741797414,0.0277894383343128,0.0472477418358681,0.03424357587310046,0.0260033917467495,0.0394088669950738,0.000812023084502925,0.0007129063016431584,1.0,1.0,1.0,1.0,0.047427195972361835,0.03136489404144497,"{""all"": {""1392"": 20000.0, ""1393"": 25000.0, ""1394"": 30000.0, ""1395"": 35000.0, ""1396"": 30000.0, ""1397"": 35000.0, ""1398"": 45000.0, ""1399"": 58750.0, ""1400"": 100000.0, ""1401"": 200000.0, ""1402"": 450000.0, ""1403"": 600000.0}, ""panelB"": {""1392"": 24500.0, ""1393"": 25000.0, ""1394"": 30000.0, ""1395"": 34500.0, ""1396"": 30000.0, ""1397"": 40000.0, ""1398"": 50000.0, ""1399"": 52925.0, ""1400"": 100000.0, ""1401"": 200000.0, ""1402"": 400000.0, ""1403"": 500000.0}}",0,1,0,0,0,,"Rates are annual sample-denominator summaries over years_present; no code is excluded. unit_value_instability_flag means p90/p10 > 10 in at least half of supported years; it can reflect quality/geographic dispersion, not a proven unit mismatch. unit_problem_flag also uses Price_Source heterogeneity as a review trigger, not proof of incompatible units."
11154,انواع نان,1392;1393;1394;1395;1396;1397;1398;1399;1400;1401;1402;1403,0.048188162351215515,0.0258864355077939,0.0679002009377093,0.047747996783177225,0.024222098006335,0.0743394536497984,0.0006832911675220668,0.0006645079810664083,1.0,1.0,1.0,1.0,0.0568456462047488,0.03948995718033134,"{""all"": {""1392"": 60000.0, ""1393"": 70000.0, ""1394"": 70000.0, ""1395"": 80000.0, ""1396"": 80000.0, ""1397"": 100000.0, ""1398"": 140000.0, ""1399"": 200000.0, ""1400"": 320000.0, ""1401"": 600000.0, ""1402"": 950000.0, ""1403"": 1220000.0}, ""panelB"": {""1392"": 60000.0, ""1393"": 70000.0, ""1394"": 75000.0, ""1395"": 80000.0, ""1396"": 85000.0, ""1397"": 100000.0, ""1398"": 150000.0, ""1399"": 200000.0, ""1400"": 340000.0, ""1401"": 650000.0, ""1402"": 945000.0, ""1403"": 1200000.0}}",0,1,0,0,0,2,"Rates are annual sample-denominator summaries over years_present; no code is excluded. unit_value_instability_flag means p90/p10 > 10 in at least half of supported years; it can reflect quality/geographic dispersion, not a proven unit mismatch. unit_problem_flag also uses Price_Source heterogeneity as a review trigger, not proof of incompatible units."
11155,انواع نان,1392;1393;1394;1395;1396;1397;1398;1399;1400;1401;1402;1403,0.0032615950725406414,0.001399266784205,0.0042424578527062,0.004190414411025458,0.0016769144773616,0.0051943699731903,0.00018071188560479616,0.00023640979654001538,0.0,0.0,0.0,0.0,0.0013569826173707499,0.00516922772794605,"{""all"": {}, ""panelB"": {}}",0,1,1,0,0,,"Rates are annual sample-denominator summaries over years_present; no code is excluded. unit_value_instability_flag means p90/p10 > 10 in at least half of supported years; it can reflect quality/geographic dispersion, not a proven unit mismatch. unit_problem_flag also uses Price_Source heterogeneity as a review trigger, not proof of incompatible units."
11156,انواع نان,1392;1393;1394;1395;1396;1397;1398;1399;1400;1401;1402;1403,0.010297354663302609,0.0082169724897981,0.0139285813379207,0.013297337990795991,0.0105521009986809,0.0170911528150134,0.004448514379511341,0.0055904090824434845,0.0,0.0,0.0,0.0,0.002760042521957417,0.01789257136235609,"{""all"": {}, ""panelB"": {}}",0,1,1,0,0,,"Rates are annual sample-denominator summaries over years_present; no code is excluded. unit_value_instability_flag means p90/p10 > 10 in at least half of supported years; it can reflect quality/geographic dispersion, not a proven unit mismatch. unit_problem_flag also uses Price_Source heterogeneity as a review trigger, not proof of incompatible units."
11161,آرد رشته و فرآورده\u200cهای آن,1392;1393;1394;1395;1396;1397;1398;1399;1400;1401;1402;1403,0.14669115403935065,0.1260459519211933,0.1648725834797891,0.1688044300236713,0.1518539221166387,0.1894774052907559,0.009028424688241119,0.010942418242893416,1.0,1.0,1.0,1.0,0.07850054502158439,0.21545725413925643,"{""all"": {""1392"": 8000.0, ""1393"": 9500.0, ""1394"": 10000.0, ""1395"": 11250.0, ""1396"": 11750.0, ""1397"": 12500.0, ""1398"": 14000.0, ""1399"": 20000.0, ""1400"": 30000.0, ""1401"": 50000.0, ""1402"": 55000.0, ""1403"": 75000.0}, ""panelB"": {""1392"": 7500.0, ""1393"": 9000.0, ""1394"": 10000.0, ""1395"": 10000.0, ""1396"": 11250.0, ""1397"": 11500.0, ""1398"": 12000.0, ""1399"": 16250.0, ""1400"": 17500.0, ""1401"": 25000.0, ""1402"": 18750.0, ""1403"": 20000.0}}",0,0,0,0,1,,"Rates are annual sample-denominator summaries over years_present; no code is excluded. unit_value_instability_flag means p90/p10 > 10 in at least half of supported years; it can reflect quality/geographic dispersion, not a proven unit mismatch. unit_problem_flag also uses Price_Source heterogeneity as a review trigger, not proof of incompatible units."
11162,آرد رشته و فرآورده\u200cهای آن,1392;1393;1394;1395;1396;1397;1398;1399;1400;1401;1402;1403,0.018123787704654185,0.0141994194712481,0.0218739545536426,0.01796245878582321,0.0148859996231392,0.0212801608579088,0.0002169618627035,0.00022737705918430835,1.0,1.0,1.0,1.0,0.023000379392341466,0.013170754793498935,"{""all"": {""1392"": 40000.0, ""1393"": 45000.0, ""1394"": 50000.0, ""1395"": 50000.0, ""1396"": 60000.0, ""1397"": 80000.0, ""1398"": 110000.0, ""1399"": 150000.0, ""1400"": 230000.0, ""1401"": 400000.0, ""1402"": 500000.0, ""1403"": 650000.0}, ""panelB"": {""1392"": 40000.0, ""1393"": 45000.0, ""1394"": 50000.0, ""1395"": 50000.0, ""1396"": 60000.0, ""1397"": 80000.0, ""1398"": 110000.0, ""1399"": 150000.0, ""1400"": 230000.0, ""1401"": 450000.0, ""1402"": 510000.0, ""1403"": 650000.0}}",0,1,0,0,0,,"Rates are annual sample-denominator summaries over years_present; no code is excluded. unit_value_instability_flag means p90/p10 > 10 in at least half of supported years; it can reflect quality/geographic dispersion, not a proven unit mismatch. unit_problem_flag also uses Price_Source heterogeneity as a review trigger, not proof of incompatible units."
11163,آرد رشته و فرآورده\u200cهای آن,1392;1393;1394;1395;1396;1397;1398;1399;1400;1401;1402;1403,0.008212913073140607,0.0055970671368203,0.0120464972276168,0.00796098951964811,0.0056635831602794,0.0121506682867557,7.901748277992717e-05,7.693912974972047e-05,1.0,1.0,1.0,1.0,0.00880490497397716,0.0076311497121849675,"{""all"": {""1392"": 25000.0, ""1393"": 35000.0, ""1394"": 40000.0, ""1395"": 50000.0, ""1396"": 40000.0, ""1397"": 50000.0, ""1398"": 80000.0, ""1399"": 100000.0, ""1400"": 200000.0, ""1401"": 350000.0, ""1402"": 480000.0, ""1403"": 600000.0}, ""panelB"": {""1392"": 25000.0, ""1393"": 35000.0, ""1394"": 40000.0, ""1395"": 50000.0, ""1396"": 40000.0, ""1397"": 50000.0, ""1398"": 80000.0, ""1399"": 100000.0, ""1400"": 200000.0, ""1401"": 380000.0, ""1402"": 490000.0, ""1403"": 500000.0}}",0,1,0,0,0,,"Rates are annual sample-denominator summaries over years_present; no code is excluded. unit_value_instability_flag means p90/p10 > 10 in at least half of supported years; it can reflect quality/geographic dispersion, not a proven unit mismatch. unit_problem_flag also uses Price_Source heterogeneity as a review trigger, not proof of incompatible units."
11164,آرد رشته و فرآورده\u200cهای آن,1392;1393;1394;1395;1396;1397;1398;1399;1400;1401;1402;1403,0.6412018761260442,0.5762842371576284,0.673280981733232,0.6294478839934688,0.5546535774966962,0.6670716889428918,0.010185158283240568,0.009977399817579183,1.0,1.0,1.0,1.0,0.6667780786800112,0.6155120449332042,"{""all"": {""1392"": 22000.0, ""1393"": 28571.0, ""1394"": 30000.0, ""1395"": 32800.0, ""1396"": 35000.0, ""1397"": 40000.0, ""1398"": 70000.0, ""1399"": 100000.0, ""1400"": 130000.0, ""1401"": 340000.0, ""1402"": 350000.0, ""1403"": 400000.0}, ""panelB"": {""1392"": 22000.0, ""1393"": 28571.0, ""1394"": 30000.0, ""1395"": 32857.0, ""1396"": 35000.0, ""1397"": 40000.0, ""1398"": 70000.0, ""1399"": 100000.0, ""1400"": 128571.0, ""1401"": 340000.0, ""1402"": 350000.0, ""1403"": 400000.0}}",0,0,0,0,0,,"Rates are annual sample-denominator summaries over years_present; no code is excluded. unit_value_instability_flag means p90/p10 > 10 in at least half of supported years; it can reflect quality/geographic dispersion, not a proven unit mismatch. unit_problem_flag also uses Price_Source heterogeneity as a review trigger, not proof of incompatible units."
11165,آرد رشته و فرآورده\u200cهای آن,1392;1393;1394;1395;1396;1397;1398;1399;1400;1401;1402;1403,0.1506471842925935,0.1242162578374216,0.1699738241999493,0.14037790902597896,0.1066012208168145,0.1595209165075507,0.0016892843637578419,0.0014879861499376334,1.0,1.0,1.0,1.0,0.1535693911484793,0.14767370100799232,"{""all"": {""1392"": 20000.0, ""1393"": 25000.0, ""1394"": 30000.0, ""1395"": 32000.0, ""1396"": 35000.0, ""1397"": 40000.0, ""1398"": 70000.0, ""1399"": 100000.0, ""1400"": 150000.0, ""1401"": 320000.0, ""1402"": 400000.0, ""1403"": 450000.0}, ""panelB"": {""1392"": 20000.0, ""1393"": 25000.0, ""1394"": 30000.0, ""1395"": 34000.0, ""1396"": 35000.0, ""1397"": 40000.0, ""1398"": 70000.0, ""1399"": 100000.0, ""1400"": 142857.0, ""1401"": 320000.0, ""1402"": 400000.0, ""1403"": 480000.0}}",0,0,0,0,0,,"Rates are annual sample-denominator summaries over years_present; no code is excluded. unit_value_instability_flag means p90/p10 > 10 in at least half of supported years; it can reflect quality/geographic dispersion, not a proven unit mismatch. unit_problem_flag also uses Price_Source heterogeneity as a review trigger, not proof of incompatible units."
11166,آرد رشته و فرآورده\u200cهای آن,1392;1393;1394;1395;1396;1397;1398;1399;1400;1401;1402;1403,0.0022929673173242003,0.001165921772201,0.0051071667782987,0.0023845651146249,0.0005589714924538,0.0057109263458469,1.6118957773747828e-05,1.5139200701270978e-05,1.0,1.0,1.0,1.0,0.00238706361405395,0.002191761379697958,"{""all"": {""1392"": 12000.0, ""1393"": 12500.0, ""1394"": 14000.0, ""1395"": 14000.0, ""1396"": 20000.0, ""1397"": 25000.0, ""1398"": 30000.0, ""1399"": 22500.0, ""1400"": 29285.5, ""1401"": 46000.0, ""1402"": 50000.0, ""1403"": 102500.0}, ""panelB"": {""1392"": 12000.0, ""1393"": 13000.0, ""1394"": 13000.0, ""1395"": 14000.0, ""1396"": 18000.0, ""1397"": 15000.0, ""1398"": 32500.0, ""1399"": 20000.0, ""1400"": 28571.0, ""1401"": 37030.0, ""1402"": 50000.0, ""1403"": 50000.0}}",0,1,0,0,0,,"Rates are annual sample-denominator summaries over years_present; no code is excluded. unit_value_instability_flag means p90/p10 > 10 in at least half of supported years; it can reflect quality/geographic dispersion, not a proven unit mismatch. unit_problem_flag also uses Price_Source heterogeneity as a review trigger, not proof of incompatible units."
11171,بیسکویت و کیک,1392;1393;1394;1395;1396;1397;1398;1399;1400;1401;1402;1403,0.36022305924637094,0.3211317269750651,0.392625376741155,0.35777533385039995,0.3208496366685299,0.3900364520048602,0.006463600509461608,0.006293338106042143,1.0,1.0,1.0,1.0,0.37927668628239236,0.34082058261907117,"{""all"": {""1392"": 55000.0, ""1393"": 65000.0, ""1394"": 70000.0, ""1395"": 80000.0, ""1396"": 80000.0, ""1397"": 100000.0, ""1398"": 150000.0, ""1399"": 200000.0, ""1400"": 330000.0, ""1401"": 650000.0, ""1402"": 900000.0, ""1403"": 1200000.0}, ""panelB"": {""1392"": 55000.0, ""1393"": 70000.0, ""1394"": 75000.0, ""1395"": 80000.0, ""1396"": 80000.0, ""1397"": 100000.0, ""1398"": 150000.0, ""1399"": 200000.0, ""1400"": 322928.0, ""1401"": 625000.0, ""1402"": 900000.0, ""1403"": 1200000.0}}",0,0,0,0,0,2,"Rates are annual sample-denominator summaries over years_present; no code is excluded. unit_value_instability_flag means p90/p10 > 10 in at least half of supported years; it can reflect quality/geographic dispersion, not a proven unit mismatch. unit_problem_flag also uses Price_Source heterogeneity as a review trigger, not proof of incompatible units."
11172,بیسکویت و کیک,1392;1393;1394;1395;1396;1397;1398;1399;1400;1401;1402;1403,0.22457505755781562,0.2028097277026838,0.2593478988136596,0.22434250994740013,0.2083100428544811,0.2541890080428954,0.004069222472070483,0.003945091049739984,1.0,1.0,1.0,1.0,0.2386556127943759,0.21022893737563253,"{""all"": {""1392"": 60000.0, ""1393"": 70000.0, ""1394"": 75000.0, ""1395"": 80000.0, ""1396"": 85000.0, ""1397"": 100000.0, ""1398"": 150000.0, ""1399"": 200000.0, ""1400"": 350000.0, ""1401"": 680000.0, ""1402"": 900000.0, ""1403"": 1200000.0}, ""panelB"": {""1392"": 60000.0, ""1393"": 70000.0, ""1394"": 76128.0, ""1395"": 80000.0, ""1396"": 89100.0, ""1397"": 100000.0, ""1398"": 150000.0, ""1399"": 200000.0, ""1400"": 350000.0, ""1401"": 655500.0, ""1402"": 900000.0, ""1403"": 1200000.0}}",0,0,0,0,0,2,"Rates are annual sample-denominator summaries over years_present; no code is excluded. unit_value_instability_flag means p90/p10 > 10 in at least half of supported years; it can reflect quality/geographic dispersion, not a proven unit mismatch. unit_problem_flag also uses Price_Source heterogeneity as a review trigger, not proof of incompatible units."
11173,بیسکویت و کیک,1392;1393;1394;1395;1396;1397;1398;1399;1400;1401;1402;1403,0.07543849108271103,0.0590125219683655,0.094218247430768,0.07227265400034422,0.0560890826606964,0.0881791355667418,0.003315057389576166,0.003098043040879175,1.0,1.0,1.0,1.0,0.09714340389513888,0.053564901850962264,"{""all"": {""1392"": 80000.0, ""1393"": 90000.0, ""1394"": 100000.0, ""1395"": 120000.0, ""1396"": 120000.0, ""1397"": 160000.0, ""1398"": 200000.0, ""1399"": 300000.0, ""1400"": 500000.0, ""1401"": 950000.0, ""1402"": 1300000.0, ""1403"": 1700000.0}, ""panelB"": {""1392"": 80000.0, ""1393"": 90000.0, ""1394"": 100000.0, ""1395"": 120000.0, ""1396"": 120000.0, ""1397"": 150000.0, ""1398"": 200000.0, ""1399"": 280000.0, ""1400"": 460000.0, ""1401"": 900000.0, ""1402"": 1200000.0, ""1403"": 1600000.0}}",0,0,0,0,0,2,"Rates are annual sample-denominator summaries over years_present; no code is excluded. unit_value_instability_flag means p90/p10 > 10 in at least half of supported years; it can reflect quality/geographic dispersion, not a proven unit mismatch. unit_problem_flag also uses Price_Source heterogeneity as a review trigger, not proof of incompatible units."
11174,بیسکویت و کیک,1392;1393;1394;1395;1396;1397;1398;1399;1400;1401;1402;1403,0.14625382676847348,0.1124505711775044,0.1865798488533249,0.14284045264583636,0.1031638484652094,0.1833109419316315,0.006249637976262375,0.005884272070271708,1.0,1.0,1.0,1.0,0.1653922871425895,0.12708683052081168,"{""all"": {""1392"": 70000.0, ""1393"": 80000.0, ""1394"": 85000.0, ""1395"": 100000.0, ""1396"": 100000.0, ""1397"": 140000.0, ""1398"": 180000.0, ""1399"": 250000.0, ""1400"": 450000.0, ""1401"": 850000.0, ""1402"": 1200000.0, ""1403"": 1500000.0}, ""panelB"": {""1392"": 65000.0, ""1393"": 80000.0, ""1394"": 85000.0, ""1395"": 100000.0, ""1396"": 100000.0, ""1397"": 140000.0, ""1398"": 180000.0, ""1399"": 250000.0, ""1400"": 440000.0, ""1401"": 800000.0, ""1402"": 1200000.0, ""1403"": 1500000.0}}",0,0,0,0,0,2,"Rates are annual sample-denominator summaries over years_present; no code is excluded. unit_value_instability_flag means p90/p10 > 10 in at least half of supported years; it can reflect quality/geographic dispersion, not a proven unit mismatch. unit_problem_flag also uses Price_Source heterogeneity as a review trigger, not proof of incompatible units."
11175,بیسکویت و کیک,1392;1393;1394;1395;1396;1397;1398;1399;1400;1401;1402;1403,0.007280281825100542,0.0035261522961967,0.0101054481546572,0.006296604618430124,0.0040512530619935,0.0082483945089259,0.00013332446660580902,0.0001145551573008367,0.0,0.0,0.0,0.0,0.010190113349280902,0.0043415332405299665,"{""all"": {}, ""panelB"": {}}",0,1,1,0,0,2,"Rates are annual sample-denominator summaries over years_present; no code is excluded. unit_value_instability_flag means p90/p10 > 10 in at least half of supported years; it can reflect quality/geographic dispersion, not a proven unit mismatch. unit_problem_flag also uses Price_Source heterogeneity as a review trigger, not proof of incompatible units."
11211,گوشت دام,1392;1393;1394;1395;1396;1397;1398;1399;1400;1401;1402;1403,0.3256677119053944,0.2418474571669065,0.3907216780888433,0.31966189572048015,0.2200699718406007,0.3825568273416089,0.05742116826798451,0.05619135919923482,1.0,1.0,1.0,1.0,0.37823210380820244,0.27266552056266713,"{""all"": {""1392"": 250000.0, ""1393"": 250000.0, ""1394"": 260000.0, ""1395"": 300000.0, ""1396"": 376200.0, ""1397"": 530000.0, ""1398"": 900000.0, ""1399"": 1000000.0, ""1400"": 1300000.0, ""1401"": 1850000.0, ""1402"": 4500000.0, ""1403"": 6500000.0}, ""panelB"": {""1392"": 250000.0, ""1393"": 250000.0, ""1394"": 260000.0, ""1395"": 300000.0, ""1396"": 360000.0, ""1397"": 500000.0, ""1398"": 900000.0, ""1399"": 1000000.0, ""1400"": 1300000.0, ""1401"": 1800000.0, ""1402"": 4300000.0, ""1403"": 6200000.0}}",0,0,0,0,0,,"Rates are annual sample-denominator summaries over years_present; no code is excluded. unit_value_instability_flag means p90/p10 > 10 in at least half of supported years; it can reflect quality/geographic dispersion, not a proven unit mismatch. unit_problem_flag also uses Price_Source heterogeneity as a review trigger, not proof of incompatible units."
11212,گوشت دام,1392;1393;1394;1395;1396;1397;1398;1399;1400;1401;1402;1403,0.23897748239642866,0.1877689254087666,0.2939515180042363,0.22273559385820005,0.1771482208379554,0.283325869532766,0.03131357763020661,0.02951826974351131,1.0,1.0,1.0,1.0,0.28643235258031785,0.1911396625024222,"{""all"": {""1392"": 260000.0, ""1393"": 270000.0, ""1394"": 280000.0, ""1395"": 300000.0, ""1396"": 350000.0, ""1397"": 480000.0, ""1398"": 850000.0, ""1399"": 900000.0, ""1400"": 1300000.0, ""1401"": 2000000.0, ""1402"": 4500000.0, ""1403"": 5600000.0}, ""panelB"": {""1392"": 250000.0, ""1393"": 260000.0, ""1394"": 280000.0, ""1395"": 300000.0, ""1396"": 350000.0, ""1397"": 460000.0, ""1398"": 800000.0, ""1399"": 900000.0, ""1400"": 1300000.0, ""1401"": 2000000.0, ""1402"": 4400000.0, ""1403"": 5600000.0}}",0,0,0,0,0,,"Rates are annual sample-denominator summaries over years_present; no code is excluded. unit_value_instability_flag means p90/p10 > 10 in at least half of supported years; it can reflect quality/geographic dispersion, not a proven unit mismatch. unit_problem_flag also uses Price_Source heterogeneity as a review trigger, not proof of incompatible units."
11213,گوشت دام,1392;1393;1394;1395;1396;1397;1398;1399;1400;1401;1402;1403,0.004641640729889125,0.0017630761480983,0.0067831911959244,0.005003627027965593,0.0024222098006335,0.0076252723311546,0.0007420892227518916,0.000796200408142025,1.0,1.0,1.0,1.0,0.006229920668311343,0.0030750298190357246,"{""all"": {""1392"": 260000.0, ""1393"": 280000.0, ""1394"": 300000.0, ""1395"": 320000.0, ""1396"": 376200.0, ""1397"": 500000.0, ""1398"": 950000.0, ""1399"": 1100000.0, ""1400"": 1700000.0, ""1401"": 2200000.0, ""1402"": 5000000.0, ""1403"": 7000000.0}, ""panelB"": {""1392"": 260000.0, ""1393"": 280000.0, ""1394"": 300000.0, ""1395"": 320000.0, ""1396"": 380000.0, ""1397"": 510000.0, ""1398"": 950000.0, ""1399"": 1000000.0, ""1400"": 1600000.0, ""1401"": 2200000.0, ""1402"": 5000000.0, ""1403"": 7500000.0}}",0,1,0,0,0,,"Rates are annual sample-denominator summaries over years_present; no code is excluded. unit_value_instability_flag means p90/p10 > 10 in at least half of supported years; it can reflect quality/geographic dispersion, not a proven unit mismatch. unit_problem_flag also uses Price_Source heterogeneity as a review trigger, not proof of incompatible units."
11214,گوشت دام,1392;1393;1394;1395;1396;1397;1398;1399;1400;1401;1402;1403,0.011598263646067633,0.0057117750439367,0.0187262781870953,0.012529252299644425,0.0057172113661575,0.0190644158898127,0.0009100012710818667,0.0009707761129213918,1.0,1.0,1.0,1.0,0.01520127517505185,0.00804500031347291,"{""all"": {""1392"": 250000.0, ""1393"": 250000.0, ""1394"": 270000.0, ""1395"": 300000.0, ""1396"": 350000.0, ""1397"": 480000.0, ""1398"": 800000.0, ""1399"": 1000000.0, ""1400"": 1300000.0, ""1401"": 1700000.0, ""1402"": 3600000.0, ""1403"": 6000000.0}, ""panelB"": {""1392"": 240000.0, ""1393"": 250000.0, ""1394"": 260000.0, ""1395"": 280000.0, ""1396"": 350000.0, ""1397"": 450000.0, ""1398"": 800000.0, ""1399"": 950000.0, ""1400"": 1300000.0, ""1401"": 1525750.5, ""1402"": 3500000.0, ""1403"": 6000000.0}}",0,1,0,0,0,,"Rates are annual sample-denominator summaries over years_present; no code is excluded. unit_value_instability_flag means p90/p10 > 10 in at least half of supported years; it can reflect quality/geographic dispersion, not a proven unit mismatch. unit_problem_flag also uses Price_Source heterogeneity as a review trigger, not proof of incompatible units."
11215,گوشت دام,1392;1393;1394;1395;1396;1397;1398;1399;1400;1401;1402;1403,0.012130811964810235,0.0062127445218705,0.016828533154722,0.012794187771207707,0.0075945046505674,0.0182260024301336,0.00071278312523525,0.0007711744771361667,1.0,1.0,1.0,1.0,0.012899694695815861,0.011343385574171258,"{""all"": {""1392"": 120000.0, ""1393"": 120000.0, ""1394"": 100000.0, ""1395"": 100000.0, ""1396"": 120000.0, ""1397"": 200000.0, ""1398"": 300000.0, ""1399"": 350000.0, ""1400"": 500000.0, ""1401"": 700000.0, ""1402"": 1500000.0, ""1403"": 3000000.0}, ""panelB"": {""1392"": 120000.0, ""1393"": 120000.0, ""1394"": 100000.0, ""1395"": 100000.0, ""1396"": 100000.0, ""1397"": 170000.0, ""1398"": 380000.0, ""1399"": 330000.0, ""1400"": 500000.0, ""1401"": 700000.0, ""1402"": 1575000.0, ""1403"": 3000000.0}}",0,1,0,0,0,,"Rates are annual sample-denominator summaries over years_present; no code is excluded. unit_value_instability_flag means p90/p10 > 10 in at least half of supported years; it can reflect quality/geographic dispersion, not a proven unit mismatch. unit_problem_flag also uses Price_Source heterogeneity as a review trigger, not proof of incompatible units."
11216,گوشت دام,1392;1393;1394;1395;1396;1397;1398;1399;1400;1401;1402;1403,0.011290226482403064,0.004141829681247,0.0177853000749146,0.012167124525069675,0.0040991242779951,0.020903863721855,0.023542994269304982,0.02570949429501004,1.0,1.0,1.0,1.0,0.007748689640061292,0.01481953547404651,"{""all"": {""1392"": 110000.0, ""1393"": 110000.0, ""1394"": 110000.0, ""1395"": 125000.0, ""1396"": 160000.0, ""1397"": 240000.0, ""1398"": 450000.0, ""1399"": 480000.0, ""1400"": 550000.0, ""1401"": 760000.0, ""1402"": 1950000.0, ""1403"": 3000000.0}, ""panelB"": {""1392"": 110000.0, ""1393"": 110000.0, ""1394"": 112000.0, ""1395"": 125000.0, ""1396"": 160000.0, ""1397"": 230000.0, ""1398"": 440000.0, ""1399"": 465000.0, ""1400"": 545000.0, ""1401"": 774000.0, ""1402"": 2000000.0, ""1403"": 3050000.0}}",0,1,0,0,0,,"Rates are annual sample-denominator summaries over years_present; no code is excluded. unit_value_instability_flag means p90/p10 > 10 in at least half of supported years; it can reflect quality/geographic dispersion, not a proven unit mismatch. unit_problem_flag also uses Price_Source heterogeneity as a review trigger, not proof of incompatible units."
11217,گوشت دام,1392;1393;1394;1395;1396;1397;1398;1399;1400;1401;1402;1403,0.0007744302604039002,0.0003608805485384,0.0013896394657608,0.0008676449249093667,0.0001492760113449,0.0020829717063009,0.0017837741719259083,0.001941795787725658,1.0,1.0,1.0,1.0,0.0006504549594191334,0.0008983075284719334,"{""all"": {""1392"": 120000.0, ""1393"": 120000.0, ""1394"": 120000.0, ""1395"": 120000.0, ""1396"": 150000.0, ""1397"": 200000.0, ""1398"": 400000.0, ""1399"": 400000.0, ""1400"": 594117.5, ""1401"": 900000.0, ""1402"": 1750000.0, ""1403"": 2500000.0}, ""panelB"": {""1392"": 250000.0, ""1393"": 115000.0, ""1394"": 120000.0, ""1395"": 120000.0, ""1396"": 150000.0, ""1397"": 200000.0, ""1398"": 400000.0, ""1399"": 400000.0, ""1400"": 550000.0, ""1401"": 779040.5, ""1402"": 2823529.0, ""1403"": 2375000.0}}",0,1,1,0,0,,"Rates are annual sample-denominator summaries over years_present; no code is excluded. unit_value_instability_flag means p90/p10 > 10 in at least half of supported years; it can reflect quality/geographic dispersion, not a proven unit mismatch. unit_problem_flag also uses Price_Source heterogeneity as a review trigger, not proof of incompatible units."
11218,گوشت دام,1392;1393;1394;1395;1396;1397;1398;1399;1400;1401;1402;1403,0.013921527595315451,0.0095576855195633,0.0189662821650399,0.01376186766259196,0.0081064937281337,0.019140989729225,0.0003465983160416167,0.00033052204450474996,0.00015460729746443334,0.0,0.00015460729746443334,0.0,0.016059798384476704,0.011773750831990457,"{""all"": {""1403"": 600000.0}, ""panelB"": {}}",0,1,1,0,0,,"Rates are annual sample-denominator summaries over years_present; no code is excluded. unit_value_instability_flag means p90/p10 > 10 in at least half of supported years; it can reflect quality/geographic dispersion, not a proven unit mismatch. unit_problem_flag also uses Price_Source heterogeneity as a review trigger, not proof of incompatible units."
11221,گوشت دام,1392;1393;1394;1395;1396;1397;1398;1399;1400;1401;1402;1403,0.0010233589470258833,0.00041190685413,0.0020587251344604,0.0008667070068007916,0.0002985520226899,0.0013404825737265,0.00011935281290121587,0.0001034116628714623,1.0,1.0,1.0,1.0,0.0014238862501532669,0.0006150283569218333,"{""all"": {""1392"": 200000.0, ""1393"": 180000.0, ""1394"": 200000.0, ""1395"": 300000.0, ""1396"": 300000.0, ""1397"": 290000.0, ""1398"": 460000.0, ""1399"": 700000.0, ""1400"": 1250000.0, ""1401"": 1775000.0, ""1402"": 4000000.0, ""1403"": 4000000.0}, ""panelB"": {""1392"": 200000.0, ""1393"": 230000.0, ""1394"": 183500.0, ""1395"": 290000.0, ""1396"": 300000.0, ""1397"": 290000.0, ""1398"": 375000.0, ""1399"": 530000.0, ""1400"": 1200000.0, ""1401"": 1675000.0, ""1402"": 3600000.0, ""1403"": 5000000.0}}",0,1,0,0,0,,"Rates are annual sample-denominator summaries over years_present; no code is excluded. unit_value_instability_flag means p90/p10 > 10 in at least half of supported years; it can reflect quality/geographic dispersion, not a proven unit mismatch. unit_problem_flag also uses Price_Source heterogeneity as a review trigger, not proof of incompatible units."
11222,گوشت دام,1392;1393;1394;1395;1396;1397;1398;1399;1400;1401;1402;1403,0.06692927385013467,0.0525244747552524,0.1099343636411181,0.05984853058356907,0.0466301680196337,0.0994178235557545,0.0013714470538903417,0.001189617601454033,1.0,1.0,1.0,1.0,0.08290130317136829,0.05090509271322683,"{""all"": {""1392"": 85000.0, ""1393"": 99000.0, ""1394"": 105000.0, ""1395"": 120000.0, ""1396"": 120000.0, ""1397"": 160000.0, ""1398"": 220000.0, ""1399"": 380000.0, ""1400"": 560000.0, ""1401"": 900000.0, ""1402"": 1400000.0, ""1403"": 1800000.0}, ""panelB"": {""1392"": 80000.0, ""1393"": 90000.0, ""1394"": 100000.0, ""1395"": 120000.0, ""1396"": 120000.0, ""1397"": 160000.0, ""1398"": 200000.0, ""1399"": 350000.0, ""1400"": 500000.0, ""1401"": 880000.0, ""1402"": 1380000.0, ""1403"": 1800000.0}}",0,0,0,0,0,,"Rates are annual sample-denominator summaries over years_present; no code is excluded. unit_value_instability_flag means p90/p10 > 10 in at least half of supported years; it can reflect quality/geographic dispersion, not a proven unit mismatch. unit_problem_flag also uses Price_Source heterogeneity as a review trigger, not proof of incompatible units."
11223,گوشت دام,1392;1393;1394;1395;1396;1397;1398;1399;1400;1401;1402;1403,0.11588311906141378,0.0861319128129905,0.1844878533511152,0.11366954762321126,0.0849530831099195,0.1755485893416928,0.0021886239582147838,0.002152145427212884,1.0,1.0,1.0,1.0,0.13102221105417267,0.10062528113754408,"{""all"": {""1392"": 70000.0, ""1393"": 75000.0, ""1394"": 80000.0, ""1395"": 90000.0, ""1396"": 100000.0, ""1397"": 130000.0, ""1398"": 170000.0, ""1399"": 280000.0, ""1400"": 450000.0, ""1401"": 750000.0, ""1402"": 1000000.0, ""1403"": 1400000.0}, ""panelB"": {""1392"": 65000.0, ""1393"": 70000.0, ""1394"": 80000.0, ""1395"": 90000.0, ""1396"": 100000.0, ""1397"": 125000.0, ""1398"": 160000.0, ""1399"": 260000.0, ""1400"": 400000.0, ""1401"": 700000.0, ""1402"": 1000000.0, ""1403"": 1400000.0}}",0,0,0,0,0,,"Rates are annual sample-denominator summaries over years_present; no code is excluded. unit_value_instability_flag means p90/p10 > 10 in at least half of supported years; it can reflect quality/geographic dispersion, not a proven unit mismatch. unit_problem_flag also uses Price_Source heterogeneity as a review trigger, not proof of incompatible units."
11224,گوشت دام,1392;1393;1394;1395;1396;1397;1398;1399;1400;1401;1402;1403,0.0004924233029583251,0.0003608805485384,0.000768892794376,0.0005681573540401417,0.0002985520226899,0.000837801608579,2.537059709067264e-05,2.513096040714412e-05,1.0,1.0,1.0,1.0,0.0006318767382701082,0.00034856020460797497,"{""all"": {""1392"": 77500.0, ""1393"": 110000.0, ""1394"": 80000.0, ""1395"": 172222.0, ""1396"": 110000.0, ""1397"": 250000.0, ""1398"": 350000.0, ""1399"": 475000.0, ""1400"": 540000.0, ""1401"": 950000.0, ""1402"": 1000000.0, ""1403"": 1600000.0}, ""panelB"": {""1392"": 27500.0, ""1393"": 56000.0, ""1394"": 75061.0, ""1395"": 194444.0, ""1396"": 100000.0, ""1397"": 140000.0, ""1398"": 450000.0, ""1399"": 435000.0, ""1400"": 680000.0, ""1401"": 1200000.0, ""1402"": 1100000.0, ""1403"": 1600000.0}}",0,1,1,0,0,,"Rates are annual sample-denominator summaries over years_present; no code is excluded. unit_value_instability_flag means p90/p10 > 10 in at least half of supported years; it can reflect quality/geographic dispersion, not a proven unit mismatch. unit_problem_flag also uses Price_Source heterogeneity as a review trigger, not proof of incompatible units."
11231,گوشت پرندگان,1392;1393;1394;1395;1396;1397;1398;1399;1400;1401;1402;1403,0.7869359572052036,0.7518893334379331,0.8179553913749196,0.7857372218766887,0.7429467084639498,0.8188918270709058,0.07017423345116942,0.07120585240677245,1.0,1.0,1.0,1.0,0.8161998167850423,0.7575137158472978,"{""all"": {""1392"": 64000.0, ""1393"": 68000.0, ""1394"": 64000.0, ""1395"": 70000.0, ""1396"": 75000.0, ""1397"": 100000.0, ""1398"": 130000.0, ""1399"": 190000.0, ""1400"": 300000.0, ""1401"": 580000.0, ""1402"": 820000.0, ""1403"": 870000.0}, ""panelB"": {""1392"": 65000.0, ""1393"": 68000.0, ""1394"": 64000.0, ""1395"": 70000.0, ""1396"": 75000.0, ""1397"": 100000.0, ""1398"": 130000.0, ""1399"": 190000.0, ""1400"": 300000.0, ""1401"": 580000.0, ""1402"": 820000.0, ""1403"": 870000.0}}",0,0,0,0,0,,"Rates are annual sample-denominator summaries over years_present; no code is excluded. unit_value_instability_flag means p90/p10 > 10 in at least half of supported years; it can reflect quality/geographic dispersion, not a proven unit mismatch. unit_problem_flag also uses Price_Source heterogeneity as a review trigger, not proof of incompatible units."
11232,گوشت پرندگان,1392;1393;1394;1395;1396;1397;1398;1399;1400;1401;1402;1403,0.0032358150726155333,0.0021919480591548,0.0043811002661934,0.004036501780846466,0.0020420226771992,0.0065213340786286,0.0002793344598104,0.0003509512701662166,1.0,1.0,1.0,1.0,0.0017608098600433917,0.004728059156379025,"{""all"": {""1392"": 70000.0, ""1393"": 60000.0, ""1394"": 70000.0, ""1395"": 72000.0, ""1396"": 85000.0, ""1397"": 110000.0, ""1398"": 160000.0, ""1399"": 230000.0, ""1400"": 500000.0, ""1401"": 800000.0, ""1402"": 1000000.0, ""1403"": 1500000.0}, ""panelB"": {""1392"": 80000.0, ""1393"": 63500.0, ""1394"": 70000.0, ""1395"": 75000.0, ""1396"": 86000.0, ""1397"": 140000.0, ""1398"": 190000.0, ""1399"": 227500.0, ""1400"": 550000.0, ""1401"": 900000.0, ""1402"": 1150000.0, ""1403"": 1500000.0}}",0,1,0,0,0,,"Rates are annual sample-denominator summaries over years_present; no code is excluded. unit_value_instability_flag means p90/p10 > 10 in at least half of supported years; it can reflect quality/geographic dispersion, not a proven unit mismatch. unit_problem_flag also uses Price_Source heterogeneity as a review trigger, not proof of incompatible units."
11233,گوشت پرندگان,1392;1393;1394;1395;1396;1397;1398;1399;1400;1401;1402;1403,0.007863491835235534,0.004550090217306,0.0112313268892794,0.0071077779740910075,0.0035826242722794,0.0100159076179815,0.0007228478677201999,0.0006472436147487085,1.0,1.0,1.0,1.0,0.010184642588485575,0.0055093758466315335,"{""all"": {""1392"": 88500.0, ""1393"": 110000.0, ""1394"": 130000.0, ""1395"": 144166.5, ""1396"": 140000.0, ""1397"": 180000.0, ""1398"": 280000.0, ""1399"": 350000.0, ""1400"": 520000.0, ""1401"": 865000.0, ""1402"": 1750000.0, ""1403"": 1800000.0}, ""panelB"": {""1392"": 74000.0, ""1393"": 110000.0, ""1394"": 130000.0, ""1395"": 140000.0, ""1396"": 150000.0, ""1397"": 179000.0, ""1398"": 255000.0, ""1399"": 320000.0, ""1400"": 535000.0, ""1401"": 850000.0, ""1402"": 1700000.0, ""1403"": 1800000.0}}",0,1,0,0,0,,"Rates are annual sample-denominator summaries over years_present; no code is excluded. unit_value_instability_flag means p90/p10 > 10 in at least half of supported years; it can reflect quality/geographic dispersion, not a proven unit mismatch. unit_problem_flag also uses Price_Source heterogeneity as a review trigger, not proof of incompatible units."
11234,گوشت پرندگان,1392;1393;1394;1395;1396;1397;1398;1399;1400;1401;1402;1403,0.10909259388880164,0.0763392366076339,0.1293028230459624,0.12807184896903953,0.0899880435466616,0.1523123324396783,0.013211820607549793,0.015466125307842535,1.0,1.0,1.0,1.0,0.08319028849402407,0.13509940677664958,"{""all"": {""1392"": 53000.0, ""1393"": 55000.0, ""1394"": 52000.0, ""1395"": 57000.0, ""1396"": 60000.0, ""1397"": 80000.0, ""1398"": 110000.0, ""1399"": 160000.0, ""1400"": 280000.0, ""1401"": 500000.0, ""1402"": 770000.0, ""1403"": 780000.0}, ""panelB"": {""1392"": 53000.0, ""1393"": 55000.0, ""1394"": 52000.0, ""1395"": 57000.0, ""1396"": 60000.0, ""1397"": 84000.0, ""1398"": 110000.0, ""1399"": 160000.0, ""1400"": 280000.0, ""1401"": 500000.0, ""1402"": 780000.0, ""1403"": 800000.0}}",0,0,0,0,0,,"Rates are annual sample-denominator summaries over years_present; no code is excluded. unit_value_instability_flag means p90/p10 > 10 in at least half of supported years; it can reflect quality/geographic dispersion, not a proven unit mismatch. unit_problem_flag also uses Price_Source heterogeneity as a review trigger, not proof of incompatible units."
11235,گوشت پرندگان,1392;1393;1394;1395;1396;1397;1398;1399;1400;1401;1402;1403,0.0006443524588696584,0.0001924980750192,0.0010721476948824,0.0006274687711238666,0.0001863238308179,0.0012799726939158,5.35196170210941e-05,5.301470161394782e-05,1.0,1.0,1.0,1.0,0.000598220618216425,0.0006906996087974334,"{""all"": {""1392"": 52500.0, ""1393"": 55500.0, ""1394"": 53000.0, ""1395"": 60000.0, ""1396"": 59166.5, ""1397"": 87500.0, ""1398"": 102500.0, ""1399"": 160000.0, ""1400"": 350000.0, ""1401"": 900000.0, ""1402"": 750000.0, ""1403"": 800000.0}, ""panelB"": {""1392"": 52250.0, ""1393"": 56000.0, ""1394"": 53500.0, ""1395"": 58000.0, ""1396"": 60000.0, ""1397"": 85000.0, ""1398"": 100000.0, ""1399"": 140000.0, ""1400"": 330000.0, ""1401"": 525000.0, ""1402"": 750000.0, ""1403"": 500000.0}}",0,1,1,0,0,,"Rates are annual sample-denominator summaries over years_present; no code is excluded. unit_value_instability_flag means p90/p10 > 10 in at least half of supported years; it can reflect quality/geographic dispersion, not a proven unit mismatch. unit_problem_flag also uses Price_Source heterogeneity as a review trigger, not proof of incompatible units."
11236,گوشت پرندگان,1392;1393;1394;1395;1396;1397;1398;1399;1400;1401;1402;1403,0.06186571127292592,0.0369321306786932,0.0938825630721143,0.06241271004703138,0.036876219243597,0.0943982531284118,0.0009842951191908831,0.0010062451663666082,1.0,1.0,1.0,1.0,0.06165972620573751,0.06202678475145255,"{""all"": {""1392"": 42000.0, ""1393"": 50000.0, ""1394"": 50000.0, ""1395"": 50000.0, ""1396"": 52000.0, ""1397"": 70000.0, ""1398"": 100000.0, ""1399"": 140000.0, ""1400"": 200000.0, ""1401"": 350000.0, ""1402"": 600000.0, ""1403"": 750000.0}, ""panelB"": {""1392"": 42000.0, ""1393"": 50000.0, ""1394"": 50000.0, ""1395"": 50000.0, ""1396"": 50000.0, ""1397"": 70000.0, ""1398"": 100000.0, ""1399"": 132500.0, ""1400"": 200000.0, ""1401"": 350000.0, ""1402"": 600000.0, ""1403"": 700000.0}}",0,0,0,0,0,,"Rates are annual sample-denominator summaries over years_present; no code is excluded. unit_value_instability_flag means p90/p10 > 10 in at least half of supported years; it can reflect quality/geographic dispersion, not a proven unit mismatch. unit_problem_flag also uses Price_Source heterogeneity as a review trigger, not proof of incompatible units."
11237,گوشت پرندگان,1392;1393;1394;1395;1396;1397;1398;1399;1400;1401;1402;1403,0.02055614529842514,0.0113260972156677,0.0298894842598794,0.017064176934914,0.0094393052671323,0.0245233896027546,0.0004317210832873834,0.00036186751824882497,1.0,1.0,1.0,1.0,0.021408595519282342,0.01967897167781697,"{""all"": {""1392"": 35000.0, ""1393"": 35000.0, ""1394"": 40000.0, ""1395"": 50000.0, ""1396"": 60000.0, ""1397"": 85000.0, ""1398"": 100000.0, ""1399"": 125000.0, ""1400"": 210000.0, ""1401"": 350000.0, ""1402"": 600000.0, ""1403"": 700000.0}, ""panelB"": {""1392"": 33250.0, ""1393"": 35000.0, ""1394"": 40000.0, ""1395"": 50000.0, ""1396"": 50000.0, ""1397"": 80000.0, ""1398"": 100000.0, ""1399"": 125000.0, ""1400"": 200000.0, ""1401"": 345000.0, ""1402"": 600000.0, ""1403"": 620000.0}}",0,1,0,0,0,,"Rates are annual sample-denominator summaries over years_present; no code is excluded. unit_value_instability_flag means p90/p10 > 10 in at least half of supported years; it can reflect quality/geographic dispersion, not a proven unit mismatch. unit_problem_flag also uses Price_Source heterogeneity as a review trigger, not proof of incompatible units."
11238,گوشت پرندگان,1392;1393;1394;1395;1396;1397;1398;1399;1400;1401;1402;1403,0.0002589737625572294,5.597067136820306e-05,0.0004991126885536,0.00019833260793535685,0.0,0.0003761620721156,2.0020099985090355e-05,1.935217138442649e-05,1.0,1.0,1.0,1.0,0.00027703917629844305,0.0002423113767248583,"{""all"": {""1392"": 50000.0, ""1393"": 100000.0, ""1394"": 100000.0, ""1395"": 100000.0, ""1396"": 100000.0, ""1397"": 96000.0, ""1398"": 120000.0, ""1399"": 400000.0, ""1400"": 550000.0, ""1401"": 280000.0, ""1402"": 750000.0, ""1403"": 610000.0}, ""panelB"": {""1392"": 32000.0, ""1393"": 67500.0, ""1394"": 100000.0, ""1395"": 100000.0, ""1396"": 100000.0, ""1397"": 90000.0, ""1399"": 400000.0, ""1400"": 500000.0, ""1401"": 280000.0, ""1402"": 450000.0}}",0,1,1,0,0,,"Rates are annual sample-denominator summaries over years_present; no code is excluded. unit_value_instability_flag means p90/p10 > 10 in at least half of supported years; it can reflect quality/geographic dispersion, not a proven unit mismatch. unit_problem_flag also uses Price_Source heterogeneity as a review trigger, not proof of incompatible units."
11239,گوشت پرندگان,1392;1393;1394;1395;1396;1397;1398;1399;1400;1401;1402;1403,0.000198087321140537,7.844983133286264e-05,0.000356985940246,0.00022139110496037704,5.373743887366328e-05,0.0004304778303917,1.091269373447655e-05,9.941051236773544e-06,1.0,1.0,1.0,1.0,0.0002228662288878083,0.0001706102008225119,"{""all"": {""1392"": 40000.0, ""1393"": 80000.0, ""1394"": 60000.0, ""1395"": 50000.0, ""1396"": 75000.0, ""1397"": 89000.0, ""1398"": 105000.0, ""1399"": 240000.0, ""1400"": 210000.0, ""1401"": 430000.0, ""1402"": 587500.0, ""1403"": 850000.0}, ""panelB"": {""1392"": 70000.0, ""1393"": 111500.0, ""1394"": 150000.0, ""1395"": 60000.0, ""1396"": 52500.0, ""1397"": 89000.0, ""1398"": 102500.0, ""1399"": 400000.0, ""1400"": 220000.0, ""1401"": 430000.0, ""1402"": 450000.0, ""1403"": 400000.0}}",0,1,1,0,0,,"Rates are annual sample-denominator summaries over years_present; no code is excluded. unit_value_instability_flag means p90/p10 > 10 in at least half of supported years; it can reflect quality/geographic dispersion, not a proven unit mismatch. unit_problem_flag also uses Price_Source heterogeneity as a review trigger, not proof of incompatible units."
11241,گوشت آماده برای طبخ,1392;1393;1394;1395;1396;1397;1398;1399;1400;1401;1402;1403,0.047577707213646785,0.0331173110720562,0.0729321931957846,0.05375903779653072,0.0378830784720911,0.0752351097178683,0.0010457985001996334,0.0011737660291408667,1.0,1.0,1.0,1.0,0.054806671971075256,0.040265406511789455,"{""all"": {""1392"": 58000.0, ""1393"": 70000.0, ""1394"": 70000.0, ""1395"": 70000.0, ""1396"": 80000.0, ""1397"": 130000.0, ""1398"": 180000.0, ""1399"": 300000.0, ""1400"": 460000.0, ""1401"": 700000.0, ""1402"": 1000000.0, ""1403"": 1400000.0}, ""panelB"": {""1392"": 50000.0, ""1393"": 60000.0, ""1394"": 60000.0, ""1395"": 60000.0, ""1396"": 62370.0, ""1397"": 100000.0, ""1398"": 180000.0, ""1399"": 250000.0, ""1400"": 440000.0, ""1401"": 650000.0, ""1402"": 980000.0, ""1403"": 1400000.0}}",0,1,0,0,0,,"Rates are annual sample-denominator summaries over years_present; no code is excluded. unit_value_instability_flag means p90/p10 > 10 in at least half of supported years; it can reflect quality/geographic dispersion, not a proven unit mismatch. unit_problem_flag also uses Price_Source heterogeneity as a review trigger, not proof of incompatible units."
11244,گوشت آماده برای طبخ,1392;1393;1394;1395;1396;1397;1398;1399;1400;1401;1402;1403,0.0021808325690082916,0.0013047219831774,0.0033210428597578,0.0016953592325911085,0.0009386466422049,0.0026874947509868,9.023762458377566e-05,6.745829821310222e-05,1.0,1.0,1.0,1.0,0.0035892396553660337,0.0007701374248804501,"{""all"": {""1392"": 90000.0, ""1393"": 115000.0, ""1394"": 120000.0, ""1395"": 140000.0, ""1396"": 130000.0, ""1397"": 160000.0, ""1398"": 205000.0, ""1399"": 305555.5, ""1400"": 490000.0, ""1401"": 950000.0, ""1402"": 1600000.0, ""1403"": 1800000.0}, ""panelB"": {""1392"": 72666.5, ""1393"": 120000.0, ""1394"": 126000.0, ""1395"": 150000.0, ""1396"": 180000.0, ""1397"": 135000.0, ""1398"": 250000.0, ""1399"": 300000.0, ""1400"": 455000.0, ""1401"": 975000.0, ""1402"": 1500000.0, ""1403"": 1725000.0}}",0,1,0,0,0,,"Rates are annual sample-denominator summaries over years_present; no code is excluded. unit_value_instability_flag means p90/p10 > 10 in at least half of supported years; it can reflect quality/geographic dispersion, not a proven unit mismatch. unit_problem_flag also uses Price_Source heterogeneity as a review trigger, not proof of incompatible units."
11247,گوشت آماده برای طبخ,1392;1393;1394;1395;1396;1397;1398;1399;1400;1401;1402;1403,0.0004946814803446249,0.0001109847118559,0.0013324820253726,0.0003894937436679532,0.0,0.0011305822498586,1.5999229795566524e-05,1.0183178489464298e-05,1.0,1.0,1.0,1.0,0.0008062333025472083,0.00017342588024618597,"{""all"": {""1392"": 100000.0, ""1393"": 90000.0, ""1394"": 175000.0, ""1395"": 260000.0, ""1396"": 240000.0, ""1397"": 120000.0, ""1398"": 195000.0, ""1399"": 240000.0, ""1400"": 300000.0, ""1401"": 600000.0, ""1402"": 980000.0, ""1403"": 1400000.0}, ""panelB"": {""1393"": 240000.0, ""1394"": 280000.0, ""1395"": 260000.0, ""1396"": 160000.0, ""1397"": 150000.0, ""1398"": 250000.0, ""1399"": 200000.0, ""1400"": 240000.0, ""1401"": 450000.0, ""1402"": 1200000.0, ""1403"": 1500000.0}}",0,1,1,0,0,,"Rates are annual sample-denominator summaries over years_present; no code is excluded. unit_value_instability_flag means p90/p10 > 10 in at least half of supported years; it can reflect quality/geographic dispersion, not a proven unit mismatch. unit_problem_flag also uses Price_Source heterogeneity as a review trigger, not proof of incompatible units."
11311,ماهی، میگو و فرآورده\u200cهای آن\u200cها,1392;1393;1394;1395;1396;1397;1398;1399;1400;1401;1402;1403,0.0782502777695915,0.0426496515825707,0.1117397055926144,0.07082596517699766,0.0346562325321408,0.103000447828034,0.006065402459814649,0.005414056597964858,1.0,1.0,1.0,1.0,0.09865887341493547,0.05782140520296682,"{""all"": {""1392"": 100000.0, ""1393"": 120000.0, ""1394"": 145000.0, ""1395"": 150000.0, ""1396"": 140000.0, ""1397"": 180000.0, ""1398"": 300000.0, ""1399"": 370000.0, ""1400"": 600000.0, ""1401"": 900000.0, ""1402"": 1680000.0, ""1403"": 2000000.0}, ""panelB"": {""1392"": 100000.0, ""1393"": 120000.0, ""1394"": 140000.0, ""1395"": 140000.0, ""1396"": 140000.0, ""1397"": 170000.0, ""1398"": 300000.0, ""1399"": 350000.0, ""1400"": 600000.0, ""1401"": 900000.0, ""1402"": 1600000.0, ""1403"": 2000000.0}}",0,0,0,0,0,,"Rates are annual sample-denominator summaries over years_present; no code is excluded. unit_value_instability_flag means p90/p10 > 10 in at least half of supported years; it can reflect quality/geographic dispersion, not a proven unit mismatch. unit_problem_flag also uses Price_Source heterogeneity as a review trigger, not proof of incompatible units."
11312,ماهی، میگو و فرآورده\u200cهای آن\u200cها,1392;1393;1394;1395;1396;1397;1398;1399;1400;1401;1402;1403,0.003482253703131766,0.0011753840987322,0.0069520673252835,0.002988556174869083,0.0007452953232718,0.0059017531678528,0.000255756573325975,0.0002257225885366745,1.0,1.0,1.0,1.0,0.0046875968136178585,0.0022882680172028338,"{""all"": {""1392"": 100000.0, ""1393"": 120000.0, ""1394"": 150000.0, ""1395"": 165000.0, ""1396"": 170000.0, ""1397"": 200000.0, ""1398"": 310000.0, ""1399"": 445000.0, ""1400"": 700000.0, ""1401"": 900000.0, ""1402"": 1500000.0, ""1403"": 2000000.0}, ""panelB"": {""1392"": 100000.0, ""1393"": 125000.0, ""1394"": 160000.0, ""1395"": 180000.0, ""1396"": 180000.0, ""1397"": 160000.0, ""1398"": 300000.0, ""1399"": 400000.0, ""1400"": 535000.0, ""1401"": 800000.0, ""1402"": 1550000.0, ""1403"": 1950000.0}}",0,1,0,0,0,,"Rates are annual sample-denominator summaries over years_present; no code is excluded. unit_value_instability_flag means p90/p10 > 10 in at least half of supported years; it can reflect quality/geographic dispersion, not a proven unit mismatch. unit_problem_flag also uses Price_Source heterogeneity as a review trigger, not proof of incompatible units."
11313,ماهی، میگو و فرآورده\u200cهای آن\u200cها,1392;1393;1394;1395;1396;1397;1398;1399;1400;1401;1402;1403,0.09227844672834823,0.0683918160818391,0.1175377860339441,0.0882826552113312,0.0660122081681454,0.113869119944454,0.009421875432856502,0.008769874989642547,1.0,1.0,1.0,1.0,0.10027223534805747,0.08430857743775257,"{""all"": {""1392"": 90000.0, ""1393"": 100000.0, ""1394"": 100000.0, ""1395"": 100000.0, ""1396"": 100000.0, ""1397"": 150000.0, ""1398"": 250000.0, ""1399"": 350000.0, ""1400"": 500000.0, ""1401"": 900000.0, ""1402"": 1350000.0, ""1403"": 1800000.0}, ""panelB"": {""1392"": 90000.0, ""1393"": 100000.0, ""1394"": 90000.0, ""1395"": 100000.0, ""1396"": 100000.0, ""1397"": 150000.0, ""1398"": 250000.0, ""1399"": 350000.0, ""1400"": 530000.0, ""1401"": 900000.0, ""1402"": 1400000.0, ""1403"": 1800000.0}}",0,0,0,0,0,,"Rates are annual sample-denominator summaries over years_present; no code is excluded. unit_value_instability_flag means p90/p10 > 10 in at least half of supported years; it can reflect quality/geographic dispersion, not a proven unit mismatch. unit_problem_flag also uses Price_Source heterogeneity as a review trigger, not proof of incompatible units."
11314,ماهی، میگو و فرآورده\u200cهای آن\u200cها,1392;1393;1394;1395;1396;1397;1398;1399;1400;1401;1402;1403,0.015359934689066086,0.0057369938152408,0.02662424648359,0.017589083476392316,0.0070803055710825,0.0286609941782355,0.001189516949098725,0.0014366840535008833,1.0,1.0,1.0,1.0,0.01984883796318512,0.010919024023563267,"{""all"": {""1392"": 90000.0, ""1393"": 120000.0, ""1394"": 150000.0, ""1395"": 160000.0, ""1396"": 180000.0, ""1397"": 200000.0, ""1398"": 350000.0, ""1399"": 400000.0, ""1400"": 650000.0, ""1401"": 900000.0, ""1402"": 1400000.0, ""1403"": 2000000.0}, ""panelB"": {""1392"": 90000.0, ""1393"": 120000.0, ""1394"": 150000.0, ""1395"": 150000.0, ""1396"": 200000.0, ""1397"": 220000.0, ""1398"": 300000.0, ""1399"": 400000.0, ""1400"": 650000.0, ""1401"": 900000.0, ""1402"": 1400000.0, ""1403"": 2400000.0}}",0,1,0,0,0,,"Rates are annual sample-denominator summaries over years_present; no code is excluded. unit_value_instability_flag means p90/p10 > 10 in at least half of supported years; it can reflect quality/geographic dispersion, not a proven unit mismatch. unit_problem_flag also uses Price_Source heterogeneity as a review trigger, not proof of incompatible units."
11315,ماهی، میگو و فرآورده\u200cهای آن\u200cها,1392;1393;1394;1395;1396;1397;1398;1399;1400;1401;1402;1403,0.0026470868506629584,0.0010271215612247,0.0062498365628513,0.002697475957318,0.0006595063124175,0.0077623525899387,0.00011700389146715613,0.00011374349161560428,1.0,1.0,1.0,1.0,0.0028234548806390166,0.0024687524825191005,"{""all"": {""1392"": 100000.0, ""1393"": 150000.0, ""1394"": 180000.0, ""1395"": 180000.0, ""1396"": 178200.0, ""1397"": 250000.0, ""1398"": 500000.0, ""1399"": 650000.0, ""1400"": 1000000.0, ""1401"": 1500000.0, ""1402"": 2800000.0, ""1403"": 3100000.0}, ""panelB"": {""1392"": 82500.0, ""1393"": 150000.0, ""1394"": 160000.0, ""1395"": 180000.0, ""1396"": 160000.0, ""1397"": 275000.0, ""1398"": 550000.0, ""1399"": 510000.0, ""1400"": 800000.0, ""1401"": 1500000.0, ""1402"": 2500000.0, ""1403"": 2000000.0}}",0,1,0,0,0,,"Rates are annual sample-denominator summaries over years_present; no code is excluded. unit_value_instability_flag means p90/p10 > 10 in at least half of supported years; it can reflect quality/geographic dispersion, not a proven unit mismatch. unit_problem_flag also uses Price_Source heterogeneity as a review trigger, not proof of incompatible units."
11316,ماهی، میگو و فرآورده\u200cهای آن\u200cها,1392;1393;1394;1395;1396;1397;1398;1399;1400;1401;1402;1403,0.11974997663805016,0.0869784233061875,0.16029159278336,0.1078680062943131,0.0734115893422768,0.1534455823641728,0.0037175905885645337,0.003334128400535017,1.0,1.0,1.0,1.0,0.13337413721310595,0.10599181686055024,"{""all"": {""1392"": 250000.0, ""1393"": 250000.0, ""1394"": 250000.0, ""1395"": 250000.0, ""1396"": 250000.0, ""1397"": 333000.0, ""1398"": 600000.0, ""1399"": 850000.0, ""1400"": 1389000.0, ""1401"": 1800000.0, ""1402"": 3500000.0, ""1403"": 4444444.0}, ""panelB"": {""1392"": 250000.0, ""1393"": 260000.0, ""1394"": 250000.0, ""1395"": 250000.0, ""1396"": 250000.0, ""1397"": 320000.0, ""1398"": 600000.0, ""1399"": 834000.0, ""1400"": 1388889.0, ""1401"": 1777778.0, ""1402"": 3500000.0, ""1403"": 4340000.0}}",0,0,0,0,0,,"Rates are annual sample-denominator summaries over years_present; no code is excluded. unit_value_instability_flag means p90/p10 > 10 in at least half of supported years; it can reflect quality/geographic dispersion, not a proven unit mismatch. unit_problem_flag also uses Price_Source heterogeneity as a review trigger, not proof of incompatible units."
11317,ماهی، میگو و فرآورده\u200cهای آن\u200cها,1392;1393;1394;1395;1396;1397;1398;1399;1400;1401;1402;1403,0.00826815001920231,0.0063581291273263,0.0157336260519575,0.006441220756463782,0.0038538873994638,0.0109356014580801,0.0009990926839891334,0.0007277741975370834,1.0,1.0,1.0,1.0,0.01102448527798615,0.00550179676835345,"{""all"": {""1392"": 130000.0, ""1393"": 150000.0, ""1394"": 160000.0, ""1395"": 165000.0, ""1396"": 150000.0, ""1397"": 250000.0, ""1398"": 300000.0, ""1399"": 400000.0, ""1400"": 900000.0, ""1401"": 1200000.0, ""1402"": 1800000.0, ""1403"": 2300000.0}, ""panelB"": {""1392"": 120000.0, ""1393"": 150000.0, ""1394"": 150000.0, ""1395"": 175000.0, ""1396"": 150000.0, ""1397"": 250000.0, ""1398"": 260000.0, ""1399"": 380000.0, ""1400"": 962500.0, ""1401"": 1200000.0, ""1402"": 1800000.0, ""1403"": 2250000.0}}",0,1,0,0,0,,"Rates are annual sample-denominator summaries over years_present; no code is excluded. unit_value_instability_flag means p90/p10 > 10 in at least half of supported years; it can reflect quality/geographic dispersion, not a proven unit mismatch. unit_problem_flag also uses Price_Source heterogeneity as a review trigger, not proof of incompatible units."
11318,ماهی، میگو و فرآورده\u200cهای آن\u200cها,1392;1393;1394;1395;1396;1397;1398;1399;1400;1401;1402;1403,0.000828248830573575,0.000545762156852,0.0014073010779926,0.0007197827462783416,0.0001258574035617,0.0015622287797257,7.826334348255926e-05,6.121210037351401e-05,1.0,1.0,1.0,1.0,0.0012512415678513334,0.00041042235469609267,"{""all"": {""1392"": 150000.0, ""1393"": 200000.0, ""1394"": 225000.0, ""1395"": 300000.0, ""1396"": 265000.0, ""1397"": 400000.0, ""1398"": 400000.0, ""1399"": 600000.0, ""1400"": 1325000.0, ""1401"": 1450000.0, ""1402"": 1900000.0, ""1403"": 2500000.0}, ""panelB"": {""1392"": 250000.0, ""1393"": 235000.0, ""1394"": 200000.0, ""1395"": 294000.0, ""1396"": 300000.0, ""1397"": 355000.0, ""1398"": 300000.0, ""1399"": 400000.0, ""1400"": 1000000.0, ""1401"": 1100000.0, ""1402"": 2500000.0, ""1403"": 2550000.0}}",0,1,1,0,0,,"Rates are annual sample-denominator summaries over years_present; no code is excluded. unit_value_instability_flag means p90/p10 > 10 in at least half of supported years; it can reflect quality/geographic dispersion, not a proven unit mismatch. unit_problem_flag also uses Price_Source heterogeneity as a review trigger, not proof of incompatible units."
11319,ماهی، میگو و فرآورده\u200cهای آن\u200cها,1392;1393;1394;1395;1396;1397;1398;1399;1400;1401,0.00012855008957200637,2.749972500274997e-05,0.0001970221509189,0.00014860944078768048,0.0,0.0003413260517108,1.621237252376411e-05,1.0160311617361385e-05,1.0,1.0,1.0,1.0,0.0001932187656692003,6.506562472522133e-05,"{""all"": {""1392"": 300000.0, ""1393"": 180000.0, ""1394"": 245000.0, ""1395"": 200000.0, ""1396"": 202000.0, ""1397"": 970000.0, ""1398"": 450000.0, ""1399"": 5750000.0, ""1400"": 1500000.0, ""1401"": 2000000.0}, ""panelB"": {""1392"": 70000.0, ""1393"": 180000.0, ""1394"": 220000.0, ""1395"": 200000.0, ""1396"": 150000.0, ""1397"": 940000.0, ""1398"": 350000.0, ""1400"": 2500000.0}}",0,1,1,0,0,,"Rates are annual sample-denominator summaries over years_present; no code is excluded. unit_value_instability_flag means p90/p10 > 10 in at least half of supported years; it can reflect quality/geographic dispersion, not a proven unit mismatch. unit_problem_flag also uses Price_Source heterogeneity as a review trigger, not proof of incompatible units."
11321,ماهی، میگو و فرآورده\u200cهای آن\u200cها,1392;1393;1394;1395;1396;1397;1398;1399;1400;1401;1402;1403,0.011139505002045408,0.0039224915666431,0.0153114357285597,0.012833873676476476,0.0031347962382445,0.0204956213899757,0.0008820317417820583,0.0010090170830335166,1.0,1.0,1.0,1.0,0.015327164719382107,0.006825737763384615,"{""all"": {""1392"": 100000.0, ""1393"": 150000.0, ""1394"": 150000.0, ""1395"": 160000.0, ""1396"": 150000.0, ""1397"": 200000.0, ""1398"": 300000.0, ""1399"": 350000.0, ""1400"": 650000.0, ""1401"": 900000.0, ""1402"": 1500000.0, ""1403"": 1800000.0}, ""panelB"": {""1392"": 110000.0, ""1393"": 140000.0, ""1394"": 150000.0, ""1395"": 150000.0, ""1396"": 140000.0, ""1397"": 185000.0, ""1398"": 300000.0, ""1399"": 340000.0, ""1400"": 600000.0, ""1401"": 850000.0, ""1402"": 1500000.0, ""1403"": 1800000.0}}",0,1,0,0,0,,"Rates are annual sample-denominator summaries over years_present; no code is excluded. unit_value_instability_flag means p90/p10 > 10 in at least half of supported years; it can reflect quality/geographic dispersion, not a proven unit mismatch. unit_problem_flag also uses Price_Source heterogeneity as a review trigger, not proof of incompatible units."
11411,شیر,1392;1393;1394;1395;1396;1397;1398;1399;1400;1401;1402;1403,0.2722628923588347,0.1748243920185822,0.3635103684527078,0.23524903339067468,0.1581889323644494,0.3178086281534557,0.008028065864590227,0.006296555640571516,1.0,1.0,1.0,1.0,0.39043370397756183,0.15387947665107973,"{""all"": {""1392"": 15000.0, ""1393"": 20000.0, ""1394"": 22000.0, ""1395"": 25000.0, ""1396"": 25000.0, ""1397"": 30000.0, ""1398"": 50000.0, ""1399"": 70000.0, ""1400"": 115000.0, ""1401"": 200000.0, ""1402"": 270000.0, ""1403"": 320000.0}, ""panelB"": {""1392"": 15000.0, ""1393"": 20000.0, ""1394"": 20000.0, ""1395"": 24000.0, ""1396"": 25000.0, ""1397"": 30000.0, ""1398"": 50000.0, ""1399"": 70000.0, ""1400"": 100000.0, ""1401"": 190000.0, ""1402"": 280000.0, ""1403"": 320000.0}}",0,0,0,0,0,,"Rates are annual sample-denominator summaries over years_present; no code is excluded. unit_value_instability_flag means p90/p10 > 10 in at least half of supported years; it can reflect quality/geographic dispersion, not a proven unit mismatch. unit_problem_flag also uses Price_Source heterogeneity as a review trigger, not proof of incompatible units."
11412,شیر,1392;1393;1394;1395;1396;1397;1398;1399;1400;1401;1402;1403,0.3787476234745917,0.284380638581627,0.4426676854226928,0.39520176222373765,0.3057172712345126,0.4577209273722403,0.01956337823021745,0.021890064549342735,1.0,1.0,1.0,1.0,0.35693545487792205,0.400100934785979,"{""all"": {""1392"": 13000.0, ""1393"": 15000.0, ""1394"": 15000.0, ""1395"": 15000.0, ""1396"": 15000.0, ""1397"": 20000.0, ""1398"": 30000.0, ""1399"": 40000.0, ""1400"": 70000.0, ""1401"": 150000.0, ""1402"": 180000.0, ""1403"": 200000.0}, ""panelB"": {""1392"": 13000.0, ""1393"": 15000.0, ""1394"": 15000.0, ""1395"": 15000.0, ""1396"": 15000.0, ""1397"": 20000.0, ""1398"": 30000.0, ""1399"": 40000.0, ""1400"": 70000.0, ""1401"": 150000.0, ""1402"": 180000.0, ""1403"": 200000.0}}",0,0,0,0,0,,"Rates are annual sample-denominator summaries over years_present; no code is excluded. unit_value_instability_flag means p90/p10 > 10 in at least half of supported years; it can reflect quality/geographic dispersion, not a proven unit mismatch. unit_problem_flag also uses Price_Source heterogeneity as a review trigger, not proof of incompatible units."
11413,شیر,1392;1393;1394;1395;1396;1397;1398;1399;1400;1401;1402;1403,0.012267924767309058,0.0104325629144585,0.0161095241771533,0.011288956650181634,0.0094215187488223,0.0136530420684358,0.0014351426154420165,0.00130366516627805,1.0,1.0,1.0,1.0,0.013299514243078125,0.011228013998741744,"{""all"": {""1392"": 200000.0, ""1393"": 280000.0, ""1394"": 300000.0, ""1395"": 300000.0, ""1396"": 360000.0, ""1397"": 440000.0, ""1398"": 580000.0, ""1399"": 672500.0, ""1400"": 900000.0, ""1401"": 1110000.0, ""1402"": 1500000.0, ""1403"": 2000000.0}, ""panelB"": {""1392"": 200000.0, ""1393"": 300000.0, ""1394"": 300000.0, ""1395"": 300000.0, ""1396"": 252778.0, ""1397"": 400000.0, ""1398"": 570000.0, ""1399"": 650000.0, ""1400"": 900000.0, ""1401"": 1162500.0, ""1402"": 1500000.0, ""1403"": 1975000.0}}",0,1,0,0,0,,"Rates are annual sample-denominator summaries over years_present; no code is excluded. unit_value_instability_flag means p90/p10 > 10 in at least half of supported years; it can reflect quality/geographic dispersion, not a proven unit mismatch. unit_problem_flag also uses Price_Source heterogeneity as a review trigger, not proof of incompatible units."
11414,شیر,1392;1393;1394;1395;1396;1397;1398;1399;1400;1401;1402;1403,0.0076030869733615,0.0057392355008787,0.0106320961607861,0.007156692237829933,0.0038538873994638,0.0147195826346189,0.00014561625474994187,0.00011680219591717814,1.0,1.0,1.0,1.0,0.011275341562702082,0.003892406733925225,"{""all"": {""1392"": 25000.0, ""1393"": 25000.0, ""1394"": 25000.0, ""1395"": 40000.0, ""1396"": 50000.0, ""1397"": 70000.0, ""1398"": 100000.0, ""1399"": 150000.0, ""1400"": 250000.0, ""1401"": 450000.0, ""1402"": 600000.0, ""1403"": 600000.0}, ""panelB"": {""1392"": 25000.0, ""1393"": 25000.0, ""1394"": 25000.0, ""1395"": 40000.0, ""1396"": 50000.0, ""1397"": 50000.0, ""1398"": 120000.0, ""1399"": 150000.0, ""1400"": 250000.0, ""1401"": 400000.0, ""1402"": 580000.0, ""1403"": 600000.0}}",0,1,0,0,0,,"Rates are annual sample-denominator summaries over years_present; no code is excluded. unit_value_instability_flag means p90/p10 > 10 in at least half of supported years; it can reflect quality/geographic dispersion, not a proven unit mismatch. unit_problem_flag also uses Price_Source heterogeneity as a review trigger, not proof of incompatible units."
11421,فراورده\u200cهای شیری (به جز کره),1392;1393;1394;1395;1396;1397;1398;1399;1400;1401;1402;1403,0.0109694924303095,0.0079758206699689,0.0148719513886962,0.009311632390156808,0.0063350102478106,0.0122521360631952,0.00022080512671115003,0.00018233990786876669,1.0,1.0,1.0,1.0,0.015619838273324325,0.006285540897906751,"{""all"": {""1392"": 100000.0, ""1393"": 130000.0, ""1394"": 120000.0, ""1395"": 140000.0, ""1396"": 150000.0, ""1397"": 200000.0, ""1398"": 250000.0, ""1399"": 350000.0, ""1400"": 700000.0, ""1401"": 1100000.0, ""1402"": 1600000.0, ""1403"": 2000000.0}, ""panelB"": {""1392"": 100000.0, ""1393"": 140000.0, ""1394"": 130000.0, ""1395"": 140000.0, ""1396"": 144250.0, ""1397"": 200000.0, ""1398"": 250000.0, ""1399"": 320000.0, ""1400"": 600000.0, ""1401"": 1000000.0, ""1402"": 1500000.0, ""1403"": 2000000.0}}",0,1,0,0,0,,"Rates are annual sample-denominator summaries over years_present; no code is excluded. unit_value_instability_flag means p90/p10 > 10 in at least half of supported years; it can reflect quality/geographic dispersion, not a proven unit mismatch. unit_problem_flag also uses Price_Source heterogeneity as a review trigger, not proof of incompatible units."
11422,فراورده\u200cهای شیری (به جز کره),1392;1393;1394;1395;1396;1397;1398;1399;1400;1401;1402;1403,0.1205315856465105,0.1063788463139202,0.1371555630611613,0.10576709278846312,0.0906105388864009,0.1258462072556847,0.0016823909256007917,0.0014069884893401748,1.0,1.0,1.0,1.0,0.1578223792305282,0.08281845527824896,"{""all"": {""1392"": 100000.0, ""1393"": 112500.0, ""1394"": 120000.0, ""1395"": 125000.0, ""1396"": 130000.0, ""1397"": 160000.0, ""1398"": 250000.0, ""1399"": 400000.0, ""1400"": 700000.0, ""1401"": 1100000.0, ""1402"": 1450000.0, ""1403"": 1700000.0}, ""panelB"": {""1392"": 100000.0, ""1393"": 110000.0, ""1394"": 120000.0, ""1395"": 125000.0, ""1396"": 130000.0, ""1397"": 170000.0, ""1398"": 250000.0, ""1399"": 400000.0, ""1400"": 700000.0, ""1401"": 1100000.0, ""1402"": 1420000.0, ""1403"": 1700000.0}}",0,0,0,0,0,,"Rates are annual sample-denominator summaries over years_present; no code is excluded. unit_value_instability_flag means p90/p10 > 10 in at least half of supported years; it can reflect quality/geographic dispersion, not a proven unit mismatch. unit_problem_flag also uses Price_Source heterogeneity as a review trigger, not proof of incompatible units."
11423,فراورده\u200cهای شیری (به جز کره),1392;1393;1394;1395;1396;1397;1398;1399;1400;1401;1402;1403,0.21610194938594118,0.1844377203453349,0.2429038318021565,0.21417658494624112,0.1948370077256453,0.2349195710455764,0.0038934920175703338,0.003618000392665259,0.0,0.0,0.0,0.0,0.24447201725066162,0.1873730980209448,"{""all"": {}, ""panelB"": {}}",0,0,1,0,0,2,"Rates are annual sample-denominator summaries over years_present; no code is excluded. unit_value_instability_flag means p90/p10 > 10 in at least half of supported years; it can reflect quality/geographic dispersion, not a proven unit mismatch. unit_problem_flag also uses Price_Source heterogeneity as a review trigger, not proof of incompatible units."
11424,فراورده\u200cهای شیری (به جز کره),1392;1393;1394;1395;1396;1397;1398;1399;1400;1401;1402;1403,0.42821882317346843,0.3572214277857221,0.4974612247162953,0.39424822463784376,0.3315084009816877,0.4619270245580095,0.0111097294578261,0.010027248115567091,1.0,1.0,1.0,1.0,0.5199767603521053,0.33580416251960893,"{""all"": {""1392"": 25000.0, ""1393"": 27500.0, ""1394"": 30000.0, ""1395"": 30000.0, ""1396"": 32000.0, ""1397"": 44444.0, ""1398"": 60000.0, ""1399"": 85000.0, ""1400"": 150000.0, ""1401"": 280000.0, ""1402"": 350000.0, ""1403"": 400000.0}, ""panelB"": {""1392"": 25000.0, ""1393"": 27000.0, ""1394"": 30000.0, ""1395"": 30000.0, ""1396"": 32000.0, ""1397"": 42857.0, ""1398"": 60000.0, ""1399"": 85000.0, ""1400"": 150000.0, ""1401"": 285714.0, ""1402"": 350000.0, ""1403"": 420000.0}}",0,0,0,0,0,,"Rates are annual sample-denominator summaries over years_present; no code is excluded. unit_value_instability_flag means p90/p10 > 10 in at least half of supported years; it can reflect quality/geographic dispersion, not a proven unit mismatch. unit_problem_flag also uses Price_Source heterogeneity as a review trigger, not proof of incompatible units."
11425,فراورده\u200cهای شیری (به جز کره),1392;1393;1394;1395;1396;1397;1398;1399;1400;1401;1402;1403,0.2233796328484919,0.1366073062942914,0.288864634931296,0.22176705169820102,0.1314192343604108,0.3012856344326439,0.004956800351998783,0.004851217139497216,1.0,1.0,1.0,1.0,0.23806503882601301,0.20827078504412322,"{""all"": {""1392"": 20000.0, ""1393"": 20000.0, ""1394"": 20000.0, ""1395"": 22000.0, ""1396"": 25000.0, ""1397"": 30000.0, ""1398"": 40000.0, ""1399"": 60000.0, ""1400"": 100000.0, ""1401"": 200000.0, ""1402"": 250000.0, ""1403"": 300000.0}, ""panelB"": {""1392"": 20000.0, ""1393"": 20000.0, ""1394"": 20000.0, ""1395"": 22000.0, ""1396"": 24750.0, ""1397"": 30000.0, ""1398"": 40000.0, ""1399"": 60000.0, ""1400"": 100000.0, ""1401"": 200000.0, ""1402"": 250000.0, ""1403"": 300000.0}}",0,0,0,0,0,,"Rates are annual sample-denominator summaries over years_present; no code is excluded. unit_value_instability_flag means p90/p10 > 10 in at least half of supported years; it can reflect quality/geographic dispersion, not a proven unit mismatch. unit_problem_flag also uses Price_Source heterogeneity as a review trigger, not proof of incompatible units."
11426,فراورده\u200cهای شیری (به جز کره),1392;1393;1394;1395;1396;1397;1398;1399;1400;1401;1402;1403,0.009923647691726167,0.0073974260257397,0.0132580214952537,0.008685282680373543,0.0057281721923277,0.0110464248395282,0.00019319408986754997,0.00017430353699334164,1.0,1.0,1.0,1.0,0.01304214963431267,0.006768996381323775,"{""all"": {""1392"": 50000.0, ""1393"": 50000.0, ""1394"": 70000.0, ""1395"": 70000.0, ""1396"": 60000.0, ""1397"": 70000.0, ""1398"": 110000.0, ""1399"": 150000.0, ""1400"": 240000.0, ""1401"": 450000.0, ""1402"": 600000.0, ""1403"": 640000.0}, ""panelB"": {""1392"": 50000.0, ""1393"": 50000.0, ""1394"": 65000.0, ""1395"": 65000.0, ""1396"": 60000.0, ""1397"": 62500.0, ""1398"": 120000.0, ""1399"": 150000.0, ""1400"": 250000.0, ""1401"": 450000.0, ""1402"": 625000.0, ""1403"": 600000.0}}",0,1,0,0,0,,"Rates are annual sample-denominator summaries over years_present; no code is excluded. unit_value_instability_flag means p90/p10 > 10 in at least half of supported years; it can reflect quality/geographic dispersion, not a proven unit mismatch. unit_problem_flag also uses Price_Source heterogeneity as a review trigger, not proof of incompatible units."
11427,فراورده\u200cهای شیری (به جز کره),1392;1393;1394;1395;1396;1397;1398;1399;1400;1401;1402;1403,0.0905195128766001,0.0758086870113229,0.1099383602127839,0.09868416779016098,0.0873264666368114,0.1176879014060059,0.001261018756177425,0.00136089487692245,1.0,1.0,1.0,1.0,0.10944930611430491,0.07142144477379257,"{""all"": {""1392"": 11000.0, ""1393"": 10000.0, ""1394"": 12000.0, ""1395"": 14000.0, ""1396"": 12000.0, ""1397"": 15000.0, ""1398"": 20000.0, ""1399"": 30000.0, ""1400"": 50000.0, ""1401"": 100000.0, ""1402"": 130000.0, ""1403"": 150000.0}, ""panelB"": {""1392"": 10000.0, ""1393"": 10000.0, ""1394"": 11000.0, ""1395"": 13000.0, ""1396"": 10050.0, ""1397"": 15000.0, ""1398"": 20000.0, ""1399"": 30000.0, ""1400"": 50000.0, ""1401"": 90000.0, ""1402"": 130000.0, ""1403"": 150000.0}}",0,0,0,0,0,,"Rates are annual sample-denominator summaries over years_present; no code is excluded. unit_value_instability_flag means p90/p10 > 10 in at least half of supported years; it can reflect quality/geographic dispersion, not a proven unit mismatch. unit_problem_flag also uses Price_Source heterogeneity as a review trigger, not proof of incompatible units."
11428,فراورده\u200cهای شیری (به جز کره),1392;1393;1394;1395;1396;1397;1398;1399;1400;1401;1402;1403,0.6224462662388932,0.5815916840831592,0.6590228482697427,0.6320884943022768,0.6045560380089359,0.6594304388422035,0.015478008628219868,0.015673144423567074,1.0,1.0,1.0,1.0,0.6733953651281918,0.5708549322940093,"{""all"": {""1392"": 85000.0, ""1393"": 97000.0, ""1394"": 100000.0, ""1395"": 100000.0, ""1396"": 100000.0, ""1397"": 140000.0, ""1398"": 180000.0, ""1399"": 250000.0, ""1400"": 420000.0, ""1401"": 900000.0, ""1402"": 1000000.0, ""1403"": 1250000.0}, ""panelB"": {""1392"": 85000.0, ""1393"": 90000.0, ""1394"": 100000.0, ""1395"": 100000.0, ""1396"": 100000.0, ""1397"": 140000.0, ""1398"": 180000.0, ""1399"": 250000.0, ""1400"": 420000.0, ""1401"": 875000.0, ""1402"": 1000000.0, ""1403"": 1250000.0}}",0,0,0,0,0,,"Rates are annual sample-denominator summaries over years_present; no code is excluded. unit_value_instability_flag means p90/p10 > 10 in at least half of supported years; it can reflect quality/geographic dispersion, not a proven unit mismatch. unit_problem_flag also uses Price_Source heterogeneity as a review trigger, not proof of incompatible units."
11429,فراورده\u200cهای شیری (به جز کره),1392;1393;1394;1395;1396;1397;1398;1399;1400;1401;1402;1403,0.2005506356665234,0.1625480505216913,0.2390711128090378,0.1851087453296223,0.1497821350762527,0.2146854436996494,0.0067470357511994995,0.006231042666580418,1.0,1.0,1.0,1.0,0.21222322424446435,0.1887861351776132,"{""all"": {""1392"": 90000.0, ""1393"": 100000.0, ""1394"": 100000.0, ""1395"": 120000.0, ""1396"": 120000.0, ""1397"": 150000.0, ""1398"": 200000.0, ""1399"": 300000.0, ""1400"": 470000.0, ""1401"": 900000.0, ""1402"": 1200000.0, ""1403"": 1450000.0}, ""panelB"": {""1392"": 95000.0, ""1393"": 110000.0, ""1394"": 100000.0, ""1395"": 120000.0, ""1396"": 120000.0, ""1397"": 160000.0, ""1398"": 200000.0, ""1399"": 300000.0, ""1400"": 450000.0, ""1401"": 900000.0, ""1402"": 1200000.0, ""1403"": 1500000.0}}",0,0,0,0,0,,"Rates are annual sample-denominator summaries over years_present; no code is excluded. unit_value_instability_flag means p90/p10 > 10 in at least half of supported years; it can reflect quality/geographic dispersion, not a proven unit mismatch. unit_problem_flag also uses Price_Source heterogeneity as a review trigger, not proof of incompatible units."
11431,فراورده\u200cهای شیری (به جز کره),1392;1393;1394;1395;1396;1397;1398;1399;1400;1401;1402;1403,0.008353404702560683,0.0054347826086956,0.0116981546572934,0.008411324175474457,0.0049261083743842,0.0134153158188932,0.000255531961315475,0.00023082225851820805,1.0,1.0,1.0,1.0,0.010572889657354444,0.006122707457005557,"{""all"": {""1392"": 110000.0, ""1393"": 120000.0, ""1394"": 130000.0, ""1395"": 140000.0, ""1396"": 160000.0, ""1397"": 170000.0, ""1398"": 240000.0, ""1399"": 400000.0, ""1400"": 750000.0, ""1401"": 1300000.0, ""1402"": 1400000.0, ""1403"": 1600000.0}, ""panelB"": {""1392"": 100000.0, ""1393"": 125000.0, ""1394"": 130000.0, ""1395"": 140000.0, ""1396"": 180000.0, ""1397"": 180000.0, ""1398"": 240000.0, ""1399"": 360000.0, ""1400"": 600000.0, ""1401"": 1240000.0, ""1402"": 1450000.0, ""1403"": 1600000.0}}",0,1,0,0,0,,"Rates are annual sample-denominator summaries over years_present; no code is excluded. unit_value_instability_flag means p90/p10 > 10 in at least half of supported years; it can reflect quality/geographic dispersion, not a proven unit mismatch. unit_problem_flag also uses Price_Source heterogeneity as a review trigger, not proof of incompatible units."
11432,فراورده\u200cهای شیری (به جز کره),1392;1393;1394;1395;1396;1397;1398;1399;1400;1401;1402;1403,0.020850571234693416,0.0091263303783896,0.0320152240226121,0.01665963435893315,0.0076252723311546,0.0301844605925097,0.0005013227083630584,0.0003778251773084833,1.0,1.0,1.0,1.0,0.03363145269660953,0.0077717554048565745,"{""all"": {""1392"": 140000.0, ""1393"": 160000.0, ""1394"": 170000.0, ""1395"": 180000.0, ""1396"": 180000.0, ""1397"": 220000.0, ""1398"": 300000.0, ""1399"": 440000.0, ""1400"": 733333.0, ""1401"": 1500000.0, ""1402"": 1900000.0, ""1403"": 2000000.0}, ""panelB"": {""1392"": 142000.0, ""1393"": 160000.0, ""1394"": 170000.0, ""1395"": 180000.0, ""1396"": 180000.0, ""1397"": 220000.0, ""1398"": 300000.0, ""1399"": 400000.0, ""1400"": 700000.0, ""1401"": 1498503.0, ""1402"": 1804000.0, ""1403"": 2000000.0}}",0,1,0,0,0,,"Rates are annual sample-denominator summaries over years_present; no code is excluded. unit_value_instability_flag means p90/p10 > 10 in at least half of supported years; it can reflect quality/geographic dispersion, not a proven unit mismatch. unit_problem_flag also uses Price_Source heterogeneity as a review trigger, not proof of incompatible units."
11433,فراورده\u200cهای شیری (به جز کره),1392;1393;1394;1395;1396;1397;1398;1399;1400;1401;1402;1403,0.10038377385101417,0.0803326272848513,0.1171186298379649,0.09382738360054872,0.0834450402144772,0.101732811626607,0.0019932858280880083,0.0020455368683885418,1.0,1.0,1.0,1.0,0.11055527853397663,0.09018415315372953,"{""all"": {""1392"": 75000.0, ""1393"": 80000.0, ""1394"": 80000.0, ""1395"": 100000.0, ""1396"": 90000.0, ""1397"": 120000.0, ""1398"": 150000.0, ""1399"": 200000.0, ""1400"": 300000.0, ""1401"": 600000.0, ""1402"": 800000.0, ""1403"": 980000.0}, ""panelB"": {""1392"": 80000.0, ""1393"": 80000.0, ""1394"": 85000.0, ""1395"": 100000.0, ""1396"": 100000.0, ""1397"": 120000.0, ""1398"": 160000.0, ""1399"": 210000.0, ""1400"": 350000.0, ""1401"": 651923.0, ""1402"": 800000.0, ""1403"": 1000000.0}}",0,0,0,0,0,,"Rates are annual sample-denominator summaries over years_present; no code is excluded. unit_value_instability_flag means p90/p10 > 10 in at least half of supported years; it can reflect quality/geographic dispersion, not a proven unit mismatch. unit_problem_flag also uses Price_Source heterogeneity as a review trigger, not proof of incompatible units."
11434,فراورده\u200cهای شیری (به جز کره),1392;1393;1394;1395;1396;1397;1398;1399;1400;1401;1402;1403,0.019363300169468124,0.0131810931072118,0.024137741652021,0.021199146185388432,0.014160611142165,0.0264745308310991,0.00023260579510413334,0.00022441747866966662,0.0,0.0,0.0,0.0,0.01949021960100416,0.01921228539577026,"{""all"": {}, ""panelB"": {}}",0,1,1,0,0,,"Rates are annual sample-denominator summaries over years_present; no code is excluded. unit_value_instability_flag means p90/p10 > 10 in at least half of supported years; it can reflect quality/geographic dispersion, not a proven unit mismatch. unit_problem_flag also uses Price_Source heterogeneity as a review trigger, not proof of incompatible units."
11441,تخم پرندگان,1392;1393;1394;1395;1396;1397;1398;1399;1400;1401;1402;1403,0.8342968805740397,0.7878193561883842,0.8665065764339901,0.8105806171546504,0.7589192416778624,0.8465654018818031,0.0195993455708546,0.019189705799383436,1.0,1.0,1.0,1.0,0.9112179537887289,0.756708398546044,"{""all"": {""1392"": 45000.0, ""1393"": 45000.0, ""1394"": 48000.0, ""1395"": 50000.0, ""1396"": 60000.0, ""1397"": 90000.0, ""1398"": 90000.0, ""1399"": 160000.0, ""1400"": 245000.0, ""1401"": 450000.0, ""1402"": 590000.0, ""1403"": 670000.0}, ""panelB"": {""1392"": 45000.0, ""1393"": 45000.0, ""1394"": 48000.0, ""1395"": 50000.0, ""1396"": 60225.0, ""1397"": 90000.0, ""1398"": 90000.0, ""1399"": 160000.0, ""1400"": 245000.0, ""1401"": 450000.0, ""1402"": 595000.0, ""1403"": 680000.0}}",0,0,0,0,0,,"Rates are annual sample-denominator summaries over years_present; no code is excluded. unit_value_instability_flag means p90/p10 > 10 in at least half of supported years; it can reflect quality/geographic dispersion, not a proven unit mismatch. unit_problem_flag also uses Price_Source heterogeneity as a review trigger, not proof of incompatible units."
11442,تخم پرندگان,1392;1393;1394;1395;1396;1397;1398;1399;1400;1401;1402;1403,0.025239525926545648,0.0192259256149777,0.0304197365483366,0.026778267874955696,0.0204169485271508,0.0335120643431635,0.003554716139414675,0.004333488307424125,1.0,1.0,1.0,1.0,0.01809193405760707,0.032460593226406396,"{""all"": {""1392"": 50000.0, ""1393"": 55000.0, ""1394"": 60000.0, ""1395"": 70000.0, ""1396"": 80000.0, ""1397"": 105000.0, ""1398"": 120000.0, ""1399"": 180000.0, ""1400"": 300000.0, ""1401"": 500000.0, ""1402"": 700000.0, ""1403"": 800000.0}, ""panelB"": {""1392"": 50000.0, ""1393"": 55000.0, ""1394"": 60000.0, ""1395"": 65000.0, ""1396"": 80000.0, ""1397"": 103750.0, ""1398"": 120000.0, ""1399"": 180000.0, ""1400"": 300000.0, ""1401"": 500000.0, ""1402"": 680000.0, ""1403"": 800000.0}}",0,1,0,0,0,,"Rates are annual sample-denominator summaries over years_present; no code is excluded. unit_value_instability_flag means p90/p10 > 10 in at least half of supported years; it can reflect quality/geographic dispersion, not a proven unit mismatch. unit_problem_flag also uses Price_Source heterogeneity as a review trigger, not proof of incompatible units."
11443,تخم پرندگان,1392;1393;1394;1395;1396;1397;1398;1399;1400;1401;1402;1403,0.0010690121833185665,0.0002238826854728,0.0021109516169889,0.0007933466877722333,0.0001863238308179,0.0015080428954423,4.662310270770356e-05,5.311103878597026e-05,1.0,1.0,1.0,1.0,0.0016389385253129168,0.000500998408634075,"{""all"": {""1392"": 54000.0, ""1393"": 60000.0, ""1394"": 70000.0, ""1395"": 80000.0, ""1396"": 100000.0, ""1397"": 122500.0, ""1398"": 150000.0, ""1399"": 250000.0, ""1400"": 375000.0, ""1401"": 500000.0, ""1402"": 830000.0, ""1403"": 1100000.0}, ""panelB"": {""1392"": 60000.0, ""1393"": 60000.0, ""1394"": 60000.0, ""1395"": 80000.0, ""1396"": 85000.0, ""1397"": 120000.0, ""1398"": 150000.0, ""1399"": 275000.0, ""1400"": 275000.0, ""1401"": 500000.0, ""1402"": 875000.0, ""1403"": 1000000.0}}",0,1,0,0,0,,"Rates are annual sample-denominator summaries over years_present; no code is excluded. unit_value_instability_flag means p90/p10 > 10 in at least half of supported years; it can reflect quality/geographic dispersion, not a proven unit mismatch. unit_problem_flag also uses Price_Source heterogeneity as a review trigger, not proof of incompatible units."
11511,روغن\u200cها و چربی\u200cهای حیوانی (به جز کره),1392;1393;1394;1395;1396;1397;1398;1399;1400;1401;1402;1403,0.010579776993386547,0.0051213164301905,0.0137071124996481,0.0091504991482246,0.0033538289547233,0.0125976316452506,0.0016947902009483747,0.0015115283153379084,1.0,1.0,1.0,1.0,0.013457059208827601,0.007682766640776184,"{""all"": {""1392"": 300000.0, ""1393"": 350000.0, ""1394"": 390000.0, ""1395"": 400000.0, ""1396"": 495000.0, ""1397"": 500000.0, ""1398"": 700000.0, ""1399"": 1000000.0, ""1400"": 1500000.0, ""1401"": 3000000.0, ""1402"": 4000000.0, ""1403"": 5000000.0}, ""panelB"": {""1392"": 340000.0, ""1393"": 370000.0, ""1394"": 475000.0, ""1395"": 450000.0, ""1396"": 500000.0, ""1397"": 500000.0, ""1398"": 700000.0, ""1399"": 1000000.0, ""1400"": 1500000.0, ""1401"": 3000000.0, ""1402"": 5000000.0, ""1403"": 7000000.0}}",0,1,0,0,0,,"Rates are annual sample-denominator summaries over years_present; no code is excluded. unit_value_instability_flag means p90/p10 > 10 in at least half of supported years; it can reflect quality/geographic dispersion, not a proven unit mismatch. unit_problem_flag also uses Price_Source heterogeneity as a review trigger, not proof of incompatible units."
11512,روغن\u200cها و چربی\u200cهای حیوانی (به جز کره),1392;1393;1394;1395;1396;1397;1398;1399;1400;1401;1402;1403,0.009353236448589318,0.0057791375748542,0.0130330430899754,0.009858857987014967,0.0062292004437238,0.0146132527084908,0.0011250970780897834,0.0011758266636618915,1.0,1.0,1.0,1.0,0.0082094990964817,0.010484844056251124,"{""all"": {""1392"": 100000.0, ""1393"": 100000.0, ""1394"": 90000.0, ""1395"": 100000.0, ""1396"": 120000.0, ""1397"": 200000.0, ""1398"": 380000.0, ""1399"": 500000.0, ""1400"": 700000.0, ""1401"": 1000000.0, ""1402"": 2700000.0, ""1403"": 3000000.0}, ""panelB"": {""1392"": 100000.0, ""1393"": 100000.0, ""1394"": 90000.0, ""1395"": 100000.0, ""1396"": 120000.0, ""1397"": 250000.0, ""1398"": 380000.0, ""1399"": 500000.0, ""1400"": 750000.0, ""1401"": 1000000.0, ""1402"": 2700000.0, ""1403"": 3000000.0}}",0,1,0,0,0,,"Rates are annual sample-denominator summaries over years_present; no code is excluded. unit_value_instability_flag means p90/p10 > 10 in at least half of supported years; it can reflect quality/geographic dispersion, not a proven unit mismatch. unit_problem_flag also uses Price_Source heterogeneity as a review trigger, not proof of incompatible units."
11521,انواع کره,1392;1393;1394;1395;1396;1397;1398;1399;1400;1401;1402;1403,0.1878110264720335,0.1476226457336355,0.2150356047172732,0.15925974451082178,0.1270728526178498,0.1813921194237111,0.0034186704813229662,0.0029059650765947084,1.0,1.0,1.0,1.0,0.24426147097205833,0.13098180335365733,"{""all"": {""1392"": 170000.0, ""1393"": 240000.0, ""1394"": 240000.0, ""1395"": 240000.0, ""1396"": 300000.0, ""1397"": 400000.0, ""1398"": 450000.0, ""1399"": 700000.0, ""1400"": 1200000.0, ""1401"": 2500000.0, ""1402"": 2800000.0, ""1403"": 3600000.0}, ""panelB"": {""1392"": 170000.0, ""1393"": 240000.0, ""1394"": 240000.0, ""1395"": 240000.0, ""1396"": 300000.0, ""1397"": 400000.0, ""1398"": 450000.0, ""1399"": 600000.0, ""1400"": 1100000.0, ""1401"": 2400000.0, ""1402"": 2850000.0, ""1403"": 3600000.0}}",0,0,0,0,0,,"Rates are annual sample-denominator summaries over years_present; no code is excluded. unit_value_instability_flag means p90/p10 > 10 in at least half of supported years; it can reflect quality/geographic dispersion, not a proven unit mismatch. unit_problem_flag also uses Price_Source heterogeneity as a review trigger, not proof of incompatible units."
11522,انواع کره,1392;1393;1394;1395;1396;1397;1398;1399;1400;1401;1402;1403,0.062369757315081514,0.0522214377239088,0.0734475549159629,0.0659669450476195,0.0580202630419734,0.0795289700486389,0.003658133607546358,0.0037683342002929505,1.0,1.0,1.0,1.0,0.06385912276100068,0.06081937130118864,"{""all"": {""1392"": 150000.0, ""1393"": 175000.0, ""1394"": 200000.0, ""1395"": 200000.0, ""1396"": 220000.0, ""1397"": 300000.0, ""1398"": 400000.0, ""1399"": 600000.0, ""1400"": 1000000.0, ""1401"": 2000000.0, ""1402"": 2600000.0, ""1403"": 3000000.0}, ""panelB"": {""1392"": 150000.0, ""1393"": 170000.0, ""1394"": 200000.0, ""1395"": 200000.0, ""1396"": 210000.0, ""1397"": 300000.0, ""1398"": 400000.0, ""1399"": 600000.0, ""1400"": 1000000.0, ""1401"": 2000000.0, ""1402"": 2600000.0, ""1403"": 3000000.0}}",0,0,0,0,0,,"Rates are annual sample-denominator summaries over years_present; no code is excluded. unit_value_instability_flag means p90/p10 > 10 in at least half of supported years; it can reflect quality/geographic dispersion, not a proven unit mismatch. unit_problem_flag also uses Price_Source heterogeneity as a review trigger, not proof of incompatible units."
11523,انواع کره,1392;1393;1394;1395;1396;1397;1398;1399;1400;1401;1402;1403,0.009287007784570974,0.006066786956408,0.0106624128956426,0.010450300239230423,0.0059628789787519,0.019377678405068,0.00013237638960246847,0.0001345288837231103,1.0,1.0,1.0,1.0,0.011090768609480625,0.007471074343632366,"{""all"": {""1392"": 120000.0, ""1393"": 120000.0, ""1394"": 120000.0, ""1395"": 150000.0, ""1396"": 100000.0, ""1397"": 140000.0, ""1398"": 210000.0, ""1399"": 300000.0, ""1400"": 400000.0, ""1401"": 1000000.0, ""1402"": 1200000.0, ""1403"": 1100000.0}, ""panelB"": {""1392"": 120000.0, ""1393"": 120000.0, ""1394"": 120000.0, ""1395"": 150000.0, ""1396"": 100000.0, ""1397"": 140000.0, ""1398"": 200000.0, ""1399"": 300000.0, ""1400"": 400000.0, ""1401"": 900000.0, ""1402"": 1150000.0, ""1403"": 1050000.0}}",0,1,0,0,0,,"Rates are annual sample-denominator summaries over years_present; no code is excluded. unit_value_instability_flag means p90/p10 > 10 in at least half of supported years; it can reflect quality/geographic dispersion, not a proven unit mismatch. unit_problem_flag also uses Price_Source heterogeneity as a review trigger, not proof of incompatible units."
11531,روغن\u200cهای نباتی,1392;1393;1394;1395;1396;1397;1398;1399;1400;1401;1402;1403,0.33648407376258427,0.2274000439367311,0.4856306058941973,0.3559593895610333,0.2377467560420638,0.522913867741454,0.02030586024408755,0.02130970303960523,1.0,1.0,1.0,1.0,0.2810179357185809,0.39229540180396133,"{""all"": {""1392"": 46000.0, ""1393"": 45000.0, ""1394"": 44000.0, ""1395"": 45000.0, ""1396"": 48510.0, ""1397"": 67000.0, ""1398"": 90000.0, ""1399"": 108000.0, ""1400"": 200000.0, ""1401"": 731800.0, ""1402"": 700000.0, ""1403"": 670000.0}, ""panelB"": {""1392"": 46667.0, ""1393"": 45000.0, ""1394"": 44000.0, ""1395"": 45000.0, ""1396"": 48888.0, ""1397"": 66000.0, ""1398"": 90000.0, ""1399"": 108000.0, ""1400"": 200000.0, ""1401"": 740000.0, ""1402"": 700000.0, ""1403"": 680000.0}}",0,0,0,0,0,,"Rates are annual sample-denominator summaries over years_present; no code is excluded. unit_value_instability_flag means p90/p10 > 10 in at least half of supported years; it can reflect quality/geographic dispersion, not a proven unit mismatch. unit_problem_flag also uses Price_Source heterogeneity as a review trigger, not proof of incompatible units."
11532,روغن\u200cهای نباتی,1392;1393;1394;1395;1396;1397;1398;1399;1400;1401;1402;1403,0.011353294161883493,0.0061049389506104,0.0182667679923442,0.008788454829956308,0.0044050091246617,0.0145808019441069,0.000652038766726875,0.0005014118934856583,1.0,1.0,1.0,1.0,0.01760789500321586,0.005094869376473484,"{""all"": {""1392"": 160000.0, ""1393"": 200000.0, ""1394"": 200000.0, ""1395"": 230000.0, ""1396"": 250000.0, ""1397"": 300000.0, ""1398"": 500000.0, ""1399"": 730000.0, ""1400"": 1000000.0, ""1401"": 1700000.0, ""1402"": 2300000.0, ""1403"": 2800000.0}, ""panelB"": {""1392"": 150000.0, ""1393"": 162500.0, ""1394"": 200000.0, ""1395"": 220000.0, ""1396"": 250000.0, ""1397"": 315000.0, ""1398"": 500000.0, ""1399"": 733333.0, ""1400"": 1000000.0, ""1401"": 1650000.0, ""1402"": 2000000.0, ""1403"": 2800000.0}}",0,1,0,0,0,,"Rates are annual sample-denominator summaries over years_present; no code is excluded. unit_value_instability_flag means p90/p10 > 10 in at least half of supported years; it can reflect quality/geographic dispersion, not a proven unit mismatch. unit_problem_flag also uses Price_Source heterogeneity as a review trigger, not proof of incompatible units."
11533,روغن\u200cهای نباتی,1392;1393;1394;1395;1396;1397;1398;1399;1400;1401;1402;1403,0.5861429601093099,0.4519756282523992,0.6913719244288224,0.5759156483931028,0.4315569487983281,0.6927003259332144,0.021749496716067757,0.021499882139889098,1.0,1.0,1.0,1.0,0.6305130452193264,0.5416924313534498,"{""all"": {""1392"": 50000.0, ""1393"": 50000.0, ""1394"": 50000.0, ""1395"": 50000.0, ""1396"": 55000.0, ""1397"": 70000.0, ""1398"": 90000.0, ""1399"": 117284.0, ""1400"": 175000.0, ""1401"": 730000.0, ""1402"": 710000.0, ""1403"": 700000.0}, ""panelB"": {""1392"": 50000.0, ""1393"": 50000.0, ""1394"": 50000.0, ""1395"": 51000.0, ""1396"": 55000.0, ""1397"": 70000.0, ""1398"": 90000.0, ""1399"": 117284.0, ""1400"": 175000.0, ""1401"": 720000.0, ""1402"": 700000.0, ""1403"": 700000.0}}",0,0,0,0,0,,"Rates are annual sample-denominator summaries over years_present; no code is excluded. unit_value_instability_flag means p90/p10 > 10 in at least half of supported years; it can reflect quality/geographic dispersion, not a proven unit mismatch. unit_problem_flag also uses Price_Source heterogeneity as a review trigger, not proof of incompatible units."
11611,میوه\u200cهای درختی,1392;1393;1394;1395;1396;1397;1398;1399;1400;1401;1402;1403,0.583254033834146,0.5360920250135104,0.6309723152489395,0.5684017593892438,0.5167560321715817,0.6149683291310497,0.015491560813457442,0.01502191628779829,1.0,1.0,1.0,1.0,0.6300179445347253,0.5358714377905383,"{""all"": {""1392"": 25000.0, ""1393"": 25000.0, ""1394"": 25000.0, ""1395"": 25000.0, ""1396"": 25000.0, ""1397"": 45000.0, ""1398"": 50000.0, ""1399"": 90000.0, ""1400"": 120000.0, ""1401"": 200000.0, ""1402"": 300000.0, ""1403"": 400000.0}, ""panelB"": {""1392"": 25000.0, ""1393"": 25000.0, ""1394"": 25000.0, ""1395"": 25000.0, ""1396"": 25000.0, ""1397"": 40000.0, ""1398"": 50000.0, ""1399"": 90000.0, ""1400"": 120000.0, ""1401"": 200000.0, ""1402"": 280000.0, ""1403"": 400000.0}}",0,0,0,0,0,6,"Rates are annual sample-denominator summaries over years_present; no code is excluded. unit_value_instability_flag means p90/p10 > 10 in at least half of supported years; it can reflect quality/geographic dispersion, not a proven unit mismatch. unit_problem_flag also uses Price_Source heterogeneity as a review trigger, not proof of incompatible units."
11612,میوه\u200cهای درختی,1392;1393;1394;1395;1396;1397;1398;1399;1400;1401;1402;1403,0.019131343084816226,0.0130437170474516,0.0273016409130569,0.016480772240029844,0.0101337418252518,0.0269050512063877,0.0005601839949106834,0.00048453777366226663,1.0,1.0,1.0,1.0,0.027627908903405052,0.010573972967097884,"{""all"": {""1392"": 40000.0, ""1393"": 45000.0, ""1394"": 50000.0, ""1395"": 50000.0, ""1396"": 50000.0, ""1397"": 87500.0, ""1398"": 100000.0, ""1399"": 150000.0, ""1400"": 300000.0, ""1401"": 350000.0, ""1402"": 510000.0, ""1403"": 680000.0}, ""panelB"": {""1392"": 40000.0, ""1393"": 45000.0, ""1394"": 50000.0, ""1395"": 50000.0, ""1396"": 50000.0, ""1397"": 85000.0, ""1398"": 100000.0, ""1399"": 150000.0, ""1400"": 300000.0, ""1401"": 350000.0, ""1402"": 500000.0, ""1403"": 650000.0}}",0,1,0,0,0,6,"Rates are annual sample-denominator summaries over years_present; no code is excluded. unit_value_instability_flag means p90/p10 > 10 in at least half of supported years; it can reflect quality/geographic dispersion, not a proven unit mismatch. unit_problem_flag also uses Price_Source heterogeneity as a review trigger, not proof of incompatible units."
11613,میوه\u200cهای درختی,1392;1393;1394;1395;1396;1397;1398;1399;1400;1401;1402;1403,0.10023990334274553,0.0662282377339955,0.1356919699400489,0.0941757905364128,0.0631572474017588,0.1258462072556847,0.0027924568558572913,0.0026477948640089744,1.0,1.0,1.0,1.0,0.12086521518652794,0.07939027943701303,"{""all"": {""1392"": 30000.0, ""1393"": 40000.0, ""1394"": 40000.0, ""1395"": 40000.0, ""1396"": 35000.0, ""1397"": 50000.0, ""1398"": 80000.0, ""1399"": 100000.0, ""1400"": 250000.0, ""1401"": 300000.0, ""1402"": 350000.0, ""1403"": 600000.0}, ""panelB"": {""1392"": 30000.0, ""1393"": 40000.0, ""1394"": 40000.0, ""1395"": 35000.0, ""1396"": 35000.0, ""1397"": 55000.0, ""1398"": 80000.0, ""1399"": 100000.0, ""1400"": 220000.0, ""1401"": 300000.0, ""1402"": 350000.0, ""1403"": 600000.0}}",0,0,0,0,0,6,"Rates are annual sample-denominator summaries over years_present; no code is excluded. unit_value_instability_flag means p90/p10 > 10 in at least half of supported years; it can reflect quality/geographic dispersion, not a proven unit mismatch. unit_problem_flag also uses Price_Source heterogeneity as a review trigger, not proof of incompatible units."
11614,میوه\u200cهای درختی,1392;1393;1394;1395;1396;1397;1398;1399;1400;1401;1402;1403,0.16025524528321575,0.1238589384312311,0.1870021672436601,0.1518114847688364,0.115213068945134,0.1815657003992362,0.004255106130926241,0.00405397150105075,1.0,1.0,1.0,1.0,0.18736788938520288,0.13275736696991303,"{""all"": {""1392"": 30000.0, ""1393"": 30000.0, ""1394"": 30000.0, ""1395"": 30000.0, ""1396"": 30000.0, ""1397"": 50000.0, ""1398"": 60000.0, ""1399"": 80000.0, ""1400"": 160000.0, ""1401"": 250000.0, ""1402"": 300000.0, ""1403"": 400000.0}, ""panelB"": {""1392"": 30000.0, ""1393"": 30000.0, ""1394"": 30000.0, ""1395"": 30000.0, ""1396"": 30000.0, ""1397"": 50000.0, ""1398"": 60000.0, ""1399"": 80000.0, ""1400"": 160000.0, ""1401"": 250000.0, ""1402"": 300000.0, ""1403"": 400000.0}}",0,0,0,0,0,6,"Rates are annual sample-denominator summaries over years_present; no code is excluded. unit_value_instability_flag means p90/p10 > 10 in at least half of supported years; it can reflect quality/geographic dispersion, not a proven unit mismatch. unit_problem_flag also uses Price_Source heterogeneity as a review trigger, not proof of incompatible units."
11615,میوه\u200cهای درختی,1392;1393;1394;1395;1396;1397;1398;1399;1400;1401;1402;1403,0.0450302233385533,0.0297743122571347,0.0624023219468631,0.04067318920079591,0.0209450402144772,0.0582010582010582,0.0015701377240084585,0.0014373588765270752,1.0,1.0,1.0,1.0,0.057027876464356586,0.03294247948775519,"{""all"": {""1392"": 50000.0, ""1393"": 50000.0, ""1394"": 60000.0, ""1395"": 50000.0, ""1396"": 60000.0, ""1397"": 100000.0, ""1398"": 120000.0, ""1399"": 150000.0, ""1400"": 300000.0, ""1401"": 500000.0, ""1402"": 500000.0, ""1403"": 800000.0}, ""panelB"": {""1392"": 50000.0, ""1393"": 50000.0, ""1394"": 55000.0, ""1395"": 50000.0, ""1396"": 60000.0, ""1397"": 100000.0, ""1398"": 120000.0, ""1399"": 150000.0, ""1400"": 300000.0, ""1401"": 500000.0, ""1402"": 520000.0, ""1403"": 800000.0}}",0,1,0,0,0,6,"Rates are annual sample-denominator summaries over years_present; no code is excluded. unit_value_instability_flag means p90/p10 > 10 in at least half of supported years; it can reflect quality/geographic dispersion, not a proven unit mismatch. unit_problem_flag also uses Price_Source heterogeneity as a review trigger, not proof of incompatible units."
11616,میوه\u200cهای درختی,1392;1393;1394;1395;1396;1397;1398;1399;1400;1401;1402;1403,0.018996009045257757,0.0127350226197013,0.0245151540592729,0.015747673068368266,0.0091058366920435,0.0206819452207937,0.00045960452227479157,0.00039272347647265835,1.0,1.0,1.0,1.0,0.02630421551238447,0.011550913519121275,"{""all"": {""1392"": 50000.0, ""1393"": 50000.0, ""1394"": 60000.0, ""1395"": 50000.0, ""1396"": 60000.0, ""1397"": 80000.0, ""1398"": 110000.0, ""1399"": 140000.0, ""1400"": 300000.0, ""1401"": 450000.0, ""1402"": 700000.0, ""1403"": 800000.0}, ""panelB"": {""1392"": 50000.0, ""1393"": 45000.0, ""1394"": 50000.0, ""1395"": 50000.0, ""1396"": 60000.0, ""1397"": 80000.0, ""1398"": 100000.0, ""1399"": 130000.0, ""1400"": 300000.0, ""1401"": 450000.0, ""1402"": 650000.0, ""1403"": 850000.0}}",0,1,0,0,0,6,"Rates are annual sample-denominator summaries over years_present; no code is excluded. unit_value_instability_flag means p90/p10 > 10 in at least half of supported years; it can reflect quality/geographic dispersion, not a proven unit mismatch. unit_problem_flag also uses Price_Source heterogeneity as a review trigger, not proof of incompatible units."
11617,میوه\u200cهای درختی,1392;1393;1394;1395;1396;1397;1398;1399;1400;1401;1402;1403,0.15933596831019575,0.1360367167604175,0.1904163875865148,0.15918763678077055,0.1330352152040246,0.1884605694129503,0.004137380929818992,0.004207392110588683,1.0,1.0,1.0,1.0,0.17556998216498562,0.14297407424167355,"{""all"": {""1392"": 20000.0, ""1393"": 25000.0, ""1394"": 25000.0, ""1395"": 25000.0, ""1396"": 25000.0, ""1397"": 50000.0, ""1398"": 60000.0, ""1399"": 80000.0, ""1400"": 150000.0, ""1401"": 220000.0, ""1402"": 300000.0, ""1403"": 400000.0}, ""panelB"": {""1392"": 20000.0, ""1393"": 25000.0, ""1394"": 25000.0, ""1395"": 25000.0, ""1396"": 25000.0, ""1397"": 50000.0, ""1398"": 60000.0, ""1399"": 80000.0, ""1400"": 150000.0, ""1401"": 200000.0, ""1402"": 250000.0, ""1403"": 400000.0}}",0,0,0,0,0,6,"Rates are annual sample-denominator summaries over years_present; no code is excluded. unit_value_instability_flag means p90/p10 > 10 in at least half of supported years; it can reflect quality/geographic dispersion, not a proven unit mismatch. unit_problem_flag also uses Price_Source heterogeneity as a review trigger, not proof of incompatible units."
11618,میوه\u200cهای درختی,1392;1393;1394;1395;1396;1397;1398;1399;1400;1401;1402;1403,0.020583184542193402,0.015093920812408,0.0264553202120867,0.018259691372665882,0.0131119350851738,0.0236631265138811,0.0005644058927748501,0.0005451038475477165,1.0,1.0,1.0,1.0,0.02739605525420813,0.01364304212747156,"{""all"": {""1392"": 30000.0, ""1393"": 30000.0, ""1394"": 30000.0, ""1395"": 35000.0, ""1396"": 40000.0, ""1397"": 55000.0, ""1398"": 70000.0, ""1399"": 120000.0, ""1400"": 180000.0, ""1401"": 250000.0, ""1402"": 300000.0, ""1403"": 450000.0}, ""panelB"": {""1392"": 30000.0, ""1393"": 30000.0, ""1394"": 30000.0, ""1395"": 35000.0, ""1396"": 40000.0, ""1397"": 60000.0, ""1398"": 75000.0, ""1399"": 100000.0, ""1400"": 170000.0, ""1401"": 250000.0, ""1402"": 300000.0, ""1403"": 400000.0}}",0,1,0,0,0,6,"Rates are annual sample-denominator summaries over years_present; no code is excluded. unit_value_instability_flag means p90/p10 > 10 in at least half of supported years; it can reflect quality/geographic dispersion, not a proven unit mismatch. unit_problem_flag also uses Price_Source heterogeneity as a review trigger, not proof of incompatible units."
11619,میوه\u200cهای درختی,1392;1393;1394;1395;1396;1397;1398;1399;1400;1401;1402;1403,0.1341578149301116,0.1091221255875482,0.1705458807769591,0.13183723253352136,0.1100503384829022,0.1659528008734358,0.0036330587792258,0.0036036153085022998,1.0,1.0,1.0,1.0,0.1520798700922445,0.1159618109715357,"{""all"": {""1392"": 25000.0, ""1393"": 25000.0, ""1394"": 30000.0, ""1395"": 30000.0, ""1396"": 35000.0, ""1397"": 50000.0, ""1398"": 60000.0, ""1399"": 100000.0, ""1400"": 150000.0, ""1401"": 200000.0, ""1402"": 300000.0, ""1403"": 400000.0}, ""panelB"": {""1392"": 25000.0, ""1393"": 25000.0, ""1394"": 30000.0, ""1395"": 30000.0, ""1396"": 35000.0, ""1397"": 50000.0, ""1398"": 60000.0, ""1399"": 100000.0, ""1400"": 150000.0, ""1401"": 200000.0, ""1402"": 300000.0, ""1403"": 400000.0}}",0,0,0,0,0,6,"Rates are annual sample-denominator summaries over years_present; no code is excluded. unit_value_instability_flag means p90/p10 > 10 in at least half of supported years; it can reflect quality/geographic dispersion, not a proven unit mismatch. unit_problem_flag also uses Price_Source heterogeneity as a review trigger, not proof of incompatible units."
11621,میوه\u200cهای درختی,1392;1393;1394;1395;1396;1397;1398;1399;1400;1401;1402;1403,0.2174452907858979,0.1266201669595782,0.3417208477581694,0.19935980894167746,0.1125905850468391,0.3303245964242319,0.0057061875862583,0.0050427156519173505,1.0,1.0,1.0,1.0,0.2845615729682444,0.1498325996544099,"{""all"": {""1392"": 40000.0, ""1393"": 45000.0, ""1394"": 40000.0, ""1395"": 45000.0, ""1396"": 45000.0, ""1397"": 80000.0, ""1398"": 130000.0, ""1399"": 190000.0, ""1400"": 300000.0, ""1401"": 400000.0, ""1402"": 650000.0, ""1403"": 800000.0}, ""panelB"": {""1392"": 40000.0, ""1393"": 45000.0, ""1394"": 40000.0, ""1395"": 45000.0, ""1396"": 45000.0, ""1397"": 80000.0, ""1398"": 130000.0, ""1399"": 190000.0, ""1400"": 300000.0, ""1401"": 400000.0, ""1402"": 650000.0, ""1403"": 800000.0}}",0,0,0,0,0,6,"Rates are annual sample-denominator summaries over years_present; no code is excluded. unit_value_instability_flag means p90/p10 > 10 in at least half of supported years; it can reflect quality/geographic dispersion, not a proven unit mismatch. unit_problem_flag also uses Price_Source heterogeneity as a review trigger, not proof of incompatible units."
11622,میوه\u200cهای درختی,1392;1393;1394;1395;1396;1397;1398;1399;1400;1401;1402;1403,0.15554220119672602,0.1297712022879771,0.1872836274592586,0.1449112839198847,0.112201875275313,0.1805242145460857,0.003942571032959317,0.0036931843669111663,1.0,1.0,1.0,1.0,0.17200348958579623,0.13886340282894755,"{""all"": {""1392"": 50000.0, ""1393"": 50000.0, ""1394"": 50000.0, ""1395"": 65000.0, ""1396"": 70000.0, ""1397"": 90000.0, ""1398"": 200000.0, ""1399"": 225000.0, ""1400"": 300000.0, ""1401"": 500000.0, ""1402"": 750000.0, ""1403"": 950000.0}, ""panelB"": {""1392"": 50000.0, ""1393"": 50000.0, ""1394"": 50000.0, ""1395"": 65000.0, ""1396"": 70000.0, ""1397"": 87500.0, ""1398"": 200000.0, ""1399"": 200000.0, ""1400"": 300000.0, ""1401"": 500000.0, ""1402"": 700000.0, ""1403"": 800000.0}}",0,0,0,0,0,5,"Rates are annual sample-denominator summaries over years_present; no code is excluded. unit_value_instability_flag means p90/p10 > 10 in at least half of supported years; it can reflect quality/geographic dispersion, not a proven unit mismatch. unit_problem_flag also uses Price_Source heterogeneity as a review trigger, not proof of incompatible units."
11623,میوه\u200cهای درختی,1392;1393;1394;1395;1396;1397;1398;1399;1400;1401;1402;1403,0.0044634608945127,0.0008749581821457,0.008387514424836,0.00378996174739165,0.0005026809651474,0.0085663895187704,0.00026983844746702367,0.00022225544169745168,1.0,1.0,1.0,1.0,0.006968924382049092,0.0019883998698598583,"{""all"": {""1392"": 160000.0, ""1393"": 180000.0, ""1394"": 180000.0, ""1395"": 170000.0, ""1396"": 200000.0, ""1397"": 400000.0, ""1398"": 500000.0, ""1399"": 725000.0, ""1400"": 1225000.0, ""1401"": 1550000.0, ""1402"": 2500000.0, ""1403"": 2600000.0}, ""panelB"": {""1392"": 160000.0, ""1393"": 172500.0, ""1394"": 170000.0, ""1395"": 160000.0, ""1396"": 200000.0, ""1397"": 500000.0, ""1398"": 500000.0, ""1399"": 700000.0, ""1400"": 1300000.0, ""1401"": 1500000.0, ""1402"": 2500000.0, ""1403"": 2900000.0}}",0,1,0,0,0,5,"Rates are annual sample-denominator summaries over years_present; no code is excluded. unit_value_instability_flag means p90/p10 > 10 in at least half of supported years; it can reflect quality/geographic dispersion, not a proven unit mismatch. unit_problem_flag also uses Price_Source heterogeneity as a review trigger, not proof of incompatible units."
11624,میوه\u200cهای درختی,1392;1393;1394;1395;1396;1397;1398;1399;1400;1401;1402;1403,0.003958095207161509,0.0022668121904122,0.0084438064679557,0.0034875534237171664,0.0020031815235963,0.0078111438986287,0.0007441296510337166,0.0007854229217980169,1.0,1.0,1.0,1.0,0.005503331047694724,0.002418458739684358,"{""all"": {""1392"": 100000.0, ""1393"": 100000.0, ""1394"": 150000.0, ""1395"": 120000.0, ""1396"": 125600.0, ""1397"": 200000.0, ""1398"": 200000.0, ""1399"": 300000.0, ""1400"": 350000.0, ""1401"": 675000.0, ""1402"": 600000.0, ""1403"": 750000.0}, ""panelB"": {""1392"": 70000.0, ""1393"": 115000.0, ""1394"": 130000.0, ""1395"": 80000.0, ""1396"": 100000.0, ""1397"": 300000.0, ""1398"": 150000.0, ""1399"": 300000.0, ""1400"": 300000.0, ""1401"": 450000.0, ""1402"": 500000.0, ""1403"": 2000000.0}}",0,1,0,0,0,5,"Rates are annual sample-denominator summaries over years_present; no code is excluded. unit_value_instability_flag means p90/p10 > 10 in at least half of supported years; it can reflect quality/geographic dispersion, not a proven unit mismatch. unit_problem_flag also uses Price_Source heterogeneity as a review trigger, not proof of incompatible units."
11625,میوه\u200cهای درختی,1392;1393;1394;1395;1396;1397;1398;1399;1400;1401;1402;1403,0.0035105527335920587,0.0018321627848874,0.0050944299023333,0.0031287757100228585,0.001695873374788,0.0046866863391772,0.00011418306889723017,0.00010409665082531453,1.0,1.0,1.0,1.0,0.004523379590130724,0.0024811750945387917,"{""all"": {""1392"": 25000.0, ""1393"": 25000.0, ""1394"": 37500.0, ""1395"": 50000.0, ""1396"": 79200.0, ""1397"": 60000.0, ""1398"": 60000.0, ""1399"": 140000.0, ""1400"": 150000.0, ""1401"": 250000.0, ""1402"": 1000000.0, ""1403"": 1010000.0}, ""panelB"": {""1392"": 30000.0, ""1393"": 25000.0, ""1394"": 37500.0, ""1395"": 40000.0, ""1396"": 70000.0, ""1397"": 60000.0, ""1398"": 45000.0, ""1399"": 120000.0, ""1400"": 157500.0, ""1401"": 255000.0, ""1402"": 1000000.0, ""1403"": 925000.0}}",0,1,0,0,0,6,"Rates are annual sample-denominator summaries over years_present; no code is excluded. unit_value_instability_flag means p90/p10 > 10 in at least half of supported years; it can reflect quality/geographic dispersion, not a proven unit mismatch. unit_problem_flag also uses Price_Source heterogeneity as a review trigger, not proof of incompatible units."
11631,میوه\u200cهای درختی,1392;1393;1394;1395;1396;1397;1398;1399;1400;1401;1402;1403,0.40965469788070913,0.3609222829555228,0.4386628580251679,0.39524715400191757,0.3454779945187812,0.422023476802683,0.012699063392597949,0.012359919324649393,1.0,1.0,1.0,1.0,0.4305500579730555,0.38853522511365585,"{""all"": {""1392"": 20000.0, ""1393"": 25000.0, ""1394"": 25000.0, ""1395"": 25000.0, ""1396"": 25000.0, ""1397"": 40000.0, ""1398"": 50000.0, ""1399"": 100000.0, ""1400"": 125000.0, ""1401"": 150000.0, ""1402"": 200000.0, ""1403"": 300000.0}, ""panelB"": {""1392"": 20000.0, ""1393"": 25000.0, ""1394"": 25000.0, ""1395"": 25000.0, ""1396"": 25000.0, ""1397"": 35000.0, ""1398"": 50000.0, ""1399"": 100000.0, ""1400"": 125000.0, ""1401"": 150000.0, ""1402"": 200000.0, ""1403"": 300000.0}}",0,0,0,0,0,6,"Rates are annual sample-denominator summaries over years_present; no code is excluded. unit_value_instability_flag means p90/p10 > 10 in at least half of supported years; it can reflect quality/geographic dispersion, not a proven unit mismatch. unit_problem_flag also uses Price_Source heterogeneity as a review trigger, not proof of incompatible units."
11632,میوه\u200cهای درختی,1392;1393;1394;1395;1396;1397;1398;1399;1400;1401;1402;1403,0.20662127909332118,0.1830634427684117,0.2293873068172903,0.20348588651188257,0.1806987568491133,0.225406777130915,0.004810623989581316,0.004965191251405533,1.0,1.0,1.0,1.0,0.22357418186346065,0.18945694689061066,"{""all"": {""1392"": 16000.0, ""1393"": 25000.0, ""1394"": 25000.0, ""1395"": 25000.0, ""1396"": 25000.0, ""1397"": 40000.0, ""1398"": 45000.0, ""1399"": 100000.0, ""1400"": 130000.0, ""1401"": 150000.0, ""1402"": 240000.0, ""1403"": 300000.0}, ""panelB"": {""1392"": 17000.0, ""1393"": 25000.0, ""1394"": 25000.0, ""1395"": 25000.0, ""1396"": 25000.0, ""1397"": 40000.0, ""1398"": 45000.0, ""1399"": 100000.0, ""1400"": 130000.0, ""1401"": 150000.0, ""1402"": 250000.0, ""1403"": 350000.0}}",0,0,0,0,0,6,"Rates are annual sample-denominator summaries over years_present; no code is excluded. unit_value_instability_flag means p90/p10 > 10 in at least half of supported years; it can reflect quality/geographic dispersion, not a proven unit mismatch. unit_problem_flag also uses Price_Source heterogeneity as a review trigger, not proof of incompatible units."
11633,میوه\u200cهای درختی,1392;1393;1394;1395;1396;1397;1398;1399;1400;1401;1402;1403,0.10232591421703992,0.0564184367391486,0.1530147456187755,0.09550885483277634,0.0607415688466554,0.1373141849332325,0.002023200154545133,0.0019165962083530419,1.0,1.0,1.0,1.0,0.12125678406215769,0.08334846692071983,"{""all"": {""1392"": 20000.0, ""1393"": 25000.0, ""1394"": 30000.0, ""1395"": 30000.0, ""1396"": 30000.0, ""1397"": 40000.0, ""1398"": 50000.0, ""1399"": 110000.0, ""1400"": 150000.0, ""1401"": 220000.0, ""1402"": 300000.0, ""1403"": 400000.0}, ""panelB"": {""1392"": 20000.0, ""1393"": 25000.0, ""1394"": 30000.0, ""1395"": 30000.0, ""1396"": 30000.0, ""1397"": 40000.0, ""1398"": 50000.0, ""1399"": 100000.0, ""1400"": 150000.0, ""1401"": 215000.0, ""1402"": 300000.0, ""1403"": 400000.0}}",0,0,0,0,0,6,"Rates are annual sample-denominator summaries over years_present; no code is excluded. unit_value_instability_flag means p90/p10 > 10 in at least half of supported years; it can reflect quality/geographic dispersion, not a proven unit mismatch. unit_problem_flag also uses Price_Source heterogeneity as a review trigger, not proof of incompatible units."
11634,میوه\u200cهای درختی,1392;1393;1394;1395;1396;1397;1398;1399;1400;1401;1402;1403,0.08749187290572634,0.0231158872750678,0.1388981915606162,0.07815447267283478,0.0201229737283398,0.1301755270009238,0.0018701879247628418,0.001652828665847825,1.0,1.0,1.0,1.0,0.1081731396649457,0.06671856932622192,"{""all"": {""1392"": 25000.0, ""1393"": 30000.0, ""1394"": 30000.0, ""1395"": 30000.0, ""1396"": 30000.0, ""1397"": 50000.0, ""1398"": 70000.0, ""1399"": 120000.0, ""1400"": 150000.0, ""1401"": 240000.0, ""1402"": 400000.0, ""1403"": 600000.0}, ""panelB"": {""1392"": 25000.0, ""1393"": 30000.0, ""1394"": 30000.0, ""1395"": 30000.0, ""1396"": 30000.0, ""1397"": 50000.0, ""1398"": 70000.0, ""1399"": 120000.0, ""1400"": 150000.0, ""1401"": 225000.0, ""1402"": 400000.0, ""1403"": 600000.0}}",0,0,0,0,0,6,"Rates are annual sample-denominator summaries over years_present; no code is excluded. unit_value_instability_flag means p90/p10 > 10 in at least half of supported years; it can reflect quality/geographic dispersion, not a proven unit mismatch. unit_problem_flag also uses Price_Source heterogeneity as a review trigger, not proof of incompatible units."
11635,میوه\u200cهای درختی,1392;1393;1394;1395;1396;1397;1398;1399;1400;1401;1402;1403,0.04469480661452263,0.0224889516487539,0.0720133165966271,0.040835383059448685,0.0214957456336766,0.0659246048828485,0.0012656093095201168,0.0011841173754977168,1.0,1.0,1.0,1.0,0.059852629008245534,0.029213898546667547,"{""all"": {""1392"": 35000.0, ""1393"": 40000.0, ""1394"": 60000.0, ""1395"": 70000.0, ""1396"": 90000.0, ""1397"": 100000.0, ""1398"": 100000.0, ""1399"": 140000.0, ""1400"": 160000.0, ""1401"": 200000.0, ""1402"": 250000.0, ""1403"": 420000.0}, ""panelB"": {""1392"": 40000.0, ""1393"": 40000.0, ""1394"": 65000.0, ""1395"": 75000.0, ""1396"": 90000.0, ""1397"": 100000.0, ""1398"": 100000.0, ""1399"": 140000.0, ""1400"": 160000.0, ""1401"": 200000.0, ""1402"": 250000.0, ""1403"": 450000.0}}",0,1,0,0,0,6,"Rates are annual sample-denominator summaries over years_present; no code is excluded. unit_value_instability_flag means p90/p10 > 10 in at least half of supported years; it can reflect quality/geographic dispersion, not a proven unit mismatch. unit_problem_flag also uses Price_Source heterogeneity as a review trigger, not proof of incompatible units."
11641,میوه\u200cهای جالیزی,1392;1393;1394;1395;1396;1397;1398;1399;1400;1401;1402;1403,0.1616403964864284,0.1247612290563772,0.2049874750204058,0.16892001415093275,0.1346780640796999,0.2091650755077243,0.003948098448441108,0.0042987064777309835,1.0,1.0,1.0,1.0,0.1683295324147587,0.15494314899313075,"{""all"": {""1392"": 10000.0, ""1393"": 10000.0, ""1394"": 12000.0, ""1395"": 12250.0, ""1396"": 12000.0, ""1397"": 20000.0, ""1398"": 20000.0, ""1399"": 40000.0, ""1400"": 80000.0, ""1401"": 100000.0, ""1402"": 150000.0, ""1403"": 200000.0}, ""panelB"": {""1392"": 10000.0, ""1393"": 10000.0, ""1394"": 12000.0, ""1395"": 12000.0, ""1396"": 12000.0, ""1397"": 20000.0, ""1398"": 25000.0, ""1399"": 40000.0, ""1400"": 80000.0, ""1401"": 100000.0, ""1402"": 150000.0, ""1403"": 200000.0}}",0,0,0,0,0,6,"Rates are annual sample-denominator summaries over years_present; no code is excluded. unit_value_instability_flag means p90/p10 > 10 in at least half of supported years; it can reflect quality/geographic dispersion, not a proven unit mismatch. unit_problem_flag also uses Price_Source heterogeneity as a review trigger, not proof of incompatible units."
11642,میوه\u200cهای جالیزی,1392;1393;1394;1395;1396;1397;1398;1399;1400;1401;1402;1403,0.37069155213392196,0.3365442340228128,0.3976188465760364,0.3710864038032286,0.3408769448373409,0.3919458427356361,0.008157179979461558,0.00833754486227465,1.0,1.0,1.0,1.0,0.37657563259301563,0.3647620006065569,"{""all"": {""1392"": 8000.0, ""1393"": 6500.0, ""1394"": 8000.0, ""1395"": 8000.0, ""1396"": 8000.0, ""1397"": 15000.0, ""1398"": 15000.0, ""1399"": 25000.0, ""1400"": 40000.0, ""1401"": 50000.0, ""1402"": 90000.0, ""1403"": 126500.0}, ""panelB"": {""1392"": 8000.0, ""1393"": 7000.0, ""1394"": 10000.0, ""1395"": 9000.0, ""1396"": 8000.0, ""1397"": 15000.0, ""1398"": 15000.0, ""1399"": 25000.0, ""1400"": 40000.0, ""1401"": 50000.0, ""1402"": 90000.0, ""1403"": 125000.0}}",0,0,0,0,0,6,"Rates are annual sample-denominator summaries over years_present; no code is excluded. unit_value_instability_flag means p90/p10 > 10 in at least half of supported years; it can reflect quality/geographic dispersion, not a proven unit mismatch. unit_problem_flag also uses Price_Source heterogeneity as a review trigger, not proof of incompatible units."
11643,میوه\u200cهای جالیزی,1392;1393;1394;1395;1396;1397;1398;1399;1400;1401;1402;1403,0.06672068602890409,0.0565749659939483,0.0867901508429458,0.06339410754447908,0.0492362829592968,0.0822440087145969,0.0013450209176384086,0.00127842480393985,1.0,1.0,1.0,1.0,0.07463420434958108,0.05874115310530401,"{""all"": {""1392"": 14000.0, ""1393"": 10000.0, ""1394"": 20000.0, ""1395"": 15000.0, ""1396"": 15000.0, ""1397"": 20000.0, ""1398"": 30000.0, ""1399"": 48000.0, ""1400"": 70000.0, ""1401"": 100000.0, ""1402"": 150000.0, ""1403"": 200000.0}, ""panelB"": {""1392"": 15000.0, ""1393"": 10000.0, ""1394"": 20000.0, ""1395"": 15000.0, ""1396"": 15000.0, ""1397"": 20000.0, ""1398"": 30000.0, ""1399"": 45000.0, ""1400"": 70000.0, ""1401"": 100000.0, ""1402"": 150000.0, ""1403"": 211250.0}}",0,0,0,0,0,6,"Rates are annual sample-denominator summaries over years_present; no code is excluded. unit_value_instability_flag means p90/p10 > 10 in at least half of supported years; it can reflect quality/geographic dispersion, not a proven unit mismatch. unit_problem_flag also uses Price_Source heterogeneity as a review trigger, not proof of incompatible units."
11651,خشکبار,1392;1393;1394;1395;1396;1397;1398;1399;1400;1401;1402;1403,0.006087336866650652,0.0033549664503354,0.0096495119787045,0.006917857277068825,0.0033208289773076,0.0111091824336052,0.00018097334745291666,0.00019672225619405835,1.0,1.0,1.0,1.0,0.007726180838684034,0.004467850031687876,"{""all"": {""1392"": 90000.0, ""1393"": 100000.0, ""1394"": 100000.0, ""1395"": 120000.0, ""1396"": 120000.0, ""1397"": 195000.0, ""1398"": 250000.0, ""1399"": 350000.0, ""1400"": 600000.0, ""1401"": 1000000.0, ""1402"": 1500000.0, ""1403"": 2000000.0}, ""panelB"": {""1392"": 100000.0, ""1393"": 100000.0, ""1394"": 100000.0, ""1395"": 110000.0, ""1396"": 120000.0, ""1397"": 180000.0, ""1398"": 240000.0, ""1399"": 300000.0, ""1400"": 600000.0, ""1401"": 1000000.0, ""1402"": 1500000.0, ""1403"": 2165000.0}}",0,1,0,0,0,5,"Rates are annual sample-denominator summaries over years_present; no code is excluded. unit_value_instability_flag means p90/p10 > 10 in at least half of supported years; it can reflect quality/geographic dispersion, not a proven unit mismatch. unit_problem_flag also uses Price_Source heterogeneity as a review trigger, not proof of incompatible units."
11652,خشکبار,1392;1393;1394;1395;1396;1397;1398;1399;1400;1401;1402;1403,0.10346042148761325,0.0828925642963087,0.1320892791803878,0.11118729015407901,0.0885038196385317,0.1501475438291963,0.0021687939562786665,0.0022179318574393502,1.0,1.0,0.9999813446757705,1.0,0.10676767539087322,0.10000644077744153,"{""all"": {""1392"": 74000.0, ""1393"": 80000.0, ""1394"": 80000.0, ""1395"": 85000.0, ""1396"": 85000.0, ""1397"": 160000.0, ""1398"": 300000.0, ""1399"": 350000.0, ""1400"": 400000.0, ""1401"": 750000.0, ""1402"": 1200000.0, ""1403"": 1800000.0}, ""panelB"": {""1392"": 70000.0, ""1393"": 80000.0, ""1394"": 80000.0, ""1395"": 85000.0, ""1396"": 85000.0, ""1397"": 150000.0, ""1398"": 300000.0, ""1399"": 320000.0, ""1400"": 400000.0, ""1401"": 750000.0, ""1402"": 1200000.0, ""1403"": 1800000.0}}",0,0,0,0,0,5,"Rates are annual sample-denominator summaries over years_present; no code is excluded. unit_value_instability_flag means p90/p10 > 10 in at least half of supported years; it can reflect quality/geographic dispersion, not a proven unit mismatch. unit_problem_flag also uses Price_Source heterogeneity as a review trigger, not proof of incompatible units."
11653,خشکبار,1392;1393;1394;1395;1396;1397;1398;1399;1400;1401;1402;1403,0.06323993202399263,0.0526344736552634,0.0758374001774623,0.06893804381277907,0.056916119122792,0.0830999066293183,0.0013027327238506418,0.0014202354017219664,1.0,1.0,1.0,1.0,0.06682305088388278,0.05947016863485721,"{""all"": {""1392"": 45000.0, ""1393"": 50000.0, ""1394"": 50000.0, ""1395"": 57000.0, ""1396"": 60000.0, ""1397"": 90000.0, ""1398"": 180000.0, ""1399"": 250000.0, ""1400"": 320000.0, ""1401"": 480000.0, ""1402"": 700000.0, ""1403"": 950000.0}, ""panelB"": {""1392"": 45000.0, ""1393"": 48000.0, ""1394"": 50000.0, ""1395"": 55000.0, ""1396"": 60000.0, ""1397"": 85000.0, ""1398"": 180000.0, ""1399"": 240000.0, ""1400"": 300000.0, ""1401"": 480000.0, ""1402"": 680000.0, ""1403"": 950000.0}}",0,0,0,0,0,5,"Rates are annual sample-denominator summaries over years_present; no code is excluded. unit_value_instability_flag means p90/p10 > 10 in at least half of supported years; it can reflect quality/geographic dispersion, not a proven unit mismatch. unit_problem_flag also uses Price_Source heterogeneity as a review trigger, not proof of incompatible units."
11654,خشکبار,1392;1393;1394;1395;1396;1397;1398;1399;1400;1401;1402;1403,0.017251839067202682,0.0132693001693362,0.0223491570541259,0.02017751044831428,0.0172369656114002,0.0234295233489171,0.0004492197579541667,0.0005243281280918167,1.0,1.0,1.0,1.0,0.019108783899182157,0.015413604537498024,"{""all"": {""1392"": 100000.0, ""1393"": 120000.0, ""1394"": 130000.0, ""1395"": 140000.0, ""1396"": 150000.0, ""1397"": 200000.0, ""1398"": 260000.0, ""1399"": 350000.0, ""1400"": 450000.0, ""1401"": 750000.0, ""1402"": 1200000.0, ""1403"": 1600000.0}, ""panelB"": {""1392"": 100000.0, ""1393"": 120000.0, ""1394"": 130000.0, ""1395"": 130000.0, ""1396"": 130000.0, ""1397"": 200000.0, ""1398"": 250000.0, ""1399"": 340000.0, ""1400"": 400000.0, ""1401"": 700000.0, ""1402"": 1000000.0, ""1403"": 1400000.0}}",0,1,0,0,0,5,"Rates are annual sample-denominator summaries over years_present; no code is excluded. unit_value_instability_flag means p90/p10 > 10 in at least half of supported years; it can reflect quality/geographic dispersion, not a proven unit mismatch. unit_problem_flag also uses Price_Source heterogeneity as a review trigger, not proof of incompatible units."
11655,خشکبار,1392;1393;1394;1395;1396;1397;1398;1399;1400;1401;1402;1403,0.07904648515984367,0.0607001930988162,0.1019200714445188,0.09714665023179155,0.0767654182970001,0.1229528848576467,0.0006651670628506501,0.000838039575550775,0.0,0.0,0.0,0.0,0.07852537608748164,0.07936658537921495,"{""all"": {}, ""panelB"": {}}",0,0,1,0,0,5,"Rates are annual sample-denominator summaries over years_present; no code is excluded. unit_value_instability_flag means p90/p10 > 10 in at least half of supported years; it can reflect quality/geographic dispersion, not a proven unit mismatch. unit_problem_flag also uses Price_Source heterogeneity as a review trigger, not proof of incompatible units."
11656,خشکبار,1392;1393;1394;1395;1396;1397;1398;1399;1400;1401;1402;1403,0.0621574644690329,0.0528888400702987,0.0790903205831855,0.05759881423425922,0.0503152065044482,0.0692588092345079,0.00544510649121431,0.004905905076746583,1.0,1.0,1.0,1.0,0.07865592150532096,0.0454284583074405,"{""all"": {""1392"": 250000.0, ""1393"": 280000.0, ""1394"": 300000.0, ""1395"": 300000.0, ""1396"": 300000.0, ""1397"": 500000.0, ""1398"": 600000.0, ""1399"": 1100000.0, ""1400"": 1400000.0, ""1401"": 1600000.0, ""1402"": 2000000.0, ""1403"": 3000000.0}, ""panelB"": {""1392"": 250000.0, ""1393"": 280000.0, ""1394"": 300000.0, ""1395"": 300000.0, ""1396"": 297000.0, ""1397"": 500000.0, ""1398"": 600000.0, ""1399"": 1000000.0, ""1400"": 1375000.0, ""1401"": 1600000.0, ""1402"": 2000000.0, ""1403"": 2800000.0}}",0,0,0,0,0,5,"Rates are annual sample-denominator summaries over years_present; no code is excluded. unit_value_instability_flag means p90/p10 > 10 in at least half of supported years; it can reflect quality/geographic dispersion, not a proven unit mismatch. unit_problem_flag also uses Price_Source heterogeneity as a review trigger, not proof of incompatible units."
11657,خشکبار,1392;1393;1394;1395;1396;1397;1398;1399;1400;1401;1402;1403,0.005055421354856359,0.0021450487387656,0.009433700507755,0.004310553672493275,0.0013653042068435,0.0087592025364071,0.000319651995517175,0.0002751063923286963,1.0,1.0,1.0,1.0,0.006693022464695158,0.003434298788117525,"{""all"": {""1392"": 210000.0, ""1393"": 300000.0, ""1394"": 375000.0, ""1395"": 380000.0, ""1396"": 400000.0, ""1397"": 600000.0, ""1398"": 750000.0, ""1399"": 1600000.0, ""1400"": 2550000.0, ""1401"": 3000000.0, ""1402"": 4500000.0, ""1403"": 6900000.0}, ""panelB"": {""1392"": 220000.0, ""1393"": 300000.0, ""1394"": 350000.0, ""1395"": 350000.0, ""1396"": 400000.0, ""1397"": 600000.0, ""1398"": 600000.0, ""1399"": 1600000.0, ""1400"": 2500000.0, ""1401"": 3000000.0, ""1402"": 4600000.0, ""1403"": 7500000.0}}",0,1,0,0,0,5,"Rates are annual sample-denominator summaries over years_present; no code is excluded. unit_value_instability_flag means p90/p10 > 10 in at least half of supported years; it can reflect quality/geographic dispersion, not a proven unit mismatch. unit_problem_flag also uses Price_Source heterogeneity as a review trigger, not proof of incompatible units."
11658,خشکبار,1392;1393;1394;1395;1396;1397;1398;1399;1400;1401;1402;1403,0.025416703669357513,0.0127345298541909,0.0492555377297419,0.021714625814909367,0.0093011349091219,0.0472140253428224,0.0023106185400474165,0.0019082318379697169,1.0,1.0,1.0,1.0,0.03543713583918577,0.01544894053007246,"{""all"": {""1392"": 400000.0, ""1393"": 400000.0, ""1394"": 400000.0, ""1395"": 400000.0, ""1396"": 450000.0, ""1397"": 700000.0, ""1398"": 1400000.0, ""1399"": 1800000.0, ""1400"": 2800000.0, ""1401"": 4000000.0, ""1402"": 6500000.0, ""1403"": 7400000.0}, ""panelB"": {""1392"": 385000.0, ""1393"": 400000.0, ""1394"": 400000.0, ""1395"": 400000.0, ""1396"": 450000.0, ""1397"": 600000.0, ""1398"": 1400000.0, ""1399"": 1800000.0, ""1400"": 2700000.0, ""1401"": 4600000.0, ""1402"": 6500000.0, ""1403"": 7500000.0}}",0,1,0,0,0,5,"Rates are annual sample-denominator summaries over years_present; no code is excluded. unit_value_instability_flag means p90/p10 > 10 in at least half of supported years; it can reflect quality/geographic dispersion, not a proven unit mismatch. unit_problem_flag also uses Price_Source heterogeneity as a review trigger, not proof of incompatible units."
11659,خشکبار,1392;1393;1394;1395;1396;1397;1398;1399;1400;1401;1402;1403,0.020938785217911243,0.0169190136241207,0.0293563004869261,0.018027243687006155,0.0135841170323928,0.0270786321819128,0.0011354352421980498,0.0009330578212653082,1.0,1.0,1.0,1.0,0.027841750011347866,0.013981662505355957,"{""all"": {""1392"": 200000.0, ""1393"": 200000.0, ""1394"": 300000.0, ""1395"": 300000.0, ""1396"": 280000.0, ""1397"": 350000.0, ""1398"": 500000.0, ""1399"": 700000.0, ""1400"": 1000000.0, ""1401"": 1300000.0, ""1402"": 2500000.0, ""1403"": 2800000.0}, ""panelB"": {""1392"": 200000.0, ""1393"": 200000.0, ""1394"": 250000.0, ""1395"": 300000.0, ""1396"": 300000.0, ""1397"": 350000.0, ""1398"": 500000.0, ""1399"": 600000.0, ""1400"": 1000000.0, ""1401"": 1250000.0, ""1402"": 2500000.0, ""1403"": 2500000.0}}",0,1,0,0,0,5,"Rates are annual sample-denominator summaries over years_present; no code is excluded. unit_value_instability_flag means p90/p10 > 10 in at least half of supported years; it can reflect quality/geographic dispersion, not a proven unit mismatch. unit_problem_flag also uses Price_Source heterogeneity as a review trigger, not proof of incompatible units."
11661,خشکبار,1392;1393;1394;1395;1396;1397;1398;1399;1400;1401;1402;1403,0.19754326065127673,0.1660647859024138,0.2338371471192546,0.20334180399823634,0.1704070313166652,0.2444020135393161,0.00569316283153921,0.005685329157314407,1.0,1.0,1.0,1.0,0.2146257706018109,0.18001669540620882,"{""all"": {""1392"": 100000.0, ""1393"": 110000.0, ""1394"": 110000.0, ""1395"": 100000.0, ""1396"": 100000.0, ""1397"": 200000.0, ""1398"": 300000.0, ""1399"": 380000.0, ""1400"": 600000.0, ""1401"": 1000000.0, ""1402"": 1500000.0, ""1403"": 1800000.0}, ""panelB"": {""1392"": 100000.0, ""1393"": 100000.0, ""1394"": 100000.0, ""1395"": 100000.0, ""1396"": 100000.0, ""1397"": 200000.0, ""1398"": 300000.0, ""1399"": 390000.0, ""1400"": 600000.0, ""1401"": 1000000.0, ""1402"": 1500000.0, ""1403"": 1800000.0}}",0,0,0,0,0,5,"Rates are annual sample-denominator summaries over years_present; no code is excluded. unit_value_instability_flag means p90/p10 > 10 in at least half of supported years; it can reflect quality/geographic dispersion, not a proven unit mismatch. unit_problem_flag also uses Price_Source heterogeneity as a review trigger, not proof of incompatible units."
11662,خشکبار,1392;1393;1394;1395;1396;1397;1398;1399;1400;1401;1402;1403,0.05140175591613148,0.0267995329767302,0.0683948323904416,0.05019626967780321,0.0284153938049321,0.0641625020151539,0.006654321024885726,0.006130348899862766,1.0,1.0,1.0,1.0,0.05810957917031883,0.04463697786677175,"{""all"": {""1392"": 220000.0, ""1393"": 300000.0, ""1394"": 300000.0, ""1395"": 300000.0, ""1396"": 320000.0, ""1397"": 600000.0, ""1398"": 800000.0, ""1399"": 1400000.0, ""1400"": 2100000.0, ""1401"": 3500000.0, ""1402"": 4500000.0, ""1403"": 6500000.0}, ""panelB"": {""1392"": 200000.0, ""1393"": 260000.0, ""1394"": 300000.0, ""1395"": 280000.0, ""1396"": 300000.0, ""1397"": 500000.0, ""1398"": 700000.0, ""1399"": 1200000.0, ""1400"": 2000000.0, ""1401"": 3000000.0, ""1402"": 4500000.0, ""1403"": 6000000.0}}",0,0,0,0,0,5,"Rates are annual sample-denominator summaries over years_present; no code is excluded. unit_value_instability_flag means p90/p10 > 10 in at least half of supported years; it can reflect quality/geographic dispersion, not a proven unit mismatch. unit_problem_flag also uses Price_Source heterogeneity as a review trigger, not proof of incompatible units."
11663,خشکبار,1392;1393;1394;1395;1396;1397;1398;1399;1400;1401;1402;1403,0.011980106254610169,0.0072453710129639,0.0179957852706299,0.01176789318273881,0.0063350102478106,0.0184407096171802,0.00029367849531080834,0.00027940187219584997,1.0,1.0,1.0,1.0,0.012201030514368369,0.011740493259421768,"{""all"": {""1392"": 75000.0, ""1393"": 80000.0, ""1394"": 85000.0, ""1395"": 100000.0, ""1396"": 118800.0, ""1397"": 180000.0, ""1398"": 200000.0, ""1399"": 370000.0, ""1400"": 600000.0, ""1401"": 800000.0, ""1402"": 1300000.0, ""1403"": 1700000.0}, ""panelB"": {""1392"": 70000.0, ""1393"": 80000.0, ""1394"": 84000.0, ""1395"": 95000.0, ""1396"": 118800.0, ""1397"": 180000.0, ""1398"": 200000.0, ""1399"": 355000.0, ""1400"": 600000.0, ""1401"": 800000.0, ""1402"": 1375000.0, ""1403"": 1750000.0}}",0,1,0,0,0,5,"Rates are annual sample-denominator summaries over years_present; no code is excluded. unit_value_instability_flag means p90/p10 > 10 in at least half of supported years; it can reflect quality/geographic dispersion, not a proven unit mismatch. unit_problem_flag also uses Price_Source heterogeneity as a review trigger, not proof of incompatible units."
11664,خشکبار,1392;1393;1394;1395;1396;1397;1398;1399;1400;1401;1402;1403,0.01056767237362556,0.0079013820630481,0.0130226720012551,0.012902300164976248,0.0078504991893506,0.0171667413046723,0.0002426099526856,0.0003135039168852916,1.0,1.0,1.0,1.0,0.012027455860994025,0.009092623364837885,"{""all"": {""1392"": 100000.0, ""1393"": 100000.0, ""1394"": 97500.0, ""1395"": 120000.0, ""1396"": 100000.0, ""1397"": 160000.0, ""1398"": 200000.0, ""1399"": 260000.0, ""1400"": 450000.0, ""1401"": 700000.0, ""1402"": 1200000.0, ""1403"": 1500000.0}, ""panelB"": {""1392"": 100000.0, ""1393"": 100000.0, ""1394"": 100000.0, ""1395"": 120000.0, ""1396"": 100000.0, ""1397"": 160000.0, ""1398"": 200000.0, ""1399"": 250000.0, ""1400"": 450000.0, ""1401"": 750000.0, ""1402"": 1200000.0, ""1403"": 1500000.0}}",0,1,0,0,0,5,"Rates are annual sample-denominator summaries over years_present; no code is excluded. unit_value_instability_flag means p90/p10 > 10 in at least half of supported years; it can reflect quality/geographic dispersion, not a proven unit mismatch. unit_problem_flag also uses Price_Source heterogeneity as a review trigger, not proof of incompatible units."
11665,خشکبار,1392;1393;1394;1395;1396;1397;1398;1399;1400;1401;1402;1403,0.35658917877788404,0.3195645481767554,0.3981328940142778,0.3680864416828909,0.3296068567169741,0.4040901627108523,0.005409483398835183,0.0053560450156578746,0.0,0.0,0.0,0.0,0.360601266949039,0.3523435431165715,"{""all"": {}, ""panelB"": {}}",0,0,1,0,0,5,"Rates are annual sample-denominator summaries over years_present; no code is excluded. unit_value_instability_flag means p90/p10 > 10 in at least half of supported years; it can reflect quality/geographic dispersion, not a proven unit mismatch. unit_problem_flag also uses Price_Source heterogeneity as a review trigger, not proof of incompatible units."
11666,خشکبار,1392;1393;1394;1395;1396;1397;1398;1399;1400;1401;1402;1403,0.006122038984275266,0.0021548708476758,0.0134516633177048,0.008386686673493684,0.0035826242722794,0.0188124632569077,0.00019023088179401452,0.0002819670336076004,1.0,1.0,1.0,1.0,0.0068406869786002905,0.005409885798784409,"{""all"": {""1392"": 85000.0, ""1393"": 100000.0, ""1394"": 100000.0, ""1395"": 108000.0, ""1396"": 110000.0, ""1397"": 150000.0, ""1398"": 260000.0, ""1399"": 400000.0, ""1400"": 600000.0, ""1401"": 1100000.0, ""1402"": 1400000.0, ""1403"": 2000000.0}, ""panelB"": {""1392"": 80000.0, ""1393"": 100000.0, ""1394"": 100000.0, ""1395"": 108000.0, ""1396"": 110000.0, ""1397"": 165000.0, ""1398"": 260000.0, ""1399"": 400000.0, ""1400"": 600000.0, ""1401"": 1125000.0, ""1402"": 1400000.0, ""1403"": 2050000.0}}",0,1,0,0,0,5,"Rates are annual sample-denominator summaries over years_present; no code is excluded. unit_value_instability_flag means p90/p10 > 10 in at least half of supported years; it can reflect quality/geographic dispersion, not a proven unit mismatch. unit_problem_flag also uses Price_Source heterogeneity as a review trigger, not proof of incompatible units."
11667,خشکبار,1392;1393;1394;1395;1396;1397;1398;1399;1400;1401;1402;1403,0.005783796883157451,0.0040659821405594,0.0074235320384014,0.006274728773952475,0.0041797283176593,0.0083845723868082,0.00029625742787906667,0.00029708839281564165,1.0,1.0,1.0,1.0,0.007528313099604858,0.004017488103713058,"{""all"": {""1392"": 200000.0, ""1393"": 300000.0, ""1394"": 335000.0, ""1395"": 400000.0, ""1396"": 465000.0, ""1397"": 290000.0, ""1398"": 340000.0, ""1399"": 600000.0, ""1400"": 1000000.0, ""1401"": 1200000.0, ""1402"": 2000000.0, ""1403"": 2400000.0}, ""panelB"": {""1392"": 160000.0, ""1393"": 300000.0, ""1394"": 350000.0, ""1395"": 350000.0, ""1396"": 297000.0, ""1397"": 300000.0, ""1398"": 300000.0, ""1399"": 560000.0, ""1400"": 825000.0, ""1401"": 1200000.0, ""1402"": 2000000.0, ""1403"": 2200000.0}}",0,1,0,0,0,5,"Rates are annual sample-denominator summaries over years_present; no code is excluded. unit_value_instability_flag means p90/p10 > 10 in at least half of supported years; it can reflect quality/geographic dispersion, not a proven unit mismatch. unit_problem_flag also uses Price_Source heterogeneity as a review trigger, not proof of incompatible units."
11668,خشکبار,1392;1393;1394;1395;1396;1397;1398;1399;1400;1401;1402;1403,0.012103343494049873,0.0090474095259047,0.0141732695274705,0.012384154382400028,0.0086184828057001,0.0156512017887087,0.00048625832235902494,0.00046907820690305003,1.0,1.0,1.0,1.0,0.016066494761380175,0.008125249469757642,"{""all"": {""1392"": 160000.0, ""1393"": 160000.0, ""1394"": 180000.0, ""1395"": 220000.0, ""1396"": 300000.0, ""1397"": 350000.0, ""1398"": 500000.0, ""1399"": 600000.0, ""1400"": 1000000.0, ""1401"": 1500000.0, ""1402"": 1900000.0, ""1403"": 2100000.0}, ""panelB"": {""1392"": 170000.0, ""1393"": 160000.0, ""1394"": 180000.0, ""1395"": 200000.0, ""1396"": 300000.0, ""1397"": 320000.0, ""1398"": 400000.0, ""1399"": 600000.0, ""1400"": 1000000.0, ""1401"": 1500000.0, ""1402"": 1800000.0, ""1403"": 2000000.0}}",0,1,0,0,0,5,"Rates are annual sample-denominator summaries over years_present; no code is excluded. unit_value_instability_flag means p90/p10 > 10 in at least half of supported years; it can reflect quality/geographic dispersion, not a proven unit mismatch. unit_problem_flag also uses Price_Source heterogeneity as a review trigger, not proof of incompatible units."
11669,خشکبار,1392;1393;1394;1395;1396;1397;1398;1399;1400;1401;1402;1403,0.0070537287114111925,0.0038899616600901,0.0105907272299364,0.007605567569286368,0.0037264766163592,0.0119420809075981,0.00013151507748635212,0.00014237079486726896,1.0,1.0,1.0,1.0,0.008754748566499325,0.005344504841736718,"{""all"": {""1392"": 85000.0, ""1393"": 100000.0, ""1394"": 100000.0, ""1395"": 120000.0, ""1396"": 125000.0, ""1397"": 160000.0, ""1398"": 200000.0, ""1399"": 300000.0, ""1400"": 420000.0, ""1401"": 800000.0, ""1402"": 1200000.0, ""1403"": 1500000.0}, ""panelB"": {""1392"": 90000.0, ""1393"": 100000.0, ""1394"": 120000.0, ""1395"": 120000.0, ""1396"": 120000.0, ""1397"": 160000.0, ""1398"": 180000.0, ""1399"": 260000.0, ""1400"": 400000.0, ""1401"": 700000.0, ""1402"": 1100000.0, ""1403"": 1500000.0}}",0,1,0,0,0,5,"Rates are annual sample-denominator summaries over years_present; no code is excluded. unit_value_instability_flag means p90/p10 > 10 in at least half of supported years; it can reflect quality/geographic dispersion, not a proven unit mismatch. unit_problem_flag also uses Price_Source heterogeneity as a review trigger, not proof of incompatible units."
11711,سبزی\u200cهای برگی,1392;1393;1394;1395;1396;1397;1398;1399;1400;1401;1402;1403,0.30291561684543955,0.2844067885254047,0.346364941315545,0.27397277355199695,0.2476489028213166,0.3093212983856969,0.0030320592107852587,0.0027258092836415673,1.0,1.0,1.0,1.0,0.36984286779974185,0.23530142421823597,"{""all"": {""1392"": 15000.0, ""1393"": 15000.0, ""1394"": 20000.0, ""1395"": 20000.0, ""1396"": 20000.0, ""1397"": 30000.0, ""1398"": 40000.0, ""1399"": 60000.0, ""1400"": 100000.0, ""1401"": 130000.0, ""1402"": 200000.0, ""1403"": 280000.0}, ""panelB"": {""1392"": 15000.0, ""1393"": 16000.0, ""1394"": 20000.0, ""1395"": 20000.0, ""1396"": 20000.0, ""1397"": 30000.0, ""1398"": 40000.0, ""1399"": 60000.0, ""1400"": 90000.0, ""1401"": 130000.0, ""1402"": 200000.0, ""1403"": 280000.0}}",0,0,0,0,0,,"Rates are annual sample-denominator summaries over years_present; no code is excluded. unit_value_instability_flag means p90/p10 > 10 in at least half of supported years; it can reflect quality/geographic dispersion, not a proven unit mismatch. unit_problem_flag also uses Price_Source heterogeneity as a review trigger, not proof of incompatible units."
11712,سبزی\u200cهای برگی,1392;1393;1394;1395;1396;1397;1398;1399;1400;1401;1402;1403,0.1845422865159044,0.1464752469705874,0.2220774179236912,0.18007934709699605,0.1474419482726071,0.220199190787426,0.0019507680169636834,0.0019173855538404585,1.0,1.0,1.0,1.0,0.21378272246856203,0.15489523371054728,"{""all"": {""1392"": 15000.0, ""1393"": 15000.0, ""1394"": 17000.0, ""1395"": 20000.0, ""1396"": 20000.0, ""1397"": 25000.0, ""1398"": 40000.0, ""1399"": 50000.0, ""1400"": 80000.0, ""1401"": 120000.0, ""1402"": 150000.0, ""1403"": 250000.0}, ""panelB"": {""1392"": 15000.0, ""1393"": 16000.0, ""1394"": 18000.0, ""1395"": 20000.0, ""1396"": 20000.0, ""1397"": 25000.0, ""1398"": 40000.0, ""1399"": 50000.0, ""1400"": 80000.0, ""1401"": 120000.0, ""1402"": 150000.0, ""1403"": 250000.0}}",0,0,0,0,0,,"Rates are annual sample-denominator summaries over years_present; no code is excluded. unit_value_instability_flag means p90/p10 > 10 in at least half of supported years; it can reflect quality/geographic dispersion, not a proven unit mismatch. unit_problem_flag also uses Price_Source heterogeneity as a review trigger, not proof of incompatible units."
11713,سبزی\u200cهای برگی,1392;1393;1394;1395;1396;1397;1398;1399;1400;1401;1402;1403,0.6377000310247974,0.5991915080849192,0.6963888654338709,0.6287341497375608,0.5840412812283683,0.6865127582017011,0.009552565727754658,0.009284836736000357,1.0,1.0,1.0,1.0,0.708079221116237,0.5665659105901537,"{""all"": {""1392"": 20000.0, ""1393"": 20000.0, ""1394"": 20000.0, ""1395"": 25000.0, ""1396"": 25000.0, ""1397"": 30000.0, ""1398"": 50000.0, ""1399"": 70000.0, ""1400"": 120000.0, ""1401"": 170000.0, ""1402"": 300000.0, ""1403"": 400000.0}, ""panelB"": {""1392"": 20000.0, ""1393"": 20000.0, ""1394"": 20000.0, ""1395"": 25000.0, ""1396"": 25000.0, ""1397"": 30000.0, ""1398"": 50000.0, ""1399"": 70000.0, ""1400"": 120000.0, ""1401"": 180000.0, ""1402"": 300000.0, ""1403"": 400000.0}}",0,0,0,0,0,,"Rates are annual sample-denominator summaries over years_present; no code is excluded. unit_value_instability_flag means p90/p10 > 10 in at least half of supported years; it can reflect quality/geographic dispersion, not a proven unit mismatch. unit_problem_flag also uses Price_Source heterogeneity as a review trigger, not proof of incompatible units."
11714,سبزی\u200cهای برگی,1392;1393;1394;1395;1396;1397;1398;1399;1400;1401;1402;1403,0.25048126423245404,0.218313603671676,0.2959460958296362,0.2344674061814731,0.2048809625394658,0.2817460317460317,0.004217727516509117,0.004032798031538075,1.0,1.0,1.0,1.0,0.2799200814888977,0.22098135677461453,"{""all"": {""1392"": 15000.0, ""1393"": 20000.0, ""1394"": 20000.0, ""1395"": 20000.0, ""1396"": 20000.0, ""1397"": 30000.0, ""1398"": 40000.0, ""1399"": 60000.0, ""1400"": 100000.0, ""1401"": 150000.0, ""1402"": 230000.0, ""1403"": 350000.0}, ""panelB"": {""1392"": 15000.0, ""1393"": 18000.0, ""1394"": 20000.0, ""1395"": 20000.0, ""1396"": 20000.0, ""1397"": 30000.0, ""1398"": 40000.0, ""1399"": 60000.0, ""1400"": 100000.0, ""1401"": 150000.0, ""1402"": 215000.0, ""1403"": 300000.0}}",0,0,0,0,0,,"Rates are annual sample-denominator summaries over years_present; no code is excluded. unit_value_instability_flag means p90/p10 > 10 in at least half of supported years; it can reflect quality/geographic dispersion, not a proven unit mismatch. unit_problem_flag also uses Price_Source heterogeneity as a review trigger, not proof of incompatible units."
11715,سبزی\u200cهای برگی,1392;1393;1394;1395;1396;1397;1398;1399;1400;1401;1402;1403,0.0628164824870162,0.0472392466347633,0.0789101301295746,0.059419151357771656,0.0466365178066704,0.0750712021065076,0.0006697210676237082,0.00068149730009075,1.0,1.0,1.0,1.0,0.07199681335610457,0.0536888736510715,"{""all"": {""1392"": 19000.0, ""1393"": 18000.0, ""1394"": 20000.0, ""1395"": 20000.0, ""1396"": 20000.0, ""1397"": 30000.0, ""1398"": 40000.0, ""1399"": 50000.0, ""1400"": 90000.0, ""1401"": 150000.0, ""1402"": 200000.0, ""1403"": 300000.0}, ""panelB"": {""1392"": 20000.0, ""1393"": 16000.0, ""1394"": 20000.0, ""1395"": 20000.0, ""1396"": 20000.0, ""1397"": 25000.0, ""1398"": 40000.0, ""1399"": 50000.0, ""1400"": 80000.0, ""1401"": 140000.0, ""1402"": 200000.0, ""1403"": 300000.0}}",0,0,0,0,0,,"Rates are annual sample-denominator summaries over years_present; no code is excluded. unit_value_instability_flag means p90/p10 > 10 in at least half of supported years; it can reflect quality/geographic dispersion, not a proven unit mismatch. unit_problem_flag also uses Price_Source heterogeneity as a review trigger, not proof of incompatible units."
11716,سبزی\u200cهای برگی,1392;1393;1394;1395;1396;1397;1398;1399;1400;1401;1402;1403,0.0827296912521356,0.0634397636045082,0.1134566129077654,0.06911721351802035,0.0519480519480519,0.0980095742000504,0.0014323230523537584,0.0011902409560466752,1.0,1.0,1.0,1.0,0.12540075855429028,0.03965263372423803,"{""all"": {""1392"": 70000.0, ""1393"": 70000.0, ""1394"": 75000.0, ""1395"": 75000.0, ""1396"": 80000.0, ""1397"": 100000.0, ""1398"": 140000.0, ""1399"": 250000.0, ""1400"": 400000.0, ""1401"": 600000.0, ""1402"": 900000.0, ""1403"": 1300000.0}, ""panelB"": {""1392"": 69000.0, ""1393"": 70000.0, ""1394"": 70000.0, ""1395"": 75000.0, ""1396"": 80000.0, ""1397"": 90000.0, ""1398"": 140000.0, ""1399"": 250000.0, ""1400"": 400000.0, ""1401"": 600000.0, ""1402"": 900000.0, ""1403"": 1300000.0}}",0,0,0,0,0,,"Rates are annual sample-denominator summaries over years_present; no code is excluded. unit_value_instability_flag means p90/p10 > 10 in at least half of supported years; it can reflect quality/geographic dispersion, not a proven unit mismatch. unit_problem_flag also uses Price_Source heterogeneity as a review trigger, not proof of incompatible units."
11721,سبزی\u200cهای بوته\u200cای,1392;1393;1394;1395;1396;1397;1398;1399;1400;1401;1402;1403,0.7478561623398475,0.703646748681898,0.8104365447943933,0.7372793206898508,0.6949272373770106,0.8010762020482555,0.01159936989460871,0.01156001250309184,1.0,1.0,1.0,1.0,0.7938989989369146,0.7011135609106693,"{""all"": {""1392"": 17000.0, ""1393"": 15000.0, ""1394"": 18000.0, ""1395"": 16000.0, ""1396"": 20000.0, ""1397"": 30000.0, ""1398"": 40000.0, ""1399"": 55000.0, ""1400"": 100000.0, ""1401"": 140000.0, ""1402"": 200000.0, ""1403"": 300000.0}, ""panelB"": {""1392"": 17000.0, ""1393"": 15000.0, ""1394"": 20000.0, ""1395"": 16000.0, ""1396"": 20000.0, ""1397"": 30000.0, ""1398"": 40000.0, ""1399"": 50000.0, ""1400"": 90000.0, ""1401"": 140000.0, ""1402"": 200000.0, ""1403"": 300000.0}}",0,0,0,0,0,,"Rates are annual sample-denominator summaries over years_present; no code is excluded. unit_value_instability_flag means p90/p10 > 10 in at least half of supported years; it can reflect quality/geographic dispersion, not a proven unit mismatch. unit_problem_flag also uses Price_Source heterogeneity as a review trigger, not proof of incompatible units."
11722,سبزی\u200cهای بوته\u200cای,1392;1393;1394;1395;1396;1397;1398;1399;1400;1401;1402;1403,0.2139690769003261,0.193460565394346,0.2427706427000461,0.22260048032604762,0.202001132716632,0.2562505333219558,0.0020374427411038163,0.0022370569937394747,1.0,1.0,1.0,1.0,0.22723342776117209,0.20064548262421752,"{""all"": {""1392"": 15000.0, ""1393"": 15000.0, ""1394"": 15000.0, ""1395"": 15000.0, ""1396"": 19800.0, ""1397"": 25000.0, ""1398"": 30000.0, ""1399"": 50000.0, ""1400"": 80000.0, ""1401"": 120000.0, ""1402"": 150000.0, ""1403"": 200000.0}, ""panelB"": {""1392"": 15000.0, ""1393"": 15000.0, ""1394"": 15000.0, ""1395"": 15000.0, ""1396"": 19800.0, ""1397"": 25000.0, ""1398"": 32000.0, ""1399"": 50000.0, ""1400"": 80000.0, ""1401"": 120000.0, ""1402"": 150000.0, ""1403"": 200000.0}}",0,0,0,0,0,,"Rates are annual sample-denominator summaries over years_present; no code is excluded. unit_value_instability_flag means p90/p10 > 10 in at least half of supported years; it can reflect quality/geographic dispersion, not a proven unit mismatch. unit_problem_flag also uses Price_Source heterogeneity as a review trigger, not proof of incompatible units."
11723,سبزی\u200cهای بوته\u200cای,1392;1393;1394;1395;1396;1397;1398;1399;1400;1401;1402;1403,0.5485434119718912,0.5181088360660024,0.5995384052464184,0.5631433334453502,0.5236176043849751,0.5961796246648794,0.005533116655651991,0.005864252727198333,1.0,1.0,1.0,1.0,0.559979060017119,0.5369023763906512,"{""all"": {""1392"": 15000.0, ""1393"": 15000.0, ""1394"": 15000.0, ""1395"": 15000.0, ""1396"": 15000.0, ""1397"": 25000.0, ""1398"": 30000.0, ""1399"": 45000.0, ""1400"": 75000.0, ""1401"": 120000.0, ""1402"": 150000.0, ""1403"": 200000.0}, ""panelB"": {""1392"": 15000.0, ""1393"": 15000.0, ""1394"": 15000.0, ""1395"": 15000.0, ""1396"": 15000.0, ""1397"": 25000.0, ""1398"": 35000.0, ""1399"": 45000.0, ""1400"": 75000.0, ""1401"": 120000.0, ""1402"": 150000.0, ""1403"": 220000.0}}",0,0,0,0,0,,"Rates are annual sample-denominator summaries over years_present; no code is excluded. unit_value_instability_flag means p90/p10 > 10 in at least half of supported years; it can reflect quality/geographic dispersion, not a proven unit mismatch. unit_problem_flag also uses Price_Source heterogeneity as a review trigger, not proof of incompatible units."
11724,سبزی\u200cهای بوته\u200cای,1392;1393;1394;1395;1396;1397;1398;1399;1400;1401;1402;1403,0.8989035824813718,0.8659292382521377,0.9195586703819416,0.9048110336721944,0.8677414539483504,0.9229300468668634,0.018516289735714134,0.01894026792256292,1.0,1.0,1.0,1.0,0.9153343848940741,0.8822999498289735,"{""all"": {""1392"": 18000.0, ""1393"": 15000.0, ""1394"": 15000.0, ""1395"": 15000.0, ""1396"": 20000.0, ""1397"": 30000.0, ""1398"": 40000.0, ""1399"": 45000.0, ""1400"": 80000.0, ""1401"": 120000.0, ""1402"": 150000.0, ""1403"": 230000.0}, ""panelB"": {""1392"": 18000.0, ""1393"": 15000.0, ""1394"": 15000.0, ""1395"": 15000.0, ""1396"": 20000.0, ""1397"": 30000.0, ""1398"": 40000.0, ""1399"": 45000.0, ""1400"": 80000.0, ""1401"": 120000.0, ""1402"": 150000.0, ""1403"": 240000.0}}",0,0,0,0,0,,"Rates are annual sample-denominator summaries over years_present; no code is excluded. unit_value_instability_flag means p90/p10 > 10 in at least half of supported years; it can reflect quality/geographic dispersion, not a proven unit mismatch. unit_problem_flag also uses Price_Source heterogeneity as a review trigger, not proof of incompatible units."
11725,سبزی\u200cهای بوته\u200cای,1392;1393;1394;1395;1396;1397;1398;1399;1400;1401;1402;1403,0.07475890233635372,0.0624600949393443,0.0868776512614422,0.06985338224566422,0.0587902769926512,0.0805408583186361,0.001281227397635325,0.0011680365828869751,1.0,1.0,1.0,1.0,0.08947147094666663,0.059815246122225794,"{""all"": {""1392"": 20000.0, ""1393"": 25000.0, ""1394"": 25000.0, ""1395"": 25000.0, ""1396"": 30000.0, ""1397"": 40000.0, ""1398"": 50000.0, ""1399"": 80000.0, ""1400"": 150000.0, ""1401"": 180000.0, ""1402"": 300000.0, ""1403"": 380000.0}, ""panelB"": {""1392"": 20000.0, ""1393"": 25000.0, ""1394"": 28000.0, ""1395"": 25000.0, ""1396"": 30000.0, ""1397"": 40000.0, ""1398"": 60000.0, ""1399"": 80000.0, ""1400"": 150000.0, ""1401"": 180000.0, ""1402"": 320000.0, ""1403"": 400000.0}}",0,0,0,0,0,,"Rates are annual sample-denominator summaries over years_present; no code is excluded. unit_value_instability_flag means p90/p10 > 10 in at least half of supported years; it can reflect quality/geographic dispersion, not a proven unit mismatch. unit_problem_flag also uses Price_Source heterogeneity as a review trigger, not proof of incompatible units."
11726,سبزی\u200cهای بوته\u200cای,1392;1393;1394;1395;1396;1397;1398;1399;1400;1401;1402;1403,0.13862760557743675,0.1184330953688449,0.173463930873371,0.13455333701842212,0.1122555605314226,0.1676792223572296,0.0010859500416843168,0.0010690464582499832,1.0,1.0,1.0,1.0,0.17482479660163186,0.1019293142832352,"{""all"": {""1392"": 22000.0, ""1393"": 25000.0, ""1394"": 30000.0, ""1395"": 30000.0, ""1396"": 35000.0, ""1397"": 40000.0, ""1398"": 60000.0, ""1399"": 100000.0, ""1400"": 130000.0, ""1401"": 200000.0, ""1402"": 300000.0, ""1403"": 450000.0}, ""panelB"": {""1392"": 25000.0, ""1393"": 25000.0, ""1394"": 30000.0, ""1395"": 30000.0, ""1396"": 39600.0, ""1397"": 40000.0, ""1398"": 70000.0, ""1399"": 100000.0, ""1400"": 140000.0, ""1401"": 200000.0, ""1402"": 300000.0, ""1403"": 450000.0}}",0,0,0,0,0,,"Rates are annual sample-denominator summaries over years_present; no code is excluded. unit_value_instability_flag means p90/p10 > 10 in at least half of supported years; it can reflect quality/geographic dispersion, not a proven unit mismatch. unit_problem_flag also uses Price_Source heterogeneity as a review trigger, not proof of incompatible units."
11727,سبزی\u200cهای بوته\u200cای,1392;1393;1394;1395;1396;1397;1398;1399;1400;1401;1402;1403,0.0014960789338125415,0.0004441606751242,0.0027020180697458,0.0014467484375179998,0.0003726476616359,0.0023342670401493,2.259582563045412e-05,2.005749879000662e-05,1.0,1.0,1.0,1.0,0.0016067455162334333,0.001386011216617592,"{""all"": {""1392"": 20000.0, ""1393"": 20000.0, ""1394"": 30000.0, ""1395"": 30000.0, ""1396"": 30000.0, ""1397"": 30000.0, ""1398"": 40000.0, ""1399"": 70000.0, ""1400"": 100000.0, ""1401"": 160000.0, ""1402"": 275000.0, ""1403"": 400000.0}, ""panelB"": {""1392"": 20000.0, ""1393"": 20000.0, ""1394"": 30000.0, ""1395"": 30000.0, ""1396"": 32500.0, ""1397"": 35000.0, ""1398"": 50000.0, ""1399"": 80000.0, ""1400"": 105000.0, ""1401"": 150000.0, ""1402"": 300000.0, ""1403"": 325000.0}}",0,1,0,0,0,,"Rates are annual sample-denominator summaries over years_present; no code is excluded. unit_value_instability_flag means p90/p10 > 10 in at least half of supported years; it can reflect quality/geographic dispersion, not a proven unit mismatch. unit_problem_flag also uses Price_Source heterogeneity as a review trigger, not proof of incompatible units."
11731,سبزی\u200cهای ریشه\u200cای,1392;1393;1394;1395;1396;1397;1398;1399;1400;1401;1402;1403,0.9246340133024268,0.9042389058863524,0.9359975372904598,0.9289586861707769,0.909538737124944,0.9435459073857696,0.021726103291473297,0.02219985293546067,1.0,1.0,1.0,1.0,0.9330396722354065,0.9160999930315357,"{""all"": {""1392"": 20000.0, ""1393"": 15000.0, ""1394"": 10000.0, ""1395"": 11000.0, ""1396"": 15000.0, ""1397"": 20000.0, ""1398"": 40000.0, ""1399"": 40000.0, ""1400"": 70000.0, ""1401"": 150000.0, ""1402"": 150000.0, ""1403"": 200000.0}, ""panelB"": {""1392"": 20000.0, ""1393"": 16000.0, ""1394"": 10000.0, ""1395"": 12000.0, ""1396"": 15000.0, ""1397"": 20000.0, ""1398"": 40000.0, ""1399"": 40000.0, ""1400"": 70000.0, ""1401"": 150000.0, ""1402"": 150000.0, ""1403"": 200000.0}}",0,0,0,0,0,,"Rates are annual sample-denominator summaries over years_present; no code is excluded. unit_value_instability_flag means p90/p10 > 10 in at least half of supported years; it can reflect quality/geographic dispersion, not a proven unit mismatch. unit_problem_flag also uses Price_Source heterogeneity as a review trigger, not proof of incompatible units."
11732,سبزی\u200cهای ریشه\u200cای,1392;1393;1394;1395;1396;1397;1398;1399;1400;1401;1402;1403,0.8860081661238682,0.8649622892635315,0.9025541668940676,0.8796673963339733,0.8560535325241208,0.9005596211795093,0.013352828069547067,0.013303666123094292,1.0,1.0,1.0,1.0,0.8970187540557654,0.8747890533979462,"{""all"": {""1392"": 13000.0, ""1393"": 12500.0, ""1394"": 13000.0, ""1395"": 12000.0, ""1396"": 20000.0, ""1397"": 20000.0, ""1398"": 40000.0, ""1399"": 40000.0, ""1400"": 60000.0, ""1401"": 110000.0, ""1402"": 150000.0, ""1403"": 250000.0}, ""panelB"": {""1392"": 13000.0, ""1393"": 13000.0, ""1394"": 13000.0, ""1395"": 12000.0, ""1396"": 20000.0, ""1397"": 20000.0, ""1398"": 40000.0, ""1399"": 40000.0, ""1400"": 60000.0, ""1401"": 120000.0, ""1402"": 150000.0, ""1403"": 250000.0}}",0,0,0,0,0,,"Rates are annual sample-denominator summaries over years_present; no code is excluded. unit_value_instability_flag means p90/p10 > 10 in at least half of supported years; it can reflect quality/geographic dispersion, not a proven unit mismatch. unit_problem_flag also uses Price_Source heterogeneity as a review trigger, not proof of incompatible units."
11733,سبزی\u200cهای ریشه\u200cای,1392;1393;1394;1395;1396;1397;1398;1399;1400;1401;1402;1403,0.0679381341792656,0.0384518512299555,0.0965027406778352,0.06216119488883854,0.0322340227315073,0.0884718498659517,0.0009379534020369666,0.0008541267781427501,1.0,1.0,1.0,1.0,0.0815476449707402,0.05410581172209617,"{""all"": {""1392"": 30000.0, ""1393"": 40000.0, ""1394"": 60000.0, ""1395"": 100000.0, ""1396"": 140000.0, ""1397"": 60000.0, ""1398"": 90000.0, ""1399"": 250000.0, ""1400"": 300000.0, ""1401"": 350000.0, ""1402"": 500000.0, ""1403"": 1000000.0}, ""panelB"": {""1392"": 30000.0, ""1393"": 40000.0, ""1394"": 60000.0, ""1395"": 100000.0, ""1396"": 140000.0, ""1397"": 70000.0, ""1398"": 90000.0, ""1399"": 220000.0, ""1400"": 300000.0, ""1401"": 350000.0, ""1402"": 500000.0, ""1403"": 1000000.0}}",0,0,0,0,0,,"Rates are annual sample-denominator summaries over years_present; no code is excluded. unit_value_instability_flag means p90/p10 > 10 in at least half of supported years; it can reflect quality/geographic dispersion, not a proven unit mismatch. unit_problem_flag also uses Price_Source heterogeneity as a review trigger, not proof of incompatible units."
11734,سبزی\u200cهای ریشه\u200cای,1392;1393;1394;1395;1396;1397;1398;1399;1400;1401;1402;1403,0.30929318541513956,0.2776601030307785,0.3599876157505137,0.290118028697887,0.2677199204685904,0.332754730081583,0.0025677259797446165,0.002430160807777575,1.0,1.0,1.0,1.0,0.35669586857311336,0.26128590661428924,"{""all"": {""1392"": 12000.0, ""1393"": 12000.0, ""1394"": 15000.0, ""1395"": 15000.0, ""1396"": 15000.0, ""1397"": 25000.0, ""1398"": 30000.0, ""1399"": 50000.0, ""1400"": 80000.0, ""1401"": 100000.0, ""1402"": 120000.0, ""1403"": 200000.0}, ""panelB"": {""1392"": 13000.0, ""1393"": 12000.0, ""1394"": 15000.0, ""1395"": 15000.0, ""1396"": 15000.0, ""1397"": 25000.0, ""1398"": 30000.0, ""1399"": 50000.0, ""1400"": 80000.0, ""1401"": 100000.0, ""1402"": 120000.0, ""1403"": 200000.0}}",0,0,0,0,0,,"Rates are annual sample-denominator summaries over years_present; no code is excluded. unit_value_instability_flag means p90/p10 > 10 in at least half of supported years; it can reflect quality/geographic dispersion, not a proven unit mismatch. unit_problem_flag also uses Price_Source heterogeneity as a review trigger, not proof of incompatible units."
11735,سبزی\u200cهای ریشه\u200cای,1392;1393;1394;1395;1396;1397;1398;1399;1400;1401;1402;1403,0.05667466120232404,0.0443241547030673,0.0709700826077249,0.058126108677068626,0.0437378713240782,0.0744100109179474,0.0005946115071365583,0.0006333378587931667,1.0,1.0,1.0,1.0,0.06316871299707237,0.05011311847207239,"{""all"": {""1392"": 15000.0, ""1393"": 15000.0, ""1394"": 15000.0, ""1395"": 16000.0, ""1396"": 19800.0, ""1397"": 25000.0, ""1398"": 30000.0, ""1399"": 50000.0, ""1400"": 80000.0, ""1401"": 120000.0, ""1402"": 150000.0, ""1403"": 260000.0}, ""panelB"": {""1392"": 15000.0, ""1393"": 15000.0, ""1394"": 15000.0, ""1395"": 15000.0, ""1396"": 20000.0, ""1397"": 25000.0, ""1398"": 30000.0, ""1399"": 50000.0, ""1400"": 80000.0, ""1401"": 120000.0, ""1402"": 150000.0, ""1403"": 280000.0}}",0,0,0,0,0,,"Rates are annual sample-denominator summaries over years_present; no code is excluded. unit_value_instability_flag means p90/p10 > 10 in at least half of supported years; it can reflect quality/geographic dispersion, not a proven unit mismatch. unit_problem_flag also uses Price_Source heterogeneity as a review trigger, not proof of incompatible units."
11741,سایر انواع سبزی,1392;1393;1394;1395;1396;1397;1398;1399;1400;1401;1402;1403,0.006084518153390901,0.0026026362186214,0.0101649553513986,0.0034056060707352252,0.0014905906465436,0.0059628789787519,0.000251253915261325,0.00015232694926334595,1.0,1.0,1.0,1.0,0.009843828914520335,0.0022868708003728165,"{""all"": {""1392"": 85000.0, ""1393"": 100000.0, ""1394"": 100000.0, ""1395"": 115000.0, ""1396"": 140000.0, ""1397"": 150000.0, ""1398"": 200000.0, ""1399"": 300000.0, ""1400"": 600000.0, ""1401"": 850000.0, ""1402"": 1200000.0, ""1403"": 1700000.0}, ""panelB"": {""1392"": 80000.0, ""1393"": 100000.0, ""1394"": 100000.0, ""1395"": 110000.0, ""1396"": 150000.0, ""1397"": 140000.0, ""1398"": 200000.0, ""1399"": 280000.0, ""1400"": 600000.0, ""1401"": 700000.0, ""1402"": 1350000.0, ""1403"": 1500000.0}}",0,1,0,0,0,,"Rates are annual sample-denominator summaries over years_present; no code is excluded. unit_value_instability_flag means p90/p10 > 10 in at least half of supported years; it can reflect quality/geographic dispersion, not a proven unit mismatch. unit_problem_flag also uses Price_Source heterogeneity as a review trigger, not proof of incompatible units."
11742,سایر انواع سبزی,1392;1393;1394;1395;1396;1397;1398;1399;1400;1401;1402;1403,0.0074177192818124515,0.0036871420726445,0.0109769484083424,0.007880009063919325,0.0046275563516942,0.0100614868641699,0.0001278201572514148,0.00014412354055827798,1.0,1.0,1.0,1.0,0.010100580589377876,0.004692213534362233,"{""all"": {""1392"": 15000.0, ""1393"": 15000.0, ""1394"": 20000.0, ""1395"": 20000.0, ""1396"": 25000.0, ""1397"": 30000.0, ""1398"": 40000.0, ""1399"": 70000.0, ""1400"": 100000.0, ""1401"": 150000.0, ""1402"": 200000.0, ""1403"": 250000.0}, ""panelB"": {""1392"": 15000.0, ""1393"": 15000.0, ""1394"": 20000.0, ""1395"": 20000.0, ""1396"": 20000.0, ""1397"": 30000.0, ""1398"": 35000.0, ""1399"": 40000.0, ""1400"": 80000.0, ""1401"": 120000.0, ""1402"": 150000.0, ""1403"": 250000.0}}",0,1,0,0,0,,"Rates are annual sample-denominator summaries over years_present; no code is excluded. unit_value_instability_flag means p90/p10 > 10 in at least half of supported years; it can reflect quality/geographic dispersion, not a proven unit mismatch. unit_problem_flag also uses Price_Source heterogeneity as a review trigger, not proof of incompatible units."
11751,سبزی\u200cهای آماده بسته\u200cبندی شده,1392;1393;1394;1395;1396;1397;1398;1399;1400;1401;1402;1403,0.00867500206934386,0.0051424485755142,0.0152192672785753,0.008832884913244009,0.0054118683531558,0.0180623973727422,0.00010373598109015928,9.870277826845107e-05,1.0,1.0,1.0,1.0,0.009229169844092567,0.008112400786215416,"{""all"": {""1392"": 75000.0, ""1393"": 120000.0, ""1394"": 150000.0, ""1395"": 160000.0, ""1396"": 150000.0, ""1397"": 200000.0, ""1398"": 300000.0, ""1399"": 500000.0, ""1400"": 730000.0, ""1401"": 1000000.0, ""1402"": 1500000.0, ""1403"": 1750000.0}, ""panelB"": {""1392"": 75000.0, ""1393"": 100000.0, ""1394"": 150000.0, ""1395"": 150000.0, ""1396"": 189000.0, ""1397"": 200000.0, ""1398"": 300000.0, ""1399"": 470000.0, ""1400"": 875000.0, ""1401"": 1150000.0, ""1402"": 1700000.0, ""1403"": 2000000.0}}",0,1,0,0,0,,"Rates are annual sample-denominator summaries over years_present; no code is excluded. unit_value_instability_flag means p90/p10 > 10 in at least half of supported years; it can reflect quality/geographic dispersion, not a proven unit mismatch. unit_problem_flag also uses Price_Source heterogeneity as a review trigger, not proof of incompatible units."
11752,سبزی\u200cهای آماده بسته\u200cبندی شده,1392;1393;1394;1395;1396;1397;1398;1399;1400;1401;1402;1403,0.014558934071666618,0.0069642906689603,0.020708991477667,0.01301164202198001,0.0058573808372292,0.0210032980385349,0.00031585512939647707,0.0002577824223144244,1.0,1.0,1.0,1.0,0.018750685077262613,0.010238618766884934,"{""all"": {""1392"": 30000.0, ""1393"": 35000.0, ""1394"": 35000.0, ""1395"": 40000.0, ""1396"": 46000.0, ""1397"": 70000.0, ""1398"": 90000.0, ""1399"": 110000.0, ""1400"": 200000.0, ""1401"": 320000.0, ""1402"": 450000.0, ""1403"": 680000.0}, ""panelB"": {""1392"": 31666.5, ""1393"": 40000.0, ""1394"": 40000.0, ""1395"": 40000.0, ""1396"": 48000.0, ""1397"": 80000.0, ""1398"": 90000.0, ""1399"": 105000.0, ""1400"": 200000.0, ""1401"": 300000.0, ""1402"": 425000.0, ""1403"": 650000.0}}",0,1,0,0,0,,"Rates are annual sample-denominator summaries over years_present; no code is excluded. unit_value_instability_flag means p90/p10 > 10 in at least half of supported years; it can reflect quality/geographic dispersion, not a proven unit mismatch. unit_problem_flag also uses Price_Source heterogeneity as a review trigger, not proof of incompatible units."
11753,سبزی\u200cهای آماده بسته\u200cبندی شده,1392;1393;1394;1395;1396;1397;1398;1399;1400;1401;1402;1403,0.0073127256256342995,0.0048694484090336,0.0091355927841684,0.007801070761395883,0.0047196526335661,0.0111266728913787,0.00014036475621435833,0.000135351649635,1.0,1.0,1.0,1.0,0.008387288239090043,0.006223455205793233,"{""all"": {""1392"": 55000.0, ""1393"": 55000.0, ""1394"": 60000.0, ""1395"": 60000.0, ""1396"": 70000.0, ""1397"": 110000.0, ""1398"": 180000.0, ""1399"": 240000.0, ""1400"": 350000.0, ""1401"": 500000.0, ""1402"": 750000.0, ""1403"": 1090000.0}, ""panelB"": {""1392"": 50000.0, ""1393"": 50000.0, ""1394"": 60000.0, ""1395"": 60000.0, ""1396"": 70000.0, ""1397"": 100000.0, ""1398"": 180000.0, ""1399"": 220000.0, ""1400"": 342857.0, ""1401"": 514285.0, ""1402"": 810810.0, ""1403"": 1000000.0}}",0,1,0,0,0,,"Rates are annual sample-denominator summaries over years_present; no code is excluded. unit_value_instability_flag means p90/p10 > 10 in at least half of supported years; it can reflect quality/geographic dispersion, not a proven unit mismatch. unit_problem_flag also uses Price_Source heterogeneity as a review trigger, not proof of incompatible units."
11754,سبزی\u200cهای آماده بسته\u200cبندی شده,1392;1393;1394;1395;1396;1397;1398;1399;1400;1401;1402;1403,0.0051322051375872505,0.001679120141046,0.0104861274548259,0.0047524643608558995,0.0016769144773616,0.0103000447828034,5.241183251230389e-05,4.585782491952912e-05,0.0,0.0,0.0,0.0,0.00520758263662105,0.005053145162294883,"{""all"": {}, ""panelB"": {}}",0,1,1,0,0,,"Rates are annual sample-denominator summaries over years_present; no code is excluded. unit_value_instability_flag means p90/p10 > 10 in at least half of supported years; it can reflect quality/geographic dispersion, not a proven unit mismatch. unit_problem_flag also uses Price_Source heterogeneity as a review trigger, not proof of incompatible units."
11761,حبوب,1392;1393;1394;1395;1396;1397;1398;1399;1400;1401;1402;1403,0.24532487115430945,0.1960932471384994,0.2765909538686706,0.2321432672267292,0.1775666107695174,0.2561663711107528,0.004664536435659267,0.0043914834177510255,1.0,1.0,1.0,1.0,0.24033514974881068,0.25024196395378934,"{""all"": {""1392"": 45000.0, ""1393"": 40000.0, ""1394"": 45000.0, ""1395"": 70000.0, ""1396"": 85000.0, ""1397"": 90000.0, ""1398"": 100000.0, ""1399"": 200000.0, ""1400"": 350000.0, ""1401"": 500000.0, ""1402"": 600000.0, ""1403"": 890000.0}, ""panelB"": {""1392"": 45000.0, ""1393"": 40000.0, ""1394"": 45000.0, ""1395"": 70000.0, ""1396"": 85000.0, ""1397"": 90000.0, ""1398"": 100000.0, ""1399"": 200000.0, ""1400"": 350000.0, ""1401"": 500000.0, ""1402"": 600000.0, ""1403"": 900000.0}}",0,0,0,0,0,,"Rates are annual sample-denominator summaries over years_present; no code is excluded. unit_value_instability_flag means p90/p10 > 10 in at least half of supported years; it can reflect quality/geographic dispersion, not a proven unit mismatch. unit_problem_flag also uses Price_Source heterogeneity as a review trigger, not proof of incompatible units."
11762,حبوب,1392;1393;1394;1395;1396;1397;1398;1399;1400;1401;1402;1403,0.21703886841747802,0.1701788262950214,0.2541585746854682,0.21226533374184578,0.1680640953978013,0.2423021118813477,0.003902807985364433,0.003763124001291741,1.0,1.0,1.0,1.0,0.2188468145292807,0.21518844155818326,"{""all"": {""1392"": 54000.0, ""1393"": 50000.0, ""1394"": 55000.0, ""1395"": 70000.0, ""1396"": 85000.0, ""1397"": 90000.0, ""1398"": 120000.0, ""1399"": 250000.0, ""1400"": 400000.0, ""1401"": 540000.0, ""1402"": 620000.0, ""1403"": 900000.0}, ""panelB"": {""1392"": 52000.0, ""1393"": 50000.0, ""1394"": 55000.0, ""1395"": 70000.0, ""1396"": 85000.0, ""1397"": 90000.0, ""1398"": 120000.0, ""1399"": 250000.0, ""1400"": 400000.0, ""1401"": 540000.0, ""1402"": 600000.0, ""1403"": 900000.0}}",0,0,0,0,0,,"Rates are annual sample-denominator summaries over years_present; no code is excluded. unit_value_instability_flag means p90/p10 > 10 in at least half of supported years; it can reflect quality/geographic dispersion, not a proven unit mismatch. unit_problem_flag also uses Price_Source heterogeneity as a review trigger, not proof of incompatible units."
11763,حبوب,1392;1393;1394;1395;1396;1397;1398;1399;1400;1401;1402;1403,0.18925422246989484,0.1699223346669804,0.2032142756621351,0.17247653206852043,0.1531581889323644,0.1910187667560321,0.0044955550997012915,0.004024693478437283,1.0,1.0,1.0,1.0,0.20623470022989146,0.17196093552337519,"{""all"": {""1392"": 80000.0, ""1393"": 70000.0, ""1394"": 70000.0, ""1395"": 80000.0, ""1396"": 100000.0, ""1397"": 120000.0, ""1398"": 140000.0, ""1399"": 280000.0, ""1400"": 450000.0, ""1401"": 620000.0, ""1402"": 800000.0, ""1403"": 1200000.0}, ""panelB"": {""1392"": 80000.0, ""1393"": 70000.0, ""1394"": 70000.0, ""1395"": 80000.0, ""1396"": 100000.0, ""1397"": 115000.0, ""1398"": 140000.0, ""1399"": 270000.0, ""1400"": 450000.0, ""1401"": 600000.0, ""1402"": 800000.0, ""1403"": 1150000.0}}",0,0,0,0,0,,"Rates are annual sample-denominator summaries over years_present; no code is excluded. unit_value_instability_flag means p90/p10 > 10 in at least half of supported years; it can reflect quality/geographic dispersion, not a proven unit mismatch. unit_problem_flag also uses Price_Source heterogeneity as a review trigger, not proof of incompatible units."
11764,حبوب,1392;1393;1394;1395;1396;1397;1398;1399;1400;1401;1402;1403,0.1780794182384605,0.1519044020933031,0.2057755636240817,0.1834084565776818,0.1476351987940456,0.2188856101371289,0.003842000262958592,0.0039868111568102755,1.0,1.0,1.0,1.0,0.17809261575541172,0.1780684116084438,"{""all"": {""1392"": 65000.0, ""1393"": 60000.0, ""1394"": 60000.0, ""1395"": 70000.0, ""1396"": 80000.0, ""1397"": 90000.0, ""1398"": 120000.0, ""1399"": 250000.0, ""1400"": 380000.0, ""1401"": 510000.0, ""1402"": 680000.0, ""1403"": 1100000.0}, ""panelB"": {""1392"": 65000.0, ""1393"": 60000.0, ""1394"": 60000.0, ""1395"": 70000.0, ""1396"": 80000.0, ""1397"": 90000.0, ""1398"": 120000.0, ""1399"": 250000.0, ""1400"": 380000.0, ""1401"": 500000.0, ""1402"": 650000.0, ""1403"": 1100000.0}}",0,0,0,0,0,,"Rates are annual sample-denominator summaries over years_present; no code is excluded. unit_value_instability_flag means p90/p10 > 10 in at least half of supported years; it can reflect quality/geographic dispersion, not a proven unit mismatch. unit_problem_flag also uses Price_Source heterogeneity as a review trigger, not proof of incompatible units."
11765,حبوب,1392;1393;1394;1395;1396;1397;1398;1399;1400;1401;1402;1403,0.03821731826072792,0.0274997250027499,0.0512422360248447,0.038588704324629214,0.0295247034729925,0.0503423591658885,0.0007297742280174334,0.0007298121032633668,1.0,1.0,1.0,1.0,0.03892183089970547,0.03744929099639678,"{""all"": {""1392"": 60000.0, ""1393"": 60000.0, ""1394"": 60000.0, ""1395"": 70000.0, ""1396"": 80000.0, ""1397"": 96000.0, ""1398"": 140000.0, ""1399"": 260000.0, ""1400"": 360000.0, ""1401"": 500000.0, ""1402"": 700000.0, ""1403"": 1000000.0}, ""panelB"": {""1392"": 60000.0, ""1393"": 60000.0, ""1394"": 60000.0, ""1395"": 70000.0, ""1396"": 80000.0, ""1397"": 95500.0, ""1398"": 140000.0, ""1399"": 250000.0, ""1400"": 350000.0, ""1401"": 500000.0, ""1402"": 700000.0, ""1403"": 1050000.0}}",0,1,0,0,0,,"Rates are annual sample-denominator summaries over years_present; no code is excluded. unit_value_instability_flag means p90/p10 > 10 in at least half of supported years; it can reflect quality/geographic dispersion, not a proven unit mismatch. unit_problem_flag also uses Price_Source heterogeneity as a review trigger, not proof of incompatible units."
11766,حبوب,1392;1393;1394;1395;1396;1397;1398;1399;1400;1401;1402;1403,0.18837461882002796,0.154646964990345,0.2127854388058045,0.1990955271745486,0.1578251840664527,0.22235254691689,0.001527107516465783,0.001593335738854675,1.0,1.0,1.0,1.0,0.18525305026738484,0.19152943598796004,"{""all"": {""1392"": 35000.0, ""1393"": 40000.0, ""1394"": 50000.0, ""1395"": 55000.0, ""1396"": 60000.0, ""1397"": 75000.0, ""1398"": 100000.0, ""1399"": 140000.0, ""1400"": 300000.0, ""1401"": 400000.0, ""1402"": 600000.0, ""1403"": 800000.0}, ""panelB"": {""1392"": 35000.0, ""1393"": 40000.0, ""1394"": 50000.0, ""1395"": 52000.0, ""1396"": 60000.0, ""1397"": 80000.0, ""1398"": 100000.0, ""1399"": 140000.0, ""1400"": 300000.0, ""1401"": 400000.0, ""1402"": 600000.0, ""1403"": 850000.0}}",0,0,0,0,0,,"Rates are annual sample-denominator summaries over years_present; no code is excluded. unit_value_instability_flag means p90/p10 > 10 in at least half of supported years; it can reflect quality/geographic dispersion, not a proven unit mismatch. unit_problem_flag also uses Price_Source heterogeneity as a review trigger, not proof of incompatible units."
11767,حبوب,1392;1393;1394;1395;1396;1397;1398;1399;1400;1401;1402;1403,0.016633637902405324,0.0106043361185909,0.0222274522109777,0.017335988969503422,0.009502515371716,0.0249290938946111,0.000302148558909,0.00030988370014908335,1.0,1.0,1.0,1.0,0.017208975025314707,0.016026212108871566,"{""all"": {""1392"": 60000.0, ""1393"": 55000.0, ""1394"": 60000.0, ""1395"": 75000.0, ""1396"": 80000.0, ""1397"": 95000.0, ""1398"": 120000.0, ""1399"": 250000.0, ""1400"": 380000.0, ""1401"": 550000.0, ""1402"": 700000.0, ""1403"": 1000000.0}, ""panelB"": {""1392"": 65000.0, ""1393"": 58000.0, ""1394"": 60000.0, ""1395"": 70000.0, ""1396"": 80000.0, ""1397"": 96000.0, ""1398"": 130000.0, ""1399"": 250000.0, ""1400"": 380000.0, ""1401"": 550000.0, ""1402"": 700000.0, ""1403"": 1000000.0}}",0,1,0,0,0,,"Rates are annual sample-denominator summaries over years_present; no code is excluded. unit_value_instability_flag means p90/p10 > 10 in at least half of supported years; it can reflect quality/geographic dispersion, not a proven unit mismatch. unit_problem_flag also uses Price_Source heterogeneity as a review trigger, not proof of incompatible units."
11768,حبوب,1392;1393;1394;1395;1396;1397;1398;1399;1400;1401;1402;1403,0.36487940208165043,0.3418490815091849,0.3967181738861212,0.3752136356017231,0.3551066641495186,0.3974958353484873,0.007187802528925567,0.007471804555558184,1.0,1.0,1.0,1.0,0.3604305400765411,0.36916694499493213,"{""all"": {""1392"": 50000.0, ""1393"": 45000.0, ""1394"": 58000.0, ""1395"": 70000.0, ""1396"": 75000.0, ""1397"": 76000.0, ""1398"": 90000.0, ""1399"": 230000.0, ""1400"": 350000.0, ""1401"": 500000.0, ""1402"": 620000.0, ""1403"": 940000.0}, ""panelB"": {""1392"": 45000.0, ""1393"": 45000.0, ""1394"": 55000.0, ""1395"": 70000.0, ""1396"": 74000.0, ""1397"": 75000.0, ""1398"": 90000.0, ""1399"": 220000.0, ""1400"": 350000.0, ""1401"": 500000.0, ""1402"": 600000.0, ""1403"": 950000.0}}",0,0,0,0,0,,"Rates are annual sample-denominator summaries over years_present; no code is excluded. unit_value_instability_flag means p90/p10 > 10 in at least half of supported years; it can reflect quality/geographic dispersion, not a proven unit mismatch. unit_problem_flag also uses Price_Source heterogeneity as a review trigger, not proof of incompatible units."
11769,حبوب,1392;1393;1394;1395;1396;1397;1398;1399;1400;1401;1402;1403,0.03582779402627043,0.0254106848011641,0.0435644116990399,0.03864230047031634,0.0255263648220607,0.0488788107835726,0.0007084655215906168,0.000804351401252875,1.0,1.0,1.0,1.0,0.036135110089928556,0.035468717126859985,"{""all"": {""1392"": 50000.0, ""1393"": 50000.0, ""1394"": 60000.0, ""1395"": 70000.0, ""1396"": 75000.0, ""1397"": 80000.0, ""1398"": 120000.0, ""1399"": 240000.0, ""1400"": 350000.0, ""1401"": 500000.0, ""1402"": 600000.0, ""1403"": 900000.0}, ""panelB"": {""1392"": 45000.0, ""1393"": 50000.0, ""1394"": 60000.0, ""1395"": 70000.0, ""1396"": 70000.0, ""1397"": 80000.0, ""1398"": 120000.0, ""1399"": 230000.0, ""1400"": 350000.0, ""1401"": 500000.0, ""1402"": 600000.0, ""1403"": 900000.0}}",0,1,0,0,0,,"Rates are annual sample-denominator summaries over years_present; no code is excluded. unit_value_instability_flag means p90/p10 > 10 in at least half of supported years; it can reflect quality/geographic dispersion, not a proven unit mismatch. unit_problem_flag also uses Price_Source heterogeneity as a review trigger, not proof of incompatible units."
11811,قند و شکر,1392;1393;1394;1395;1396;1397;1398;1399;1400;1401;1402;1403,0.6465608481813826,0.5658914728682171,0.6949030271080159,0.6760216361017304,0.6087199552822806,0.7166424848191735,0.020347921764488252,0.021965259987719563,1.0,1.0,1.0,1.0,0.6032462912082571,0.6903633572790503,"{""all"": {""1392"": 25000.0, ""1393"": 27000.0, ""1394"": 30000.0, ""1395"": 36000.0, ""1396"": 37000.0, ""1397"": 45000.0, ""1398"": 70000.0, ""1399"": 100000.0, ""1400"": 175000.0, ""1401"": 300000.0, ""1402"": 400000.0, ""1403"": 600000.0}, ""panelB"": {""1392"": 25000.0, ""1393"": 27000.0, ""1394"": 30000.0, ""1395"": 36000.0, ""1396"": 36630.0, ""1397"": 45000.0, ""1398"": 70000.0, ""1399"": 100000.0, ""1400"": 175000.0, ""1401"": 300000.0, ""1402"": 400000.0, ""1403"": 600000.0}}",0,0,0,0,0,3,"Rates are annual sample-denominator summaries over years_present; no code is excluded. unit_value_instability_flag means p90/p10 > 10 in at least half of supported years; it can reflect quality/geographic dispersion, not a proven unit mismatch. unit_problem_flag also uses Price_Source heterogeneity as a review trigger, not proof of incompatible units."
11812,قند و شکر,1392;1393;1394;1395;1396;1397;1398;1399;1400;1401;1402;1403,0.3312416222016062,0.2775585593149189,0.3671367052267162,0.30798002976196587,0.2543320290665176,0.354290934494062,0.005768138323435965,0.005503098508568116,1.0,1.0,1.0,1.0,0.3448660542786834,0.31748662326627564,"{""all"": {""1392"": 20000.0, ""1393"": 23000.0, ""1394"": 25000.0, ""1395"": 30000.0, ""1396"": 30000.0, ""1397"": 38000.0, ""1398"": 60000.0, ""1399"": 89000.0, ""1400"": 150000.0, ""1401"": 240000.0, ""1402"": 350000.0, ""1403"": 490000.0}, ""panelB"": {""1392"": 20000.0, ""1393"": 24000.0, ""1394"": 25000.0, ""1395"": 30000.0, ""1396"": 30000.0, ""1397"": 38000.0, ""1398"": 60000.0, ""1399"": 88000.0, ""1400"": 150000.0, ""1401"": 240000.0, ""1402"": 350000.0, ""1403"": 480000.0}}",0,0,0,0,0,3,"Rates are annual sample-denominator summaries over years_present; no code is excluded. unit_value_instability_flag means p90/p10 > 10 in at least half of supported years; it can reflect quality/geographic dispersion, not a proven unit mismatch. unit_problem_flag also uses Price_Source heterogeneity as a review trigger, not proof of incompatible units."
11821,مرباها و شیرینی\u200cها,1392;1393;1394;1395;1396;1397;1398;1399;1400;1401;1402;1403,0.11550610003554967,0.0961296280748887,0.1334840366153159,0.10797795970377144,0.0904514037033876,0.1294196691022087,0.007762059288899517,0.007119174088292791,1.0,1.0,1.0,1.0,0.14591443016327804,0.08481034424890034,"{""all"": {""1392"": 200000.0, ""1393"": 200000.0, ""1394"": 214285.0, ""1395"": 250000.0, ""1396"": 300000.0, ""1397"": 400000.0, ""1398"": 500000.0, ""1399"": 750000.0, ""1400"": 1200000.0, ""1401"": 1800000.0, ""1402"": 2500000.0, ""1403"": 3000000.0}, ""panelB"": {""1392"": 200000.0, ""1393"": 200000.0, ""1394"": 220000.0, ""1395"": 250000.0, ""1396"": 300000.0, ""1397"": 380000.0, ""1398"": 500000.0, ""1399"": 750000.0, ""1400"": 1100000.0, ""1401"": 1800000.0, ""1402"": 2500000.0, ""1403"": 3000000.0}}",0,0,0,0,0,3,"Rates are annual sample-denominator summaries over years_present; no code is excluded. unit_value_instability_flag means p90/p10 > 10 in at least half of supported years; it can reflect quality/geographic dispersion, not a proven unit mismatch. unit_problem_flag also uses Price_Source heterogeneity as a review trigger, not proof of incompatible units."
11822,مرباها و شیرینی\u200cها,1392;1393;1394;1395;1396;1397;1398;1399;1400;1401;1402;1403,0.030763967417481452,0.0221490023796448,0.0366461200709279,0.03191214036774881,0.0225406777130915,0.0420760896951373,0.0009216563104336999,0.0008365335198311999,1.0,1.0,1.0,1.0,0.032800893565814095,0.02867187573295407,"{""all"": {""1392"": 65000.0, ""1393"": 70000.0, ""1394"": 80000.0, ""1395"": 90000.0, ""1396"": 100000.0, ""1397"": 150000.0, ""1398"": 200000.0, ""1399"": 360000.0, ""1400"": 500000.0, ""1401"": 800000.0, ""1402"": 1062500.0, ""1403"": 1500000.0}, ""panelB"": {""1392"": 60000.0, ""1393"": 67500.0, ""1394"": 80000.0, ""1395"": 90000.0, ""1396"": 95000.0, ""1397"": 120000.0, ""1398"": 200000.0, ""1399"": 350000.0, ""1400"": 460000.0, ""1401"": 800000.0, ""1402"": 1000000.0, ""1403"": 1400000.0}}",0,1,0,0,0,3,"Rates are annual sample-denominator summaries over years_present; no code is excluded. unit_value_instability_flag means p90/p10 > 10 in at least half of supported years; it can reflect quality/geographic dispersion, not a proven unit mismatch. unit_problem_flag also uses Price_Source heterogeneity as a review trigger, not proof of incompatible units."
11823,مرباها و شیرینی\u200cها,1392;1393;1394;1395;1396;1397;1398;1399;1400;1401;1402;1403,0.15983589816041316,0.1418016959113424,0.1827493409490334,0.17554589078848315,0.1421355258208393,0.2136334177811819,0.0021609325875360835,0.0024109903649131748,1.0,1.0,1.0,1.0,0.17103407156388298,0.1483490026053909,"{""all"": {""1392"": 60000.0, ""1393"": 70000.0, ""1394"": 80000.0, ""1395"": 85000.0, ""1396"": 95000.0, ""1397"": 120000.0, ""1398"": 160000.0, ""1399"": 220000.0, ""1400"": 380000.0, ""1401"": 625000.0, ""1402"": 900000.0, ""1403"": 1200000.0}, ""panelB"": {""1392"": 60000.0, ""1393"": 70000.0, ""1394"": 80000.0, ""1395"": 85000.0, ""1396"": 90000.0, ""1397"": 100000.0, ""1398"": 150000.0, ""1399"": 200000.0, ""1400"": 380000.0, ""1401"": 600000.0, ""1402"": 900000.0, ""1403"": 1200000.0}}",0,0,0,0,0,3,"Rates are annual sample-denominator summaries over years_present; no code is excluded. unit_value_instability_flag means p90/p10 > 10 in at least half of supported years; it can reflect quality/geographic dispersion, not a proven unit mismatch. unit_problem_flag also uses Price_Source heterogeneity as a review trigger, not proof of incompatible units."
11831,مرباها و شیرینی\u200cها,1392;1393;1394;1395;1396;1397;1398;1399;1400;1401;1402;1403,0.11778574913577212,0.0944535969247666,0.1334684342368206,0.12824512145613617,0.0989699955217196,0.1449401145634438,0.0021648557836361666,0.0023838690722694667,1.0,1.0,1.0,1.0,0.12877780178016765,0.10650706826437588,"{""all"": {""1392"": 90000.0, ""1393"": 120000.0, ""1394"": 120000.0, ""1395"": 120000.0, ""1396"": 130000.0, ""1397"": 180000.0, ""1398"": 300000.0, ""1399"": 400000.0, ""1400"": 700000.0, ""1401"": 1000000.0, ""1402"": 1400000.0, ""1403"": 1800000.0}, ""panelB"": {""1392"": 90000.0, ""1393"": 110000.0, ""1394"": 120000.0, ""1395"": 120000.0, ""1396"": 130000.0, ""1397"": 180000.0, ""1398"": 280000.0, ""1399"": 400000.0, ""1400"": 600000.0, ""1401"": 1000000.0, ""1402"": 1500000.0, ""1403"": 1800000.0}}",0,0,0,0,0,3,"Rates are annual sample-denominator summaries over years_present; no code is excluded. unit_value_instability_flag means p90/p10 > 10 in at least half of supported years; it can reflect quality/geographic dispersion, not a proven unit mismatch. unit_problem_flag also uses Price_Source heterogeneity as a review trigger, not proof of incompatible units."
11832,مرباها و شیرینی\u200cها,1392;1393;1394;1395;1396;1397;1398;1399;1400;1401;1402;1403,0.02598215215449611,0.015376166941241,0.0438233555686903,0.026970427429984064,0.018808777429467,0.0482555111959729,0.00036958590868011663,0.0003897952047044332,1.0,1.0,1.0,1.0,0.03086800935966985,0.020990036775968782,"{""all"": {""1392"": 70000.0, ""1393"": 80000.0, ""1394"": 100000.0, ""1395"": 125000.0, ""1396"": 130000.0, ""1397"": 180000.0, ""1398"": 300000.0, ""1399"": 450450.0, ""1400"": 700000.0, ""1401"": 1000000.0, ""1402"": 1500000.0, ""1403"": 2500000.0}, ""panelB"": {""1392"": 70000.0, ""1393"": 62000.0, ""1394"": 70000.0, ""1395"": 100000.0, ""1396"": 100000.0, ""1397"": 150000.0, ""1398"": 300000.0, ""1399"": 450140.5, ""1400"": 700000.0, ""1401"": 950000.0, ""1402"": 1500000.0, ""1403"": 2000000.0}}",0,1,0,0,0,2,"Rates are annual sample-denominator summaries over years_present; no code is excluded. unit_value_instability_flag means p90/p10 > 10 in at least half of supported years; it can reflect quality/geographic dispersion, not a proven unit mismatch. unit_problem_flag also uses Price_Source heterogeneity as a review trigger, not proof of incompatible units."
11833,مرباها و شیرینی\u200cها,1392;1393;1394;1395;1396;1397;1398;1399;1400;1401;1402;1403,0.010465410382840316,0.0060550109967688,0.0154023168850186,0.010366209930407667,0.0052052222885911,0.0143304970891177,0.0005030761442701917,0.0004869513554685667,1.0,1.0,1.0,1.0,0.011642579439649059,0.009307663020629008,"{""all"": {""1392"": 100000.0, ""1393"": 120000.0, ""1394"": 140000.0, ""1395"": 150000.0, ""1396"": 150000.0, ""1397"": 240000.0, ""1398"": 340000.0, ""1399"": 600000.0, ""1400"": 1000000.0, ""1401"": 1700000.0, ""1402"": 2200000.0, ""1403"": 3000000.0}, ""panelB"": {""1392"": 120000.0, ""1393"": 120000.0, ""1394"": 130000.0, ""1395"": 150000.0, ""1396"": 140000.0, ""1397"": 240000.0, ""1398"": 340000.0, ""1399"": 600000.0, ""1400"": 900000.0, ""1401"": 2000000.0, ""1402"": 2200000.0, ""1403"": 2500000.0}}",0,1,0,0,0,2,"Rates are annual sample-denominator summaries over years_present; no code is excluded. unit_value_instability_flag means p90/p10 > 10 in at least half of supported years; it can reflect quality/geographic dispersion, not a proven unit mismatch. unit_problem_flag also uses Price_Source heterogeneity as a review trigger, not proof of incompatible units."
11834,مرباها و شیرینی\u200cها,1392;1393;1394;1395;1396;1397;1398;1399;1400;1401;1402;1403,0.00357680864241555,0.0016750878734622,0.0052467068542085,0.002953523708492292,0.001296176279974,0.0050268096514745,0.00011734479842385029,8.513524644622568e-05,1.0,1.0,1.0,1.0,0.004616695857652374,0.0025462786944942333,"{""all"": {""1392"": 100000.0, ""1393"": 120000.0, ""1394"": 140000.0, ""1395"": 140000.0, ""1396"": 160000.0, ""1397"": 200000.0, ""1398"": 300000.0, ""1399"": 500000.0, ""1400"": 800000.0, ""1401"": 1000000.0, ""1402"": 1400000.0, ""1403"": 1800000.0}, ""panelB"": {""1392"": 100000.0, ""1393"": 100000.0, ""1394"": 120000.0, ""1395"": 145000.0, ""1396"": 150000.0, ""1397"": 200000.0, ""1398"": 300000.0, ""1399"": 400000.0, ""1400"": 650000.0, ""1401"": 1000000.0, ""1402"": 1500000.0, ""1403"": 1300000.0}}",0,1,0,0,0,2,"Rates are annual sample-denominator summaries over years_present; no code is excluded. unit_value_instability_flag means p90/p10 > 10 in at least half of supported years; it can reflect quality/geographic dispersion, not a proven unit mismatch. unit_problem_flag also uses Price_Source heterogeneity as a review trigger, not proof of incompatible units."
11835,مرباها و شیرینی\u200cها,1392;1393;1394;1395;1396;1397;1398;1399;1400;1401;1402;1403,0.041288267097316374,0.0311401581722319,0.047932846944379,0.040330636931362414,0.0331114122429741,0.047754691689008,0.0012718625889338584,0.0012677986489001835,1.0,1.0,1.0,1.0,0.04783569332659484,0.034663230522292136,"{""all"": {""1392"": 65000.0, ""1393"": 75000.0, ""1394"": 80000.0, ""1395"": 90000.0, ""1396"": 100000.0, ""1397"": 120000.0, ""1398"": 180000.0, ""1399"": 200000.0, ""1400"": 380000.0, ""1401"": 600000.0, ""1402"": 1100000.0, ""1403"": 1600000.0}, ""panelB"": {""1392"": 65000.0, ""1393"": 75000.0, ""1394"": 80000.0, ""1395"": 90000.0, ""1396"": 100000.0, ""1397"": 120000.0, ""1398"": 180000.0, ""1399"": 200000.0, ""1400"": 380000.0, ""1401"": 600000.0, ""1402"": 1000000.0, ""1403"": 1500000.0}}",0,1,0,0,0,2,"Rates are annual sample-denominator summaries over years_present; no code is excluded. unit_value_instability_flag means p90/p10 > 10 in at least half of supported years; it can reflect quality/geographic dispersion, not a proven unit mismatch. unit_problem_flag also uses Price_Source heterogeneity as a review trigger, not proof of incompatible units."
11838,مرباها و شیرینی\u200cها,1392;1393;1394;1395;1396;1397;1398;1399;1400;1401;1402;1403,0.0011162724131932168,0.0006049939500604,0.0016887612935911,0.0009774678222678832,0.0005302539327166,0.0015622287797257,3.2073969900619e-05,2.4665893907704726e-05,1.0,1.0,1.0,1.0,0.0012780725857723333,0.00095109005043945,"{""all"": {""1392"": 90000.0, ""1393"": 80000.0, ""1394"": 87500.0, ""1395"": 80000.0, ""1396"": 100500.0, ""1397"": 122500.0, ""1398"": 210000.0, ""1399"": 300000.0, ""1400"": 390000.0, ""1401"": 700000.0, ""1402"": 775000.0, ""1403"": 1500000.0}, ""panelB"": {""1392"": 60000.0, ""1393"": 55000.0, ""1394"": 77500.0, ""1395"": 70000.0, ""1396"": 130000.0, ""1397"": 137500.0, ""1398"": 200000.0, ""1399"": 300000.0, ""1400"": 380000.0, ""1401"": 700000.0, ""1402"": 1100000.0, ""1403"": 1000000.0}}",0,1,0,0,0,1,"Rates are annual sample-denominator summaries over years_present; no code is excluded. unit_value_instability_flag means p90/p10 > 10 in at least half of supported years; it can reflect quality/geographic dispersion, not a proven unit mismatch. unit_problem_flag also uses Price_Source heterogeneity as a review trigger, not proof of incompatible units."
11839,مرباها و شیرینی\u200cها,1392;1393;1394;1395;1396;1397;1398;1399;1400;1401;1402;1403,0.1674129273642411,0.1360391036906854,0.1920312976887433,0.1679312876475397,0.1358628409827373,0.195972921367818,0.0038377414414496915,0.0037454592355099254,1.0,1.0,1.0,1.0,0.1760614330657855,0.15836773059878545,"{""all"": {""1392"": 80000.0, ""1393"": 80000.0, ""1394"": 85000.0, ""1395"": 100000.0, ""1396"": 100000.0, ""1397"": 150000.0, ""1398"": 210000.0, ""1399"": 350000.0, ""1400"": 550000.0, ""1401"": 900000.0, ""1402"": 1300000.0, ""1403"": 1800000.0}, ""panelB"": {""1392"": 80000.0, ""1393"": 80000.0, ""1394"": 85000.0, ""1395"": 95000.0, ""1396"": 100000.0, ""1397"": 150000.0, ""1398"": 200000.0, ""1399"": 320000.0, ""1400"": 500000.0, ""1401"": 900000.0, ""1402"": 1400000.0, ""1403"": 1800000.0}}",0,0,0,0,0,2,"Rates are annual sample-denominator summaries over years_present; no code is excluded. unit_value_instability_flag means p90/p10 > 10 in at least half of supported years; it can reflect quality/geographic dispersion, not a proven unit mismatch. unit_problem_flag also uses Price_Source heterogeneity as a review trigger, not proof of incompatible units."
11841,مرباها و شیرینی\u200cها,1392;1393;1394;1395;1396;1397;1398;1399;1400;1401;1402;1403,0.20378415156018057,0.1885381146188538,0.2215784270650263,0.22020576771833622,0.1999244855578629,0.2283530696229108,0.0032187469465345757,0.0036079546580350084,1.0,1.0,1.0,1.0,0.2007233241377271,0.2066121461854562,"{""all"": {""1392"": 33000.0, ""1393"": 36000.0, ""1394"": 40000.0, ""1395"": 48000.0, ""1396"": 50000.0, ""1397"": 60000.0, ""1398"": 100000.0, ""1399"": 150000.0, ""1400"": 230000.0, ""1401"": 400000.0, ""1402"": 550000.0, ""1403"": 750000.0}, ""panelB"": {""1392"": 32000.0, ""1393"": 35000.0, ""1394"": 40000.0, ""1395"": 47778.0, ""1396"": 50000.0, ""1397"": 60000.0, ""1398"": 100000.0, ""1399"": 140000.0, ""1400"": 220000.0, ""1401"": 380000.0, ""1402"": 550000.0, ""1403"": 750000.0}}",0,0,0,0,0,2,"Rates are annual sample-denominator summaries over years_present; no code is excluded. unit_value_instability_flag means p90/p10 > 10 in at least half of supported years; it can reflect quality/geographic dispersion, not a proven unit mismatch. unit_problem_flag also uses Price_Source heterogeneity as a review trigger, not proof of incompatible units."
11842,مرباها و شیرینی\u200cها,1392;1393;1394;1395;1396;1397;1398;1399;1400;1401;1402;1403,0.21262630478803865,0.1503092379593093,0.2737376114641353,0.23052882651090234,0.1691162615413604,0.2909389461113599,0.0012558354922693167,0.0013416163892980917,0.0,0.0,0.0,0.0,0.226076954568717,0.19878146182774029,"{""all"": {}, ""panelB"": {}}",0,0,1,0,0,2,"Rates are annual sample-denominator summaries over years_present; no code is excluded. unit_value_instability_flag means p90/p10 > 10 in at least half of supported years; it can reflect quality/geographic dispersion, not a proven unit mismatch. unit_problem_flag also uses Price_Source heterogeneity as a review trigger, not proof of incompatible units."
11843,مرباها و شیرینی\u200cها,1392;1393;1394;1395;1396;1397;1398;1399;1400;1401;1402;1403,0.01464301025399536,0.0050933310945064,0.024894746476295,0.015730417686895284,0.0035401527855412,0.0292580982236154,0.00028666178563978447,0.0002918602641178166,1.0,1.0,1.0,1.0,0.015659155759889857,0.013591537867550471,"{""all"": {""1392"": 50000.0, ""1393"": 50000.0, ""1394"": 56409.0, ""1395"": 65789.0, ""1396"": 70000.0, ""1397"": 100000.0, ""1398"": 170000.0, ""1399"": 225000.0, ""1400"": 400000.0, ""1401"": 700000.0, ""1402"": 850000.0, ""1403"": 1000000.0}, ""panelB"": {""1392"": 50000.0, ""1393"": 50000.0, ""1394"": 50000.0, ""1395"": 60000.0, ""1396"": 60000.0, ""1397"": 80000.0, ""1398"": 160000.0, ""1399"": 200000.0, ""1400"": 400000.0, ""1401"": 650000.0, ""1402"": 850000.0, ""1403"": 1000000.0}}",0,1,0,0,0,2,"Rates are annual sample-denominator summaries over years_present; no code is excluded. unit_value_instability_flag means p90/p10 > 10 in at least half of supported years; it can reflect quality/geographic dispersion, not a proven unit mismatch. unit_problem_flag also uses Price_Source heterogeneity as a review trigger, not proof of incompatible units."
11844,مرباها و شیرینی\u200cها,1392;1393;1394;1395;1396;1397;1398;1399;1400;1401;1402;1403,0.03840696752300874,0.0298883385106204,0.0470038560049537,0.04536738102835113,0.0361751016320037,0.0552443199502023,0.00040986425583465844,0.00047382038074485834,0.0,0.0,0.0,0.0,0.039542497271953296,0.037233907265272,"{""all"": {}, ""panelB"": {}}",0,1,1,0,0,2,"Rates are annual sample-denominator summaries over years_present; no code is excluded. unit_value_instability_flag means p90/p10 > 10 in at least half of supported years; it can reflect quality/geographic dispersion, not a proven unit mismatch. unit_problem_flag also uses Price_Source heterogeneity as a review trigger, not proof of incompatible units."
11845,مرباها و شیرینی\u200cها,1392;1393;1394;1395;1396;1397;1398;1399;1400;1401;1402;1403,0.0037356031995747427,0.0016750878734622,0.0056292043119705,0.0039847473490005674,0.00159076179815,0.006269592476489,6.287494476694173e-05,6.211163939313421e-05,1.0,1.0,1.0,1.0,0.0052508143792204835,0.002223175622161467,"{""all"": {""1392"": 50000.0, ""1393"": 60000.0, ""1394"": 70000.0, ""1395"": 80000.0, ""1396"": 85000.0, ""1397"": 90000.0, ""1398"": 120000.0, ""1399"": 160000.0, ""1400"": 300000.0, ""1401"": 420000.0, ""1402"": 700000.0, ""1403"": 900000.0}, ""panelB"": {""1392"": 50000.0, ""1393"": 70000.0, ""1394"": 65000.0, ""1395"": 80000.0, ""1396"": 90000.0, ""1397"": 90000.0, ""1398"": 120000.0, ""1399"": 150000.0, ""1400"": 275000.0, ""1401"": 400000.0, ""1402"": 700000.0, ""1403"": 950000.0}}",0,1,0,0,0,2,"Rates are annual sample-denominator summaries over years_present; no code is excluded. unit_value_instability_flag means p90/p10 > 10 in at least half of supported years; it can reflect quality/geographic dispersion, not a proven unit mismatch. unit_problem_flag also uses Price_Source heterogeneity as a review trigger, not proof of incompatible units."
11911,انواع ادویه,1392;1393;1394;1395;1396;1397;1398;1399;1400;1401;1402;1403,0.45041699392141177,0.3826434948087202,0.501900613190533,0.47484716582738434,0.4119619899385131,0.5216293191466495,0.002017058212686967,0.0021611141762895667,1.0,1.0,1.0,1.0,0.42435014957174616,0.47637986771355384,"{""all"": {""1392"": 6000.0, ""1393"": 7750.0, ""1394"": 9000.0, ""1395"": 10000.0, ""1396"": 10000.0, ""1397"": 10000.0, ""1398"": 17000.0, ""1399"": 25000.0, ""1400"": 40000.0, ""1401"": 60000.0, ""1402"": 95000.0, ""1403"": 125000.0}, ""panelB"": {""1392"": 6000.0, ""1393"": 7500.0, ""1394"": 9000.0, ""1395"": 10000.0, ""1396"": 10000.0, ""1397"": 10000.0, ""1398"": 15000.0, ""1399"": 20000.0, ""1400"": 40000.0, ""1401"": 60000.0, ""1402"": 90000.0, ""1403"": 125000.0}}",0,0,0,0,0,,"Rates are annual sample-denominator summaries over years_present; no code is excluded. unit_value_instability_flag means p90/p10 > 10 in at least half of supported years; it can reflect quality/geographic dispersion, not a proven unit mismatch. unit_problem_flag also uses Price_Source heterogeneity as a review trigger, not proof of incompatible units."
11912,انواع ادویه,1392;1393;1394;1395;1396;1397;1398;1399;1400;1401;1402;1403,0.004971093201581616,0.0028833479789103,0.0064188434918508,0.005120735788073166,0.0026512696635833,0.006970689510372,3.105765825078316e-05,3.3352375168342975e-05,1.0,1.0,1.0,1.0,0.0047123567999118165,0.005241615008649426,"{""all"": {""1392"": 5000.0, ""1393"": 5000.0, ""1394"": 5000.0, ""1395"": 5000.0, ""1396"": 8000.0, ""1397"": 14000.0, ""1398"": 17500.0, ""1399"": 20000.0, ""1400"": 45000.0, ""1401"": 70000.0, ""1402"": 70000.0, ""1403"": 120000.0}, ""panelB"": {""1392"": 5000.0, ""1393"": 5000.0, ""1394"": 5000.0, ""1395"": 5000.0, ""1396"": 9000.0, ""1397"": 12500.0, ""1398"": 20000.0, ""1399"": 20000.0, ""1400"": 45000.0, ""1401"": 70000.0, ""1402"": 70000.0, ""1403"": 120000.0}}",0,1,0,0,0,,"Rates are annual sample-denominator summaries over years_present; no code is excluded. unit_value_instability_flag means p90/p10 > 10 in at least half of supported years; it can reflect quality/geographic dispersion, not a proven unit mismatch. unit_problem_flag also uses Price_Source heterogeneity as a review trigger, not proof of incompatible units."
11913,انواع ادویه,1392;1393;1394;1395;1396;1397;1398;1399;1400;1401;1402;1403,0.1387123345258897,0.1152995830184983,0.160488614934279,0.13462387834169004,0.106577231227874,0.1553549730949488,0.0012366055727698582,0.0011974536661846166,1.0,1.0,1.0,1.0,0.13724487545379047,0.14004729870635466,"{""all"": {""1392"": 200000.0, ""1393"": 200000.0, ""1394"": 240000.0, ""1395"": 300000.0, ""1396"": 250000.0, ""1397"": 350000.0, ""1398"": 500000.0, ""1399"": 700000.0, ""1400"": 1000000.0, ""1401"": 1600000.0, ""1402"": 2500000.0, ""1403"": 3860000.0}, ""panelB"": {""1392"": 200000.0, ""1393"": 240000.0, ""1394"": 260000.0, ""1395"": 300000.0, ""1396"": 300000.0, ""1397"": 350000.0, ""1398"": 550000.0, ""1399"": 700000.0, ""1400"": 1000000.0, ""1401"": 1700000.0, ""1402"": 2500000.0, ""1403"": 3800000.0}}",0,0,0,0,0,,"Rates are annual sample-denominator summaries over years_present; no code is excluded. unit_value_instability_flag means p90/p10 > 10 in at least half of supported years; it can reflect quality/geographic dispersion, not a proven unit mismatch. unit_problem_flag also uses Price_Source heterogeneity as a review trigger, not proof of incompatible units."
11914,انواع ادویه,1392;1393;1394;1395;1396;1397;1398;1399;1400;1401;1402;1403,0.2667856020437372,0.2323902275207791,0.3022601255312561,0.2721662236753164,0.2289919880752748,0.3148758896024995,0.0020499932155629667,0.00208845847352195,1.0,1.0,1.0,1.0,0.2537158809566824,0.2798333517426693,"{""all"": {""1392"": 100000.0, ""1393"": 100000.0, ""1394"": 120000.0, ""1395"": 150000.0, ""1396"": 150000.0, ""1397"": 200000.0, ""1398"": 300000.0, ""1399"": 450000.0, ""1400"": 600240.0, ""1401"": 900000.0, ""1402"": 1420000.0, ""1403"": 2500000.0}, ""panelB"": {""1392"": 100000.0, ""1393"": 100000.0, ""1394"": 120000.0, ""1395"": 150000.0, ""1396"": 150000.0, ""1397"": 200000.0, ""1398"": 320000.0, ""1399"": 420000.0, ""1400"": 600000.0, ""1401"": 900000.0, ""1402"": 1500000.0, ""1403"": 2500000.0}}",0,0,0,0,0,,"Rates are annual sample-denominator summaries over years_present; no code is excluded. unit_value_instability_flag means p90/p10 > 10 in at least half of supported years; it can reflect quality/geographic dispersion, not a proven unit mismatch. unit_problem_flag also uses Price_Source heterogeneity as a review trigger, not proof of incompatible units."
11915,انواع ادویه,1392;1393;1394;1395;1396;1397;1398;1399;1400;1401;1402;1403,0.04953851638603055,0.0369274213255858,0.060032165039929,0.04811003111233045,0.0328526324771738,0.0636476812947401,0.0014205529227019583,0.0013241714992687336,0.0,0.0,0.0,0.0,0.06091311163151805,0.03803148507917096,"{""all"": {}, ""panelB"": {}}",0,1,1,0,0,,"Rates are annual sample-denominator summaries over years_present; no code is excluded. unit_value_instability_flag means p90/p10 > 10 in at least half of supported years; it can reflect quality/geographic dispersion, not a proven unit mismatch. unit_problem_flag also uses Price_Source heterogeneity as a review trigger, not proof of incompatible units."
11916,انواع ادویه,1392;1393;1394;1395;1396;1397;1398;1399;1400;1401;1402;1403,0.12472386235128557,0.0970162914149734,0.1506755272407733,0.12237677566188704,0.103298999850724,0.1389854474754021,0.0013188088113416081,0.0013097187814837582,0.0,0.0,0.0,0.0,0.12562092373671974,0.12356651059149916,"{""all"": {}, ""panelB"": {}}",0,0,1,0,0,,"Rates are annual sample-denominator summaries over years_present; no code is excluded. unit_value_instability_flag means p90/p10 > 10 in at least half of supported years; it can reflect quality/geographic dispersion, not a proven unit mismatch. unit_problem_flag also uses Price_Source heterogeneity as a review trigger, not proof of incompatible units."
11917,انواع ادویه,1392;1393;1394;1395;1396;1397;1398;1399;1400;1401;1402;1403,0.1932511992642155,0.1716257837421625,0.2294182217343578,0.20016186856317755,0.1751305770561953,0.2398889081756639,0.002795747024343509,0.002921497566685825,0.0,0.0,0.0,0.0,0.1941022827368665,0.19224578507436574,"{""all"": {}, ""panelB"": {}}",0,0,1,0,0,,"Rates are annual sample-denominator summaries over years_present; no code is excluded. unit_value_instability_flag means p90/p10 > 10 in at least half of supported years; it can reflect quality/geographic dispersion, not a proven unit mismatch. unit_problem_flag also uses Price_Source heterogeneity as a review trigger, not proof of incompatible units."
11918,انواع ادویه,1392;1393;1394;1395;1396;1397;1398;1399;1400;1401;1402;1403,0.0630238236117295,0.0481142577859838,0.0765571786427988,0.06278981491016786,0.0444824132445648,0.0794490635760477,0.0010219071414181,0.0010235857347198583,0.0,0.0,0.0,0.0,0.07183523073554927,0.054077409230488406,"{""all"": {}, ""panelB"": {}}",0,0,1,0,0,,"Rates are annual sample-denominator summaries over years_present; no code is excluded. unit_value_instability_flag means p90/p10 > 10 in at least half of supported years; it can reflect quality/geographic dispersion, not a proven unit mismatch. unit_problem_flag also uses Price_Source heterogeneity as a review trigger, not proof of incompatible units."
11919,انواع ادویه,1392;1393;1394;1395;1396;1397;1398;1399;1400;1401;1402;1403,0.0103984265238669,0.004941287510757,0.0223491570541259,0.01100747423579501,0.0045308665282235,0.0261437908496732,0.00012718164442738532,0.0001438506306209885,0.0,0.0,0.0,0.0,0.011110589324810648,0.009670282862429049,"{""all"": {}, ""panelB"": {}}",0,1,1,0,0,,"Rates are annual sample-denominator summaries over years_present; no code is excluded. unit_value_instability_flag means p90/p10 > 10 in at least half of supported years; it can reflect quality/geographic dispersion, not a proven unit mismatch. unit_problem_flag also uses Price_Source heterogeneity as a review trigger, not proof of incompatible units."
11921,چاشنی\u200cها و سایر ترکیب\u200cهای خوراکی,1392;1393;1394;1395;1396;1397;1398;1399;1400;1401;1402;1403,0.6558305674916617,0.5925692003514939,0.706649930702649,0.6760260314781689,0.6263477287456548,0.7187639946260636,0.01425621449896978,0.01454225045927005,1.0,1.0,1.0,1.0,0.6646966740523641,0.6465521068589228,"{""all"": {""1392"": 41250.0, ""1393"": 47500.0, ""1394"": 45000.0, ""1395"": 48000.0, ""1396"": 50000.0, ""1397"": 120000.0, ""1398"": 170000.0, ""1399"": 157000.0, ""1400"": 250000.0, ""1401"": 450000.0, ""1402"": 530000.0, ""1403"": 650000.0}, ""panelB"": {""1392"": 42000.0, ""1393"": 48000.0, ""1394"": 45000.0, ""1395"": 48000.0, ""1396"": 50000.0, ""1397"": 100000.0, ""1398"": 170000.0, ""1399"": 153409.0, ""1400"": 240000.0, ""1401"": 450000.0, ""1402"": 537500.0, ""1403"": 650000.0}}",0,0,0,0,0,,"Rates are annual sample-denominator summaries over years_present; no code is excluded. unit_value_instability_flag means p90/p10 > 10 in at least half of supported years; it can reflect quality/geographic dispersion, not a proven unit mismatch. unit_problem_flag also uses Price_Source heterogeneity as a review trigger, not proof of incompatible units."
11922,چاشنی\u200cها و سایر ترکیب\u200cهای خوراکی,1392;1393;1394;1395;1396;1397;1398;1399;1400;1401;1402;1403,0.076291343437019,0.046206950655056,0.1038858265567865,0.07502024741169172,0.0392595909837289,0.1065740114384109,0.0007588879305597251,0.000763413697711275,1.0,1.0,1.0,1.0,0.09650580646286643,0.055810852227463965,"{""all"": {""1392"": 58000.0, ""1393"": 65000.0, ""1394"": 78125.0, ""1395"": 80000.0, ""1396"": 85000.0, ""1397"": 115000.0, ""1398"": 166667.0, ""1399"": 200000.0, ""1400"": 340000.0, ""1401"": 536585.0, ""1402"": 700000.0, ""1403"": 950000.0}, ""panelB"": {""1392"": 54000.0, ""1393"": 63492.0, ""1394"": 78125.0, ""1395"": 75757.0, ""1396"": 83666.5, ""1397"": 110000.0, ""1398"": 165833.0, ""1399"": 200000.0, ""1400"": 340000.0, ""1401"": 525000.0, ""1402"": 700000.0, ""1403"": 980000.0}}",0,0,0,0,0,,"Rates are annual sample-denominator summaries over years_present; no code is excluded. unit_value_instability_flag means p90/p10 > 10 in at least half of supported years; it can reflect quality/geographic dispersion, not a proven unit mismatch. unit_problem_flag also uses Price_Source heterogeneity as a review trigger, not proof of incompatible units."
11923,چاشنی\u200cها و سایر ترکیب\u200cهای خوراکی,1392;1393;1394;1395;1396;1397;1398;1399;1400;1401;1402;1403,0.22235648253893806,0.1371001595164134,0.303626997201956,0.23503229566949532,0.1505558696061805,0.3240782206299448,0.0029280892735195838,0.003017139228298434,1.0,1.0,1.0,1.0,0.22318696979737573,0.2211990211227445,"{""all"": {""1392"": 45000.0, ""1393"": 50000.0, ""1394"": 70000.0, ""1395"": 80000.0, ""1396"": 92812.5, ""1397"": 120000.0, ""1398"": 160000.0, ""1399"": 200000.0, ""1400"": 300000.0, ""1401"": 450000.0, ""1402"": 600000.0, ""1403"": 800000.0}, ""panelB"": {""1392"": 45000.0, ""1393"": 50000.0, ""1394"": 70000.0, ""1395"": 80000.0, ""1396"": 90000.0, ""1397"": 120000.0, ""1398"": 150000.0, ""1399"": 200000.0, ""1400"": 300000.0, ""1401"": 430000.0, ""1402"": 580000.0, ""1403"": 700000.0}}",0,0,0,0,0,,"Rates are annual sample-denominator summaries over years_present; no code is excluded. unit_value_instability_flag means p90/p10 > 10 in at least half of supported years; it can reflect quality/geographic dispersion, not a proven unit mismatch. unit_problem_flag also uses Price_Source heterogeneity as a review trigger, not proof of incompatible units."
11924,چاشنی\u200cها و سایر ترکیب\u200cهای خوراکی,1392;1393;1394;1395;1396;1397;1398;1399;1400;1401;1402;1403,0.1545535081533303,0.1416003692742132,0.1686228151650764,0.15436432841994008,0.1386908619572261,0.1674203881665724,0.0018541584128098749,0.0019141845329411417,1.0,1.0,1.0,1.0,0.1909955803127339,0.1175717050124287,"{""all"": {""1392"": 62500.0, ""1393"": 75556.0, ""1394"": 82500.0, ""1395"": 90000.0, ""1396"": 90000.0, ""1397"": 120000.0, ""1398"": 165000.0, ""1399"": 200000.0, ""1400"": 350000.0, ""1401"": 750000.0, ""1402"": 933333.0, ""1403"": 1200000.0}, ""panelB"": {""1392"": 60000.0, ""1393"": 75000.0, ""1394"": 85000.0, ""1395"": 90000.0, ""1396"": 98000.0, ""1397"": 120000.0, ""1398"": 170000.0, ""1399"": 210000.0, ""1400"": 375000.0, ""1401"": 700000.0, ""1402"": 950000.0, ""1403"": 1200000.0}}",0,0,0,0,0,,"Rates are annual sample-denominator summaries over years_present; no code is excluded. unit_value_instability_flag means p90/p10 > 10 in at least half of supported years; it can reflect quality/geographic dispersion, not a proven unit mismatch. unit_problem_flag also uses Price_Source heterogeneity as a review trigger, not proof of incompatible units."
11925,چاشنی\u200cها و سایر ترکیب\u200cهای خوراکی,1392;1393;1394;1395;1396;1397;1398;1399;1400;1401;1402;1403,0.024756972757185965,0.0216940457348687,0.0282586056460919,0.02556557804456514,0.0211971936109867,0.0291639662994167,0.0003290508339575417,0.00033284549549829996,1.0,1.0,1.0,1.0,0.026141008220701773,0.02337829377830374,"{""all"": {""1392"": 15000.0, ""1393"": 16000.0, ""1394"": 15000.0, ""1395"": 17000.0, ""1396"": 17000.0, ""1397"": 30000.0, ""1398"": 40000.0, ""1399"": 62500.0, ""1400"": 100000.0, ""1401"": 150000.0, ""1402"": 200000.0, ""1403"": 260000.0}, ""panelB"": {""1392"": 12000.0, ""1393"": 16000.0, ""1394"": 15000.0, ""1395"": 18000.0, ""1396"": 17333.0, ""1397"": 30000.0, ""1398"": 40000.0, ""1399"": 65000.0, ""1400"": 100000.0, ""1401"": 150000.0, ""1402"": 220000.0, ""1403"": 290000.0}}",0,1,0,0,0,,"Rates are annual sample-denominator summaries over years_present; no code is excluded. unit_value_instability_flag means p90/p10 > 10 in at least half of supported years; it can reflect quality/geographic dispersion, not a proven unit mismatch. unit_problem_flag also uses Price_Source heterogeneity as a review trigger, not proof of incompatible units."
11926,چاشنی\u200cها و سایر ترکیب\u200cهای خوراکی,1392;1393;1394;1395;1396;1397;1398;1399;1400;1401;1402;1403,0.008706344324336849,0.0056630486078338,0.0119663398440515,0.00784462444916865,0.0048638962368802,0.0106659947929789,0.00021292184669453334,0.00018456205936348333,1.0,1.0,1.0,1.0,0.009893976476390785,0.007535745309047658,"{""all"": {""1392"": 35500.0, ""1393"": 40000.0, ""1394"": 48750.0, ""1395"": 50000.0, ""1396"": 70000.0, ""1397"": 100000.0, ""1398"": 110000.0, ""1399"": 140000.0, ""1400"": 200000.0, ""1401"": 300000.0, ""1402"": 400000.0, ""1403"": 500000.0}, ""panelB"": {""1392"": 26667.0, ""1393"": 35000.0, ""1394"": 40000.0, ""1395"": 50000.0, ""1396"": 70000.0, ""1397"": 100000.0, ""1398"": 100000.0, ""1399"": 100000.0, ""1400"": 170000.0, ""1401"": 253333.0, ""1402"": 300000.0, ""1403"": 450000.0}}",0,1,0,0,0,,"Rates are annual sample-denominator summaries over years_present; no code is excluded. unit_value_instability_flag means p90/p10 > 10 in at least half of supported years; it can reflect quality/geographic dispersion, not a proven unit mismatch. unit_problem_flag also uses Price_Source heterogeneity as a review trigger, not proof of incompatible units."
11927,چاشنی\u200cها و سایر ترکیب\u200cهای خوراکی,1392;1393;1394;1395;1396;1397;1398;1399;1400;1401;1402;1403,0.00461767369329255,0.0027774722252777,0.0082607724938602,0.004355825937499233,0.0023283619658926,0.0078945158310237,0.00030319334932787494,0.00027404565997305835,1.0,1.0,1.0,1.0,0.00555570127968176,0.0036860599785166754,"{""all"": {""1392"": 14000.0, ""1393"": 15000.0, ""1394"": 20000.0, ""1395"": 20000.0, ""1396"": 20000.0, ""1397"": 35000.0, ""1398"": 40000.0, ""1399"": 55000.0, ""1400"": 100000.0, ""1401"": 150000.0, ""1402"": 200000.0, ""1403"": 350000.0}, ""panelB"": {""1392"": 14000.0, ""1393"": 13000.0, ""1394"": 20000.0, ""1395"": 20000.0, ""1396"": 20000.0, ""1397"": 30000.0, ""1398"": 40000.0, ""1399"": 50000.0, ""1400"": 80000.0, ""1401"": 120000.0, ""1402"": 200000.0, ""1403"": 350000.0}}",0,1,0,0,0,,"Rates are annual sample-denominator summaries over years_present; no code is excluded. unit_value_instability_flag means p90/p10 > 10 in at least half of supported years; it can reflect quality/geographic dispersion, not a proven unit mismatch. unit_problem_flag also uses Price_Source heterogeneity as a review trigger, not proof of incompatible units."
11928,چاشنی\u200cها و سایر ترکیب\u200cهای خوراکی,1392;1393;1394;1395;1396;1397;1398;1399;1400;1401;1402;1403,0.16517649784739488,0.1484985150148498,0.1796938404276159,0.16765112247491046,0.1509492685963274,0.198807527482765,0.0027353897530566253,0.002794828936587508,1.0,1.0,1.0,1.0,0.19144864975375972,0.13834205728485202,"{""all"": {""1392"": 40000.0, ""1393"": 45000.0, ""1394"": 50000.0, ""1395"": 60000.0, ""1396"": 60000.0, ""1397"": 80000.0, ""1398"": 120000.0, ""1399"": 170000.0, ""1400"": 300000.0, ""1401"": 415555.5, ""1402"": 650000.0, ""1403"": 850000.0}, ""panelB"": {""1392"": 40000.0, ""1393"": 45000.0, ""1394"": 50000.0, ""1395"": 60000.0, ""1396"": 60000.0, ""1397"": 80000.0, ""1398"": 120000.0, ""1399"": 170000.0, ""1400"": 300000.0, ""1401"": 400000.0, ""1402"": 650000.0, ""1403"": 800000.0}}",0,0,0,0,0,,"Rates are annual sample-denominator summaries over years_present; no code is excluded. unit_value_instability_flag means p90/p10 > 10 in at least half of supported years; it can reflect quality/geographic dispersion, not a proven unit mismatch. unit_problem_flag also uses Price_Source heterogeneity as a review trigger, not proof of incompatible units."
11929,چاشنی\u200cها و سایر ترکیب\u200cهای خوراکی,1392;1393;1394;1395;1396;1397;1398;1399;1400;1401;1402;1403,0.03616461637225151,0.0297716489553564,0.0481362222343502,0.03834202057038171,0.0308990273523563,0.0510423713178771,0.0004749042569773334,0.00048093099569216665,1.0,1.0,1.0,1.0,0.040324111402596535,0.03191869226968356,"{""all"": {""1392"": 40000.0, ""1393"": 50000.0, ""1394"": 80000.0, ""1395"": 85000.0, ""1396"": 100000.0, ""1397"": 120000.0, ""1398"": 160000.0, ""1399"": 200000.0, ""1400"": 310000.0, ""1401"": 500000.0, ""1402"": 800000.0, ""1403"": 1000000.0}, ""panelB"": {""1392"": 40000.0, ""1393"": 50000.0, ""1394"": 80000.0, ""1395"": 80000.0, ""1396"": 99000.0, ""1397"": 116250.0, ""1398"": 160000.0, ""1399"": 180000.0, ""1400"": 300000.0, ""1401"": 500000.0, ""1402"": 760000.0, ""1403"": 950000.0}}",0,1,0,0,0,,"Rates are annual sample-denominator summaries over years_present; no code is excluded. unit_value_instability_flag means p90/p10 > 10 in at least half of supported years; it can reflect quality/geographic dispersion, not a proven unit mismatch. unit_problem_flag also uses Price_Source heterogeneity as a review trigger, not proof of incompatible units."
11931,چاشنی\u200cها و سایر ترکیب\u200cهای خوراکی,1392;1393;1394;1395;1396;1397;1398;1399;1400;1401;1402;1403,0.0166579600285631,0.0100923990760092,0.0291889792181127,0.015305353097097326,0.0094393052671323,0.0278359933365575,0.00028655858257111664,0.00025046167618950836,1.0,1.0,1.0,1.0,0.019533503195405068,0.013776215412321548,"{""all"": {""1392"": 80000.0, ""1393"": 100000.0, ""1394"": 100000.0, ""1395"": 100000.0, ""1396"": 100000.0, ""1397"": 140000.0, ""1398"": 300000.0, ""1399"": 500000.0, ""1400"": 800000.0, ""1401"": 900000.0, ""1402"": 1300000.0, ""1403"": 1850000.0}, ""panelB"": {""1392"": 80000.0, ""1393"": 100000.0, ""1394"": 100000.0, ""1395"": 100000.0, ""1396"": 100000.0, ""1397"": 150000.0, ""1398"": 280000.0, ""1399"": 500000.0, ""1400"": 700000.0, ""1401"": 800000.0, ""1402"": 1290000.0, ""1403"": 1980000.0}}",0,1,0,0,0,,"Rates are annual sample-denominator summaries over years_present; no code is excluded. unit_value_instability_flag means p90/p10 > 10 in at least half of supported years; it can reflect quality/geographic dispersion, not a proven unit mismatch. unit_problem_flag also uses Price_Source heterogeneity as a review trigger, not proof of incompatible units."
11933,چاشنی\u200cها و سایر ترکیب\u200cهای خوراکی,1392;1393;1394;1395;1396;1397;1398;1399;1400;1401;1402;1403,0.0008160715866892418,0.0002199978000219,0.0019964507542147,0.0009058143035959101,9.42151874882231e-05,0.002489884842826,8.69080192166956e-06,9.905224647238846e-06,1.0,1.0,1.0,1.0,0.0011063392473935417,0.0005246147107755721,"{""all"": {""1392"": 60000.0, ""1393"": 78888.5, ""1394"": 100000.0, ""1395"": 100000.0, ""1396"": 100000.0, ""1397"": 117500.0, ""1398"": 200000.0, ""1399"": 265000.0, ""1400"": 650000.0, ""1401"": 400000.0, ""1402"": 900000.0, ""1403"": 1000000.0}, ""panelB"": {""1392"": 80000.0, ""1393"": 80000.0, ""1394"": 100000.0, ""1395"": 100000.0, ""1396"": 100000.0, ""1397"": 382377.0, ""1398"": 200000.0, ""1399"": 200000.0, ""1400"": 500000.0, ""1401"": 400000.0, ""1402"": 800000.0, ""1403"": 1200000.0}}",0,1,1,0,0,,"Rates are annual sample-denominator summaries over years_present; no code is excluded. unit_value_instability_flag means p90/p10 > 10 in at least half of supported years; it can reflect quality/geographic dispersion, not a proven unit mismatch. unit_problem_flag also uses Price_Source heterogeneity as a review trigger, not proof of incompatible units."
11934,چاشنی\u200cها و سایر ترکیب\u200cهای خوراکی,1392;1393;1394;1395;1396;1397;1398;1399;1400;1401;1402;1403,0.03711157072164348,0.027844257443578,0.0440882874889086,0.04688207749531992,0.0360098984554996,0.0569412950365331,0.00036284361490655824,0.00046109160453202503,0.0,0.0,0.0,0.0,0.026812904365818457,0.047414450829756254,"{""all"": {}, ""panelB"": {}}",0,1,1,0,0,,"Rates are annual sample-denominator summaries over years_present; no code is excluded. unit_value_instability_flag means p90/p10 > 10 in at least half of supported years; it can reflect quality/geographic dispersion, not a proven unit mismatch. unit_problem_flag also uses Price_Source heterogeneity as a review trigger, not proof of incompatible units."
11935,چاشنی\u200cها و سایر ترکیب\u200cهای خوراکی,1392;1393;1394;1395;1396;1397;1398;1399;1400;1401;1402;1403,0.00902794794798725,0.0051515389241913,0.0114610052938929,0.008649410089111456,0.004844419601267,0.0117292225201072,0.0001526870026811073,0.0001463192277986857,0.0,0.0,0.0,0.0,0.010898935484080293,0.007158136202703923,"{""all"": {}, ""panelB"": {}}",0,1,1,0,0,,"Rates are annual sample-denominator summaries over years_present; no code is excluded. unit_value_instability_flag means p90/p10 > 10 in at least half of supported years; it can reflect quality/geographic dispersion, not a proven unit mismatch. unit_problem_flag also uses Price_Source heterogeneity as a review trigger, not proof of incompatible units."
11936,چاشنی\u200cها و سایر ترکیب\u200cهای خوراکی,1392;1393;1394;1395;1396;1397;1398;1399;1400;1401;1402;1403,0.003345428738458717,0.0012769619409821,0.0069035851572919,0.003325921274526909,0.0015074429998115,0.0068471833177715,0.00013370661931867304,0.00012603303135853543,0.0,0.0,0.0,0.0,0.0036288912873020675,0.00305809152534385,"{""all"": {}, ""panelB"": {}}",0,1,1,0,0,,"Rates are annual sample-denominator summaries over years_present; no code is excluded. unit_value_instability_flag means p90/p10 > 10 in at least half of supported years; it can reflect quality/geographic dispersion, not a proven unit mismatch. unit_problem_flag also uses Price_Source heterogeneity as a review trigger, not proof of incompatible units."
11945,چاشنی\u200cها و سایر ترکیب\u200cهای خوراکی,1392;1393;1394;1395;1396;1397;1398;1399;1400;1401;1402;1403,0.0015929398103552669,0.0004719207173194,0.0032996894409937,0.0015229189091502417,0.0005652911249293,0.0034235916588857,2.317721060994153e-05,2.1170275256384365e-05,0.0,0.0,0.0,0.0,0.0022247068099089666,0.0009624379457130249,"{""all"": {}, ""panelB"": {}}",0,1,1,0,0,,"Rates are annual sample-denominator summaries over years_present; no code is excluded. unit_value_instability_flag means p90/p10 > 10 in at least half of supported years; it can reflect quality/geographic dispersion, not a proven unit mismatch. unit_problem_flag also uses Price_Source heterogeneity as a review trigger, not proof of incompatible units."
11946,چاشنی\u200cها و سایر ترکیب\u200cهای خوراکی,1392;1393;1394;1395;1396;1397;1398;1399;1400;1401;1402;1403,0.008104698997587067,0.0045924540754592,0.0119787045252883,0.0074620337822684,0.0034761091144759,0.0112827634091303,9.112304692488457e-05,8.421628624984244e-05,0.0,0.0,0.0,0.0,0.010112924734406366,0.006103651124230259,"{""all"": {}, ""panelB"": {}}",0,1,1,0,0,,"Rates are annual sample-denominator summaries over years_present; no code is excluded. unit_value_instability_flag means p90/p10 > 10 in at least half of supported years; it can reflect quality/geographic dispersion, not a proven unit mismatch. unit_problem_flag also uses Price_Source heterogeneity as a review trigger, not proof of incompatible units."
11947,چاشنی\u200cها و سایر ترکیب\u200cهای خوراکی,1392;1393;1394;1395;1396;1397;1398;1399;1400;1401;1402;1403,0.0191283512994868,0.0121250797702616,0.0356416788903471,0.02373919786392452,0.0149390080068783,0.0472520107238605,0.0005175797897547,0.00062854628456855,0.0,0.0,0.0,0.0,0.019483116376383534,0.018796644269350658,"{""all"": {}, ""panelB"": {}}",0,1,1,0,0,,"Rates are annual sample-denominator summaries over years_present; no code is excluded. unit_value_instability_flag means p90/p10 > 10 in at least half of supported years; it can reflect quality/geographic dispersion, not a proven unit mismatch. unit_problem_flag also uses Price_Source heterogeneity as a review trigger, not proof of incompatible units."
12111,چای، قهوه و کاکائو,1392;1393;1394;1395;1396;1397;1398;1399;1400;1401;1402;1403,0.09032156950082992,0.0771763911171155,0.1112466725820763,0.08578031657709471,0.0698726541554959,0.1058979147214441,0.003369526987493933,0.003262530780479734,1.0,1.0,1.0,1.0,0.08840415139099334,0.09214755408866787,"{""all"": {""1392"": 200000.0, ""1393"": 220000.0, ""1394"": 200000.0, ""1395"": 200000.0, ""1396"": 220000.0, ""1397"": 300000.0, ""1398"": 450000.0, ""1399"": 700000.0, ""1400"": 900000.0, ""1401"": 1300000.0, ""1402"": 2000000.0, ""1403"": 2600000.0}, ""panelB"": {""1392"": 240000.0, ""1393"": 270000.0, ""1394"": 220000.0, ""1395"": 200000.0, ""1396"": 240000.0, ""1397"": 300000.0, ""1398"": 450000.0, ""1399"": 700000.0, ""1400"": 900000.0, ""1401"": 1300000.0, ""1402"": 2000000.0, ""1403"": 2675000.0}}",0,0,0,0,0,4,"Rates are annual sample-denominator summaries over years_present; no code is excluded. unit_value_instability_flag means p90/p10 > 10 in at least half of supported years; it can reflect quality/geographic dispersion, not a proven unit mismatch. unit_problem_flag also uses Price_Source heterogeneity as a review trigger, not proof of incompatible units."
12112,چای، قهوه و کاکائو,1392;1393;1394;1395;1396;1397;1398;1399;1400;1401;1402;1403,0.509990346080608,0.4310301402065318,0.582359247927617,0.5222972543633662,0.4374883547605738,0.6051649499925362,0.026004188188254968,0.02603574096195893,1.0,1.0,1.0,1.0,0.48411641967064584,0.5361501819281697,"{""all"": {""1392"": 300000.0, ""1393"": 300000.0, ""1394"": 300000.0, ""1395"": 340000.0, ""1396"": 360000.0, ""1397"": 500000.0, ""1398"": 900000.0, ""1399"": 1400000.0, ""1400"": 2000000.0, ""1401"": 2600000.0, ""1402"": 3840000.0, ""1403"": 5200000.0}, ""panelB"": {""1392"": 300000.0, ""1393"": 300000.0, ""1394"": 310000.0, ""1395"": 340000.0, ""1396"": 360000.0, ""1397"": 500000.0, ""1398"": 900000.0, ""1399"": 1400000.0, ""1400"": 2000000.0, ""1401"": 2500000.0, ""1402"": 3800000.0, ""1403"": 5000000.0}}",0,0,0,0,0,4,"Rates are annual sample-denominator summaries over years_present; no code is excluded. unit_value_instability_flag means p90/p10 > 10 in at least half of supported years; it can reflect quality/geographic dispersion, not a proven unit mismatch. unit_problem_flag also uses Price_Source heterogeneity as a review trigger, not proof of incompatible units."
12113,چای، قهوه و کاکائو,1392;1393;1394;1395;1396;1397;1398;1399;1400;1401;1402;1403,0.009265945181675141,0.0067456902534491,0.0146895109831925,0.009039469222048508,0.0057471264367816,0.0133117160167249,0.00038829556365330836,0.00037054091407304164,1.0,1.0,1.0,1.0,0.009229141712258991,0.009321342798696692,"{""all"": {""1392"": 265000.0, ""1393"": 240000.0, ""1394"": 250000.0, ""1395"": 250000.0, ""1396"": 300000.0, ""1397"": 450000.0, ""1398"": 800000.0, ""1399"": 1000000.0, ""1400"": 1600000.0, ""1401"": 2000000.0, ""1402"": 2800000.0, ""1403"": 4000000.0}, ""panelB"": {""1392"": 300000.0, ""1393"": 250000.0, ""1394"": 250000.0, ""1395"": 250000.0, ""1396"": 300000.0, ""1397"": 440000.0, ""1398"": 800000.0, ""1399"": 1000000.0, ""1400"": 1500000.0, ""1401"": 1800000.0, ""1402"": 3000000.0, ""1403"": 3400000.0}}",0,1,0,0,0,4,"Rates are annual sample-denominator summaries over years_present; no code is excluded. unit_value_instability_flag means p90/p10 > 10 in at least half of supported years; it can reflect quality/geographic dispersion, not a proven unit mismatch. unit_problem_flag also uses Price_Source heterogeneity as a review trigger, not proof of incompatible units."
12114,چای، قهوه و کاکائو,1392;1393;1394;1395;1396;1397;1398;1399;1400;1401;1402;1403,0.014755863240082434,0.0070866347637352,0.0259703915148462,0.012072417679957884,0.0050753843857292,0.0203092975591578,0.0004949838279550417,0.00037895193902895,1.0,1.0,1.0,1.0,0.022160342824697,0.007172284692227442,"{""all"": {""1392"": 240000.0, ""1393"": 300000.0, ""1394"": 400000.0, ""1395"": 400000.0, ""1396"": 396000.0, ""1397"": 580000.0, ""1398"": 1000000.0, ""1399"": 1500000.0, ""1400"": 2000000.0, ""1401"": 2800000.0, ""1402"": 4000000.0, ""1403"": 5540000.0}, ""panelB"": {""1392"": 240000.0, ""1393"": 300000.0, ""1394"": 400000.0, ""1395"": 400000.0, ""1396"": 396000.0, ""1397"": 570000.0, ""1398"": 1000000.0, ""1399"": 1500000.0, ""1400"": 2000000.0, ""1401"": 2600000.0, ""1402"": 4000000.0, ""1403"": 5000000.0}}",0,1,0,0,0,4,"Rates are annual sample-denominator summaries over years_present; no code is excluded. unit_value_instability_flag means p90/p10 > 10 in at least half of supported years; it can reflect quality/geographic dispersion, not a proven unit mismatch. unit_problem_flag also uses Price_Source heterogeneity as a review trigger, not proof of incompatible units."
12211,نوشابه\u200cها,1392;1393;1394;1395;1396;1397;1398;1399;1400;1401;1402;1403,0.5509542092764208,0.4988291000797756,0.5889228838157998,0.5750306304369615,0.5277754074579742,0.6120316465144051,0.009100668405662706,0.009287076603948867,0.0,0.0,0.0,0.0,0.5516238376963807,0.5499806784100517,"{""all"": {}, ""panelB"": {}}",0,0,1,0,0,1,"Rates are annual sample-denominator summaries over years_present; no code is excluded. unit_value_instability_flag means p90/p10 > 10 in at least half of supported years; it can reflect quality/geographic dispersion, not a proven unit mismatch. unit_problem_flag also uses Price_Source heterogeneity as a review trigger, not proof of incompatible units."
12212,نوشابه\u200cها,1392;1393;1394;1395;1396;1397;1398;1399;1400;1401;1402;1403,0.28292279030423223,0.2245232212752963,0.3409609051760534,0.25998899970501627,0.2071791972866026,0.3077590696059711,0.0045970041122444585,0.004145823617268967,0.0,0.0,0.0,0.0,0.34473601896105616,0.22051893702171024,"{""all"": {}, ""panelB"": {}}",0,0,1,0,0,,"Rates are annual sample-denominator summaries over years_present; no code is excluded. unit_value_instability_flag means p90/p10 > 10 in at least half of supported years; it can reflect quality/geographic dispersion, not a proven unit mismatch. unit_problem_flag also uses Price_Source heterogeneity as a review trigger, not proof of incompatible units."
12213,نوشابه\u200cها,1392;1393;1394;1395;1396;1397;1398;1399;1400;1401;1402;1403,0.20077948219508426,0.1760414215109437,0.2291086154971994,0.2121097059595356,0.1706224809673085,0.2509980906092692,0.0029843586139799336,0.0031193217644910416,0.0,0.0,0.0,0.0,0.23090744168073038,0.17027993980322387,"{""all"": {}, ""panelB"": {}}",0,0,1,0,0,1,"Rates are annual sample-denominator summaries over years_present; no code is excluded. unit_value_instability_flag means p90/p10 > 10 in at least half of supported years; it can reflect quality/geographic dispersion, not a proven unit mismatch. unit_problem_flag also uses Price_Source heterogeneity as a review trigger, not proof of incompatible units."
12214,نوشابه\u200cها,1392;1393;1394;1395;1396;1397;1398;1399;1400;1401;1402;1403,0.13177921986388821,0.0899241007589924,0.1831743566992014,0.1509992944365942,0.1011893524636586,0.2074385309679427,0.002361020420748342,0.0027211276684681912,0.0,0.0,0.0,0.0,0.13929710696841707,0.12400185092678058,"{""all"": {}, ""panelB"": {}}",0,0,1,0,0,1,"Rates are annual sample-denominator summaries over years_present; no code is excluded. unit_value_instability_flag means p90/p10 > 10 in at least half of supported years; it can reflect quality/geographic dispersion, not a proven unit mismatch. unit_problem_flag also uses Price_Source heterogeneity as a review trigger, not proof of incompatible units."
12215,نوشابه\u200cها,1392;1393;1394;1395;1396;1397;1398;1399;1400;1401;1402;1403,0.049258603990044086,0.0371925111241709,0.0580079858030168,0.04384233340512258,0.0361468231786845,0.0526139410187667,0.000923386386628075,0.0007750215909178749,0.0,0.0,0.0,0.0,0.05615549968732589,0.04240886837395885,"{""all"": {}, ""panelB"": {}}",0,1,1,0,0,4,"Rates are annual sample-denominator summaries over years_present; no code is excluded. unit_value_instability_flag means p90/p10 > 10 in at least half of supported years; it can reflect quality/geographic dispersion, not a proven unit mismatch. unit_problem_flag also uses Price_Source heterogeneity as a review trigger, not proof of incompatible units."
12216,نوشابه\u200cها,1392;1393;1394;1395;1396;1397;1398;1399;1400;1401;1402;1403,0.025741393582965243,0.0095772145573661,0.0421472937000887,0.026585623875276226,0.0110231769361221,0.0454782155875716,0.0008165296303531501,0.0008528613044730582,0.0,0.0,0.0,0.0,0.029798479238611023,0.021720067465096863,"{""all"": {}, ""panelB"": {}}",0,1,1,0,0,1,"Rates are annual sample-denominator summaries over years_present; no code is excluded. unit_value_instability_flag means p90/p10 > 10 in at least half of supported years; it can reflect quality/geographic dispersion, not a proven unit mismatch. unit_problem_flag also uses Price_Source heterogeneity as a review trigger, not proof of incompatible units."
12218,نوشابه\u200cها,1392;1393;1394;1395;1396;1397;1398;1399;1400;1401;1402;1403,0.00043484427680019186,2.798533568410153e-05,0.0015250665483584,0.00041763183185021855,0.0,0.0016339869281045,9.531618414885287e-06,9.597239229180456e-06,0.0,0.0,0.0,0.0,0.00048579424340085823,0.00038793972525905264,"{""all"": {}, ""panelB"": {}}",0,1,1,0,0,,"Rates are annual sample-denominator summaries over years_present; no code is excluded. unit_value_instability_flag means p90/p10 > 10 in at least half of supported years; it can reflect quality/geographic dispersion, not a proven unit mismatch. unit_problem_flag also uses Price_Source heterogeneity as a review trigger, not proof of incompatible units."
