Year,Variable,Present,Raw_Name,Standardized_Name,Source_Table,Data_Type,Coding_or_Values,Missing_Percent,Coding_Change_From_Previous_Year,Source_or_Transformation
1390,Age,True,DYCOL05,Age,Members properties,Int16,numeric_range=0..99; distinct=100,0.04251361764315132,first_year,Age in completed years; no adjustment
1390,Sex,True,DYCOL04,Sex,Members properties,category,Female:75296; Male:75241,0.0019928258270227183,first_year,HBSIR categorical labels: Male/Female
1390,Relationship,True,DYCOL03,Relationship,Members properties,category,Child:72922; Child_in_Law:1712; Grand_Child:1851; Head:38513; Non_Family:154; Other_Family:547; Parent:1423; Sibling:956; Spouse:32462,0.0,first_year,HBSIR categorical labels for relationship to household head
1390,Education level,True,DYCOL08,Education_Level,Members properties,str,   :225; -:236; --:1; 001:4; 002:190; 100:48; 101:3067; 102:3535; 103:3755; 104:4259; 105:3796; 106:20297; 107:3332; 108:223; 109:103; 112:1; 210:17; 211:3011; 212:2947; 213:2709; 214:14728; 215:18; 216:601; 217:2; 220:9; 221:6; 222:1; 300:2; 301:537; 302:10; 303:25; 310:27; 311:2798; 312:3681; 313:6442; 314:1540; 315:1458; 316:95; 317:3476; 318:7; 319:954; 321:849; 322:2876; 323:439; 324:1777; 325:34; 326:319; 327:11; 328:80; 510:42; 511:4474; 512:5210; 513:377; 514:461; 515:32; 516:50; 517:63; 520:43; 521:1336; 522:2703; 601:25; 602:30; 604:1; 605:18; 606:5; 901:678; 902:1; 905:67; 907:1; 908:1,26.812807227314998,first_year,HBSIR education coding changes in 1393 and 1397; labels retained
1390,Activity status,True,DYCOL09,Activity_Status,Members properties,category,Employed:41937; Housekeeper:37334; Income_without_Work:11422; Other:3266; Student:26159; Unemployed:9075,14.180284309817988,first_year,HBSIR categorical labels; definitions follow HBSIR codebook
1390,Marital status,True,DYCOL10,Marital_Status,Members properties,category,Bachelor:49883; Divorced:1009; Married:72195; Widowed:6113,14.17563438288827,first_year,HBSIR categorical labels
1390,Household size,True,Derived from members_properties count by ID,Household_Size,Household/member tables,float64,1.0:2499; 2.0:5527; 3.0:7995; 4.0:10326; 5.0:6355; 6.0:3062; 7.0:1509; 8.0:677; 9.0:293; 10.0:151; 11.0:62; 12.0:28; 13.0:13; 14.0:8; 15.0:4; 16.0:3; 18.0:1,3.741564608847788,first_year,Row count of standardized member records; no household exclusion
1390,Urban/rural,True,HBSIR administrative classification lookup,Urban_Rural,household_information + HBSIR id_information.yaml,str,Rural:20435; Urban:19575,0.0,first_year,Added from HBSIR external classification metadata
1390,Province,True,HBSIR province classification lookup,Province,household_information + HBSIR id_information.yaml,str,Alborz:1115; Ardabil:1080; Bushehr:1200; Chaharmahal_and_Bakhtiari:1010; East_Azerbaijan:1300; Fars:1460; Gilan:1260; Golestan:1400; Hamadan:1300; Hormozgan:1450; Ilam:1000; Isfahan:1400; Kerman:1520; Kermanshah:1270; Khuzestan:1300; Kohgiluyeh_and_Boyer_Ahmad:1230; Kurdistan:950; Lorestan:1045; Markazi:1400; Mazandaran:1230; North_Khorasan:1400; Qazvin:1040; Qom:1175; Razavi_Khorasan:1600; Semnan:955; Sistan_and_Baluchestan:1460; South_Khorasan:1250; Tehran:2240; West_Azerbaijan:1300; Yazd:1470; Zanjan:1200,0.0,first_year,Province English and Farsi labels added from HBSIR lookup
1390,County,True,HBSIR county classification lookup,County,household_information + HBSIR id_information.yaml,str,Abadan:69; Abadeh:35; Abarkuh:87; Abdanan:81; Abhar:201; Abumusa:10; Abyek:98; Ahar:46; Ahvaz:328; Ajabshir:35; Alborz:160; Aliabad:114; Aligudarz:80; Amlash:29; Amol:129; Anbarabad:63; Andimeshk:42; Aqqala:90; Arak:533; Aran-o-Bidgol:20; Ardabil:473; Ardal:75; Ardekan:90; Ardestan:34; Arsanjan:25; Asadabad:85; Ashkezar:63; Ashtian:35; Astane-ye-Ashrafiyeh:61; Astara:39; Azadshahr:76; Azarshahr:44; Azna:50; Babol:184; Babolsar:78; Bafq:96; Baft:79; Baghmalek:37; Bahar:94; Bahmai:65; Bam:186; Bandar-Abbas:110; Bandar-Lengeh:510; Bandar-e-Anzali:58; Bandar-e-Gaz:50; Bandar-e-Torkaman:89; Baneh:60; Bardaskan:35; Bardsir:35; Bastak:70; Bavanat:30; Behbahan:51; Behshahr:59; Bijar:69; Bilasavar:53; Birjand:448; Bojnurd:556; Bonab:49; Borujen:137; Borujerd:200; Bostanabad:47; Boyer-Ahmad:429; Buin-Zahra:188; Bukan:70; Bushehr:278; Chabahar:129; Chadegan:25; Chaldoran:30; Chalus:50; Charuymaq:10; Chenaran:45; Dalaho:45; Damavand:26; Damghan:131; Darab:59; Dargaz:30; Darmian:105; Darreh_Shahr:104; Dasht-e-Azadegan:50; Dashtestan:294; Dashti:110; Dayyer:74; Dehaghan:24; Dehloran:87; Delfan:98; Delijan:45; Dena:115; Deylam:34; Dezful:96; Divandarreh:60; Dorud:100; Eejrud:60; Eqlid:38; Esfarayen:210; Estahban:30; Eyvan:76; Falavarjan:105; Farashband:30; Faridan:54; Fariman:30; Faroj:89; Farsan:105; Fasa:55; Ferdows:127; Fereydunshahr:35; Firuzabad:40; Firuzkuh:27; Fuman:55; Gachsaran:265; Galugah:22; Ganaveh:110; Garmsar:138; Germi:65; Ghaleye-Ganj:43; Gilan-e-Gharb:60; Golpayegan:40; Gonabad:45; Gonbad-e-Kavus:225; Gorgan:361; Guotvand:29; Hajiabad:74; Hamadan:454; Harsin:59; Hashtrud:32; Hendijan:24; Heris:32; Ilam:260; Iranshahr:145; Isfahan:467; Islamabad-e-Gharb:99; Islamshahr:80; Izeh:60; Jahrom:61; Jajrom:110; Jam:61; Jask:85; Javanrud:40; Jiroft:87; Jolfa:27; Juybar:35; Kabudarahang:105; Kahnuj:59; Kalat:25; Kalibar:47; Kamyaran:74; Kangan:98; Kangavar:57; Karaj:494; Kashan:68; Kashmar:45; Kazerun:73; Kerman:314; Kermanshah:526; Khaf:45; Khalilabad:25; Khalkhal:90; Khamir:55; Khansar:30; Khash:92; Khatam:65; Khodabandeh:199; Khomein:130; Khomeinishahr:50; Khonj:20; Khorramabad:290; Khorrambid:24; Khorramdarreh:66; Khorramshahr:44; Khoy:167; Kohgeluyeh:355; Kolaleh:114; Komeijan:64; Konarak:48; Kordkuy:69; Kowsar:30; Kuhbonan:20; Kuhdasht:130; Kuhrang:30; Lahijan:85; Lali:18; Lamerd:39; Langrud:70; Larestan:60; Lenjan:60; Lordegan:195; Mahabad:85; Mahallat:47; Mahmudabad:40; Mahneshan:59; Mahshahr:54; Mahvelat:25; Maku:91; Malayer:216; Malekan:55; Mamasani:54; Maneh-o-Samalqan:160; Manujan:45; Maragheh:69; Marand:84; Marivan:105; Marvdasht:98; Masal:25; Mashhad:670; Masjed-Soleyman:48; Mehr:21; Mehran:94; Mehriz:91; Meshginshahr:143; Meybod:100; Miandoab:130; Mianeh:66; Minab:246; Minudasht:111; Mobarakeh:40; Nahavand:144; Nain:40; Najafabad:55; Namin:55; Naqadeh:54; Natanz:25; Nazarabad:95; Nehbandan:106; Neka:45; Neyriz:38; Nikshahr:112; Nir:25; Nishapur:135; Noshahr:47; Nur:43; Omidiyeh:29; Oshnaviyeh:35; Osku:51; Pakdasht:78; Parsabad:130; Parsian:50; Pasargad:20; Paveh:52; Piranshahr:43; Poldokhtar:50; Qaemshahr:124; Qaen:277; Qasr-e-Shirin:15; Qazvin:412; Qeshm:115; Qir-o-Karzin:35; Qom:1151; Qorveh:145; Quchan:60; Rafsanjan:177; Ramhormoz:46; Ramian:70; Ramsar:34; Ramshir:25; Rasht:408; Rashtkhar:30; Ravansar:40; Ravar:25; Razan:89; Rey:122; Rezvanshahr:39; Robat-Karim:115; Roudbar-e-Jonub:49; Rudan:107; Rudbar:54; Rudsar:79; Sabzevar:135; Sahneh:64; Salmas:76; Sannandaj:239; Saqqez:125; Sarab:47; Sarakhs:30; Saravan:142; Sarayan:63; Sarbaz:95; Sarbisheh:83; Sardasht:45; Sari:173; Sarpol-e-Zahab:65; Sarvabad:55; Savadkuh:30; Saveh:206; Savojbolagh:385; Selseleh:45; Semirom:44; Semnan:248; Sepidan:48; Shabestar:51; Shadegan:58; Shaft:40; Shahindej:45; Shahinshahr-o-Meymeh:63; Shahr-e-Babak:60; Shahrekord:459; Shahreza:50; Shahriar:206; Shahrud:405; Shazand:180; Shemiranat:23; Shiraz:456; Shirvan:265; Shirvan-o-Chardavol:158; Shush:65; Shushtar:50; Siahkal:40; Sirjan:110; Solas-e-Babajani:34; Some'e-Sara:74; Sonqor:77; Tabas:142; Tabriz:391; Tafresh:75; Taft:146; Takab:40; Takestan:162; Talesh:88; Tangestan:120; Tarom:61; Taybad:40; Tehran:1156; Tiran-o-Korun:54; Tonekabon:72; Torbat-e-Heydarieh:80; Torbat-e-Jam:70; Tuyserkan:95; Urumia:370; Varamin:117; Varzaqan:26; Yazd:525; Zabol:209; Zahedan:378; Zanjan:478; Zarand:80; Zarandieh:74; Zarrindasht:30; Zehak:49,3.741564608847788,first_year,County English and Farsi labels added from HBSIR lookup; coding standards change
1390,Weight,True,WEIGHT / HBSIR external weight table,Weight,household_information; hbsir.api.add_weight pre-1396,float32,numeric_range=12.57033920288086..9882.1171875; distinct=2363,3.741564608847788,first_year,Canonical Weight is HBSIR normalized weight; Weight_Raw retained when available; actual source=HBSIR_external_weight_table_pre_1396; Weight_Raw nonmissing=0/40010
1391,Age,True,DYCOL05,Age,Members properties,Int16,numeric_range=0..99; distinct=100,0.0,unchanged,Age in completed years; no adjustment
1391,Sex,True,DYCOL04,Sex,Members properties,category,Female:73041; Male:73022,0.0,unchanged,HBSIR categorical labels: Male/Female
1391,Relationship,True,DYCOL03,Relationship,Members properties,category,Child:69561; Child_in_Law:1623; Grand_Child:1806; Head:38192; Non_Family:161; Other_Family:480; Parent:1433; Sibling:899; Spouse:31908,0.0,unchanged,HBSIR categorical labels for relationship to household head
1391,Education level,True,DYCOL08,Education_Level,Members properties,str,   :573; -:230; 002:272; 100:44; 101:3075; 102:3456; 103:3665; 104:4241; 105:3897; 106:19730; 107:3798; 108:195; 109:58; 210:10; 211:2181; 212:2823; 213:2703; 214:14187; 215:9; 216:589; 217:2; 220:1; 221:1; 222:5; 300:2; 301:105; 302:16; 303:1; 310:30; 311:2475; 312:3323; 313:6374; 314:1293; 315:1425; 316:145; 317:3460; 318:5; 319:975; 31b:1; 321:940; 322:3002; 323:346; 324:1878; 325:11; 326:249; 327:13; 328:119; 510:55; 511:4450; 512:5626; 513:472; 514:514; 515:25; 516:50; 517:66; 520:39; 521:1271; 522:2626; 601:27; 602:36; 603:2; 604:3; 605:4; 606:5; 901:735; 902:3; 905:78; 908:2,26.04424118359886,changed,HBSIR education coding changes in 1393 and 1397; labels retained
1391,Activity status,True,DYCOL09,Activity_Status,Members properties,category,Employed:41695; Housekeeper:36027; Income_without_Work:11827; Other:3075; Student:24556; Unemployed:8870,13.701621902877525,unchanged,HBSIR categorical labels; definitions follow HBSIR codebook
1391,Marital status,True,DYCOL10,Marital_Status,Members properties,category,Bachelor:47640; Divorced:1121; Married:71035; Widowed:6257,13.699567994632453,unchanged,HBSIR categorical labels
1391,Household size,True,Derived from members_properties count by ID,Household_Size,Household/member tables,float64,1.0:2640; 2.0:5787; 3.0:8111; 4.0:10290; 5.0:6147; 6.0:2862; 7.0:1299; 8.0:602; 9.0:234; 10.0:105; 11.0:59; 12.0:29; 13.0:12; 14.0:6; 15.0:3; 16.0:3; 17.0:2; 20.0:1,4.536706076436624,changed,Row count of standardized member records; no household exclusion
1391,Urban/rural,True,HBSIR administrative classification lookup,Urban_Rural,household_information + HBSIR id_information.yaml,str,Rural:20432; Urban:19575,0.0,unchanged,Added from HBSIR external classification metadata
1391,Province,True,HBSIR province classification lookup,Province,household_information + HBSIR id_information.yaml,str,Alborz:1115; Ardabil:1080; Bushehr:1197; Chaharmahal_and_Bakhtiari:1010; East_Azerbaijan:1300; Fars:1460; Gilan:1260; Golestan:1400; Hamadan:1300; Hormozgan:1450; Ilam:1000; Isfahan:1400; Kerman:1520; Kermanshah:1270; Khuzestan:1300; Kohgiluyeh_and_Boyer_Ahmad:1230; Kurdistan:950; Lorestan:1045; Markazi:1400; Mazandaran:1230; North_Khorasan:1400; Qazvin:1040; Qom:1175; Razavi_Khorasan:1600; Semnan:955; Sistan_and_Baluchestan:1460; South_Khorasan:1250; Tehran:2240; West_Azerbaijan:1300; Yazd:1470; Zanjan:1200,0.0,unchanged,Province English and Farsi labels added from HBSIR lookup
1391,County,True,HBSIR county classification lookup,County,household_information + HBSIR id_information.yaml,str,Abadan:66; Abadeh:34; Abarkuh:84; Abdanan:90; Abhar:198; Abumusa:10; Abyek:98; Ahar:48; Ahvaz:320; Ajabshir:39; Alborz:159; Aliabad:108; Aligudarz:80; Amlash:30; Amol:136; Anbarabad:58; Andimeshk:40; Aqqala:90; Arak:532; Aran-o-Bidgol:20; Ardabil:473; Ardal:75; Ardekan:89; Ardestan:35; Arsanjan:25; Asadabad:83; Ashkezar:65; Ashtian:35; Astane-ye-Ashrafiyeh:63; Astara:37; Azadshahr:75; Azarshahr:45; Azna:50; Babol:178; Babolsar:79; Bafq:88; Baft:80; Baghmalek:38; Bahar:89; Bahmai:65; Bam:172; Bandar-Abbas:110; Bandar-Lengeh:494; Bandar-e-Anzali:60; Bandar-e-Gaz:49; Bandar-e-Torkaman:88; Baneh:58; Bardaskan:35; Bardsir:31; Bastak:70; Bavanat:29; Behbahan:46; Behshahr:58; Bijar:70; Bilasavar:54; Birjand:439; Bojnurd:557; Bonab:50; Borujen:137; Borujerd:199; Bostanabad:50; Boyer-Ahmad:430; Buin-Zahra:186; Bukan:70; Bushehr:269; Chabahar:114; Chadegan:25; Chaldoran:30; Chalus:49; Charuymaq:15; Chenaran:45; Dalaho:44; Damavand:23; Damghan:130; Darab:59; Dargaz:30; Darmian:102; Darreh_Shahr:114; Dasht-e-Azadegan:50; Dashtestan:286; Dashti:108; Dayyer:74; Dehaghan:23; Dehloran:97; Delfan:100; Delijan:45; Dena:115; Deylam:33; Dezful:100; Divandarreh:59; Dorud:97; Eejrud:59; Eqlid:37; Esfarayen:210; Estahban:29; Eyvan:83; Falavarjan:105; Farashband:30; Faridan:54; Fariman:30; Faroj:90; Farsan:105; Fasa:55; Ferdows:121; Fereydunshahr:34; Firuzabad:40; Firuzkuh:20; Fuman:55; Gachsaran:265; Galugah:21; Ganaveh:106; Garmsar:135; Germi:65; Ghaleye-Ganj:42; Gilan-e-Gharb:58; Golpayegan:38; Gonabad:45; Gonbad-e-Kavus:224; Gorgan:341; Guotvand:29; Hajiabad:73; Hamadan:425; Harsin:58; Hashtrud:32; Hendijan:24; Heris:35; Ilam:319; Iranshahr:143; Isfahan:469; Islamabad-e-Gharb:97; Islamshahr:76; Izeh:53; Jahrom:58; Jajrom:110; Jam:61; Jask:81; Javanrud:39; Jiroft:86; Jolfa:30; Juybar:35; Kabudarahang:91; Kahnuj:52; Kalat:25; Kalibar:45; Kamyaran:74; Kangan:92; Kangavar:57; Karaj:504; Kashan:69; Kashmar:45; Kazerun:73; Kerman:305; Kermanshah:516; Khaf:45; Khalilabad:25; Khalkhal:90; Khamir:55; Khansar:30; Khash:88; Khatam:67; Khodabandeh:196; Khomein:128; Khomeinishahr:50; Khonj:18; Khorramabad:288; Khorrambid:24; Khorramdarreh:66; Khorramshahr:44; Khoy:159; Kohgeluyeh:355; Kolaleh:115; Komeijan:65; Konarak:50; Kordkuy:68; Kowsar:30; Kuhbonan:17; Kuhdasht:126; Kuhrang:30; Lahijan:81; Lali:20; Lamerd:39; Langrud:70; Larestan:58; Lenjan:59; Lordegan:195; Mahabad:80; Mahallat:49; Mahmudabad:39; Mahneshan:59; Mahshahr:52; Mahvelat:25; Maku:88; Malayer:213; Malekan:52; Mamasani:55; Maneh-o-Samalqan:158; Manujan:34; Maragheh:69; Marand:84; Marivan:102; Marvdasht:100; Masal:25; Mashhad:670; Masjed-Soleyman:48; Mehr:23; Mehran:107; Mehriz:89; Meshginshahr:141; Meybod:100; Miandoab:125; Mianeh:67; Minab:239; Minudasht:111; Mobarakeh:40; Nahavand:143; Nain:39; Najafabad:55; Namin:55; Naqadeh:53; Natanz:25; Nazarabad:98; Nehbandan:102; Neka:45; Neyriz:38; Nikshahr:114; Nir:26; Nishapur:135; Noshahr:45; Nur:42; Omidiyeh:29; Oshnaviyeh:35; Osku:55; Pakdasht:71; Parsabad:129; Parsian:50; Pasargad:20; Paveh:54; Piranshahr:44; Poldokhtar:50; Qaemshahr:125; Qaen:274; Qasr-e-Shirin:14; Qazvin:405; Qeshm:110; Qir-o-Karzin:35; Qom:1112; Qorveh:150; Quchan:60; Rafsanjan:175; Ramhormoz:46; Ramian:67; Ramsar:39; Ramshir:25; Rasht:401; Rashtkhar:30; Ravansar:40; Ravar:24; Razan:85; Rey:130; Rezvanshahr:40; Robat-Karim:119; Roudbar-e-Jonub:45; Rudan:103; Rudbar:53; Rudsar:78; Sabzevar:135; Sahneh:64; Salmas:71; Sannandaj:232; Saqqez:124; Sarab:55; Sarakhs:30; Saravan:133; Sarayan:57; Sarbaz:93; Sarbisheh:84; Sardasht:44; Sari:180; Sarpol-e-Zahab:63; Sarvabad:55; Savadkuh:29; Saveh:208; Savojbolagh:391; Selseleh:45; Semirom:43; Semnan:238; Sepidan:49; Shabestar:55; Shadegan:60; Shaft:40; Shahindej:44; Shahinshahr-o-Meymeh:65; Shahr-e-Babak:58; Shahrekord:459; Shahreza:49; Shahriar:215; Shahrud:397; Shazand:175; Shemiranat:23; Shiraz:434; Shirvan:264; Shirvan-o-Chardavol:166; Shush:64; Shushtar:52; Siahkal:40; Sirjan:114; Solas-e-Babajani:31; Some'e-Sara:75; Sonqor:79; Tabas:143; Tabriz:401; Tafresh:73; Taft:141; Takab:40; Takestan:166; Talesh:89; Tangestan:118; Tarom:64; Taybad:40; Tehran:1136; Tiran-o-Korun:55; Tonekabon:72; Torbat-e-Heydarieh:80; Torbat-e-Jam:70; Tuyserkan:94; Urumia:342; Varamin:125; Varzaqan:29; Yazd:511; Zabol:210; Zahedan:389; Zanjan:499; Zarand:76; Zarandieh:74; Zarrindasht:29; Zehak:49,4.536706076436624,unchanged,County English and Farsi labels added from HBSIR lookup; coding standards change
1391,Weight,True,WEIGHT / HBSIR external weight table,Weight,household_information; hbsir.api.add_weight pre-1396,float32,numeric_range=12.038480758666992..8207.2294921875; distinct=2468,4.536706076436624,changed,Canonical Weight is HBSIR normalized weight; Weight_Raw retained when available; actual source=HBSIR_external_weight_table_pre_1396; Weight_Raw nonmissing=0/40007
1392,Age,True,DYCOL05,Age,Members properties,Int16,numeric_range=0..99; distinct=100,0.0,unchanged,Age in completed years; no adjustment
1392,Sex,True,DYCOL04,Sex,Members properties,category,Female:70130; Male:70229,0.0,unchanged,HBSIR categorical labels: Male/Female
1392,Relationship,True,DYCOL03,Relationship,Members properties,category,Child:64657; Child_in_Law:1136; Grand_Child:1354; Head:38316; Non_Family:88; Other_Family:361; Parent:1177; Sibling:702; Spouse:32568,0.0,unchanged,HBSIR categorical labels for relationship to household head
1392,Education level,True,DYCOL08,Education_Level,Members properties,str,   :242; ---:104; 001:14; 002:326; 101:3132; 102:3291; 103:3540; 104:3960; 105:5177; 106:18038; 107:3198; 108:92; 109:27; 231:2098; 232:1883; 233:2806; 234:14143; 310:28; 341:2512; 342:1781; 343:1602; 344:987; 345:962; 346:11173; 352:374; 353:402; 354:3498; 362:194; 363:190; 364:1538; 510:69; 511:3917; 512:5917; 513:418; 514:690; 515:39; 516:40; 517:76; 520:40; 521:1050; 522:2665; 601:27; 602:54; 603:2; 604:3; 605:17; 606:3; 901:598; 905:46; 907:2,26.627433937260882,changed,HBSIR education coding changes in 1393 and 1397; labels retained
1392,Activity status,True,DYCOL09,Activity_Status,Members properties,category,Employed:40195; Housekeeper:35227; Income_without_Work:10477; Other:2480; Student:21946; Unemployed:7124,16.32243033934411,unchanged,HBSIR categorical labels; definitions follow HBSIR codebook
1392,Marital status,True,DYCOL10,Marital_Status,Members properties,category,Bachelor:40305; Divorced:972; Married:70730; Widowed:5449,16.31744312797897,unchanged,HBSIR categorical labels
1392,Household size,True,Derived from members_properties count by ID,Household_Size,Household/member tables,float64,1.0:2476; 2.0:6265; 3.0:9563; 4.0:10495; 5.0:5463; 6.0:2353; 7.0:950; 8.0:446; 9.0:171; 10.0:65; 11.0:28; 12.0:21; 13.0:8; 14.0:6; 15.0:3; 16.0:2; 19.0:1,3.8832028898254065,changed,Row count of standardized member records; no household exclusion
1392,Urban/rural,True,HBSIR administrative classification lookup,Urban_Rural,household_information + HBSIR id_information.yaml,str,Rural:20100; Urban:19764,0.0,unchanged,Added from HBSIR external classification metadata
1392,Province,True,HBSIR province classification lookup,Province,household_information + HBSIR id_information.yaml,str,Alborz:1116; Ardabil:1104; Bushehr:1176; Chaharmahal_and_Bakhtiari:1014; East_Azerbaijan:1290; Fars:1536; Gilan:1236; Golestan:1380; Hamadan:1284; Hormozgan:1464; Ilam:1044; Isfahan:1422; Kerman:1410; Kermanshah:1278; Khuzestan:1380; Kohgiluyeh_and_Boyer_Ahmad:1134; Kurdistan:948; Lorestan:1074; Markazi:1452; Mazandaran:1230; North_Khorasan:1398; Qazvin:1032; Qom:1044; Razavi_Khorasan:1656; Semnan:1014; Sistan_and_Baluchestan:1440; South_Khorasan:1368; Tehran:2214; West_Azerbaijan:1302; Yazd:1278; Zanjan:1146,0.0,unchanged,Province English and Farsi labels added from HBSIR lookup
1392,County,True,HBSIR county classification lookup,County,household_information + HBSIR id_information.yaml,str,Abadan:66; Abadeh:36; Abarkuh:120; Abbasabad:36; Abdanan:114; Abhar:210; Abumusa:6; Abyek:144; Ahar:54; Ahvaz:294; Ajabshir:42; Alborz:168; Aliabad:114; Aligudarz:96; Amlash:48; Amol:108; Anar:36; Anbarabad:54; Andika:36; Andimeshk:48; Aqqala:102; Arak:264; Aran-o-Bidgol:18; Ardabil:258; Ardal:102; Ardekan:114; Ardestan:42; Arsanjan:30; Arzuiyeh:48; Asadabad:114; Ashkezar:108; Ashtian:60; Astane-ye-Ashrafiyeh:78; Astara:60; Azadshahr:90; Azarshahr:48; Azna:78; Babol:126; Babolsar:66; Bafq:90; Baft:54; Baghmalek:48; Bahabad:78; Bahar:126; Baharestan:96; Bahmai:108; Bajestan:18; Bakharz:30; Bam:90; Bandar-Abbas:138; Bandar-Lengeh:282; Bandar-e-Anzali:72; Bandar-e-Gaz:66; Bandar-e-Torkaman:78; Baneh:90; Bardaskan:42; Bardsir:54; Bashagard:60; Basht:84; Bastak:102; Bavanat:36; Bavi:42; Behbahan:60; Behshahr:66; Bijar:84; Bilasavar:84; Birjand:294; Bojnurd:378; Bonab:60; Borkhar:36; Borujen:150; Borujerd:156; Boshruyeh:90; Bostanabad:54; Boyer-Ahmad:288; Buin-Zahra:210; Bukan:84; Bushehr:204; Chabahar:138; Chadegan:36; Chaldoran:48; Chalus:66; Charam:102; Charuymaq:24; Chaypareh:42; Chenaran:54; Dalaho:60; Dalgan:60; Damavand:54; Damghan:192; Darab:60; Dargaz:30; Darmian:132; Darreh_Shahr:138; Dasht-e-Azadegan:60; Dashtestan:204; Dashti:120; Dayyer:96; Dehaghan:36; Dehgolan:66; Dehloran:132; Delfan:108; Delijan:84; Dena:132; Deylam:72; Dezful:90; Divandarreh:72; Dorud:114; Doureh:60; Eejrud:84; Eqlid:42; Esfarayen:228; Estahban:36; Eyvan:120; Fahraj:48; Falavarjan:84; Famenin:72; Farahan:84; Farashband:12; Faridan:54; Fariman:42; Faroj:144; Farsan:138; Faryab:30; Fasa:60; Ferdows:120; Feredunkenar:42; Fereydunshahr:24; Firuzabad:66; Firuzeh:18; Firuzkuh:30; Fuman:66; Gachsaran:198; Galikash:72; Galugah:36; Ganaveh:120; Garmsar:186; Gerash:30; Germeh:90; Germi:102; Ghaleye-Ganj:48; Gilan-e-Gharb:72; Golpayegan:42; Gomishan:72; Gonabad:48; Gonbad-e-Kavus:168; Gorgan:204; Guotvand:30; Haftgol:18; Hajiabad:102; Hamadan:276; Harsin:90; Hashtrud:42; Hendijan:12; Heris:36; Hirmand:60; Hoveizeh:18; Ilam:222; Iranshahr:126; Isfahan:438; Islamabad-e-Gharb:114; Islamshahr:96; Izeh:66; Jahrom:60; Jajrom:120; Jam:102; Jask:90; Javanrud:72; Jiroft:102; Joghatai:24; Jolfa:36; Jowayin:48; Juybar:48; Kabudarahang:120; Kahnuj:54; Kalat:36; Kalibar:42; Kamyaran:90; Kangan:138; Kangavar:90; Karaj:612; Kashan:90; Kashmar:60; Kavar:42; Kazerun:66; Kerman:150; Kermanshah:270; Khaf:48; Khalilabad:42; Khalkhal:114; Khamir:90; Khansar:36; Khash:102; Khatam:102; Kherameh:42; Khodaafarin:24; Khodabandeh:198; Khomein:144; Khomeinishahr:54; Khondab:114; Khonj:18; Khorobiyabanak:12; Khorramabad:180; Khorrambid:30; Khorramdarreh:120; Khorramshahr:54; Khoshab:24; Khoy:120; Kiaar:114; Kohgeluyeh:222; Kolaleh:96; Komeijan:90; Konarak:78; Kordkuy:84; Kowsar:60; Kuhbonan:30; Kuhdasht:126; Kuhrang:66; Lahijan:90; Lali:30; Lamerd:42; Langrud:84; Larestan:60; Lenjan:66; Lordegan:186; Mahabad:90; Mahallat:84; Mahmudabad:54; Mahneshan:96; Mahshahr:66; Mahvelat:30; Maku:60; Malard:90; Malayer:192; Malekan:54; Malekshahi:72; Mamasani:54; Maneh-o-Samalqan:192; Manujan:48; Maragheh:72; Marand:72; Maravehtapeh:60; Marivan:102; Marvdasht:102; Masal:48; Mashhad:492; Masjed-Soleyman:30; Mehdishahr:90; Mehr:42; Mehran:90; Mehrestan:60; Mehriz:120; Meshginshahr:144; Meybod:108; Miandoab:108; Miandorud:42; Mianeh:66; Minab:180; Minudasht:84; Mobarakeh:48; Nahavand:150; Nain:36; Najafabad:60; Namin:90; Naqadeh:72; Natanz:36; Nazarabad:138; Nehbandan:132; Neka:54; Neyriz:48; Nikshahr:114; Nir:60; Nishapur:102; Normashir:48; Noshahr:60; Nur:54; Omidiyeh:42; Oshnaviyeh:54; Osku:48; Pakdasht:78; Parsabad:144; Parsian:78; Pasargad:12; Paveh:72; Piranshahr:66; Pishva:42; Poldasht:42; Poldokhtar:78; Qaemshahr:102; Qaen:234; Qasr-e-Shirin:42; Qazvin:312; Qeshm:138; Qir-o-Karzin:36; Qom:1044; Qorveh:102; Quchan:60; Rabar:36; Rafsanjan:108; Ramhormoz:48; Ramian:90; Ramsar:42; Ramshir:36; Rasht:204; Rashtkhar:30; Ravansar:66; Ravar:42; Razan:114; Rey:96; Rezvanshahr:54; Rigan:48; Robat-Karim:78; Rostam:24; Roudbar-e-Jonub:54; Rudan:126; Rudbar:72; Rudsar:84; Sabzevar:78; Sahneh:90; Salmas:84; Sannandaj:168; Saqqez:114; Sarab:54; Sarakhs:42; Saravan:114; Sarayan:108; Sarbaz:96; Sarbisheh:114; Sardasht:66; Sareyn:48; Sari:114; Sarpol-e-Zahab:90; Sarvabad:60; Sarvestan:30; Savadkuh:42; Saveh:192; Savojbolagh:306; Selseleh:78; Semirom:42; Semnan:222; Sepidan:48; Shabestar:54; Shadegan:60; Shaft:54; Shahindej:66; Shahinshahr-o-Meymeh:30; Shahr-e-Babak:54; Shahr-e_Qods:36; Shahrekord:258; Shahreza:48; Shahriar:138; Shahrud:324; Shazand:156; Shemiranat:36; Shiraz:336; Shirvan:246; Shirvan-o-Chardavol:156; Showt:48; Shush:66; Shushtar:60; Siahkal:48; Sibo_Soran:66; Sirik:72; Sirjan:96; Solas-e-Babajani:54; Some'e-Sara:78; Sonqor:96; Tabas:144; Tabriz:366; Tafresh:78; Taft:138; Takab:54; Takestan:198; Taleghan:60; Talesh:96; Tangestan:120; Tarom:102; Taybad:42; Tehran:1242; Tiran-o-Korun:54; Tonekabon:72; Torbat-e-Heydarieh:60; Torbat-e-Jam:72; Torghabe-o-Shandiz:36; Tuyserkan:120; Urumia:198; Varamin:102; Varzaqan:42; Yazd:300; Zabol:144; Zahedan:216; Zanjan:336; Zarand:78; Zarandieh:102; Zarrindasht:36; Zave:48; Zehak:66,0.0,changed,County English and Farsi labels added from HBSIR lookup; coding standards change
1392,Weight,True,WEIGHT / HBSIR external weight table,Weight,household_information; hbsir.api.add_weight pre-1396,float32,numeric_range=31.518749237060547..6773.57666015625; distinct=1338,3.8832028898254065,changed,Canonical Weight is HBSIR normalized weight; Weight_Raw retained when available; actual source=HBSIR_external_weight_table_pre_1396; Weight_Raw nonmissing=0/39864
1393,Age,True,DYCOL05,Age,Members properties,Int16,numeric_range=0..99; distinct=100,0.0,unchanged,Age in completed years; no adjustment
1393,Sex,True,DYCOL04,Sex,Members properties,category,Female:69605; Male:69428,0.0,unchanged,HBSIR categorical labels: Male/Female
1393,Relationship,True,DYCOL03,Relationship,Members properties,category,Child:63800; Child_in_Law:1153; Grand_Child:1367; Head:38276; Non_Family:84; Other_Family:350; Parent:1163; Sibling:675; Spouse:32165,0.0,unchanged,HBSIR categorical labels for relationship to household head
1393,Education level,True,DYCOL08,Education_Level,Members properties,category,Bachelors:9826; Doctoral:99; Higher_Secondary:7203; Lower_Secondary:19593; Masters:1466; Pre_University:17770; Primary:38619; Short_Cycle_Tertiary:3813; Unofficial:3933,26.40452266728043,changed,HBSIR education coding changes in 1393 and 1397; labels retained
1393,Activity status,True,DYCOL09,Activity_Status,Members properties,category,Employed:39417; Housekeeper:34841; Income_without_Work:11382; Other:2655; Student:21480; Unemployed:7132,15.914207418382686,unchanged,HBSIR categorical labels; definitions follow HBSIR codebook
1393,Marital status,True,DYCOL10,Marital_Status,Members properties,category,Bachelor:40041; Divorced:1090; Married:69947; Widowed:5831,15.91276891097797,unchanged,HBSIR categorical labels
1393,Household size,True,Derived from members_properties count by ID,Household_Size,Household/member tables,float64,1.0:2738; 2.0:6214; 3.0:9483; 4.0:10393; 5.0:5562; 6.0:2328; 7.0:892; 8.0:389; 9.0:164; 10.0:53; 11.0:31; 12.0:12; 13.0:8; 14.0:4; 15.0:3; 16.0:1,3.966780409474107,changed,Row count of standardized member records; no household exclusion
1393,Urban/rural,True,HBSIR administrative classification lookup,Urban_Rural,household_information + HBSIR id_information.yaml,str,Rural:20100; Urban:19756,0.0,unchanged,Added from HBSIR external classification metadata
1393,Province,True,HBSIR province classification lookup,Province,household_information + HBSIR id_information.yaml,str,Alborz:1116; Ardabil:1104; Bushehr:1176; Chaharmahal_and_Bakhtiari:1014; East_Azerbaijan:1290; Fars:1536; Gilan:1236; Golestan:1380; Hamadan:1284; Hormozgan:1456; Ilam:1044; Isfahan:1422; Kerman:1410; Kermanshah:1278; Khuzestan:1380; Kohgiluyeh_and_Boyer_Ahmad:1134; Kurdistan:948; Lorestan:1074; Markazi:1452; Mazandaran:1230; North_Khorasan:1398; Qazvin:1032; Qom:1044; Razavi_Khorasan:1656; Semnan:1014; Sistan_and_Baluchestan:1440; South_Khorasan:1368; Tehran:2214; West_Azerbaijan:1302; Yazd:1278; Zanjan:1146,0.0,unchanged,Province English and Farsi labels added from HBSIR lookup
1393,County,True,HBSIR county classification lookup,County,household_information + HBSIR id_information.yaml,str,Abadan:66; Abadeh:36; Abarkuh:120; Abbasabad:36; Abdanan:114; Abhar:210; Abumusa:6; Abyek:144; Ahar:54; Ahvaz:294; Ajabshir:42; Alborz:168; Aliabad:114; Aligudarz:96; Amlash:48; Amol:108; Anar:36; Anbarabad:54; Andika:36; Andimeshk:48; Aqqala:102; Arak:264; Aran-o-Bidgol:18; Ardabil:258; Ardal:102; Ardekan:114; Ardestan:42; Arsanjan:30; Arzuiyeh:48; Asadabad:114; Ashkezar:108; Ashtian:60; Astane-ye-Ashrafiyeh:78; Astara:60; Azadshahr:90; Azarshahr:48; Azna:78; Babol:126; Babolsar:66; Bafq:90; Baft:54; Baghmalek:48; Bahabad:78; Bahar:126; Baharestan:96; Bahmai:108; Bajestan:18; Bakharz:30; Bam:90; Bandar-Abbas:138; Bandar-Lengeh:282; Bandar-e-Anzali:72; Bandar-e-Gaz:66; Bandar-e-Torkaman:78; Baneh:90; Bardaskan:42; Bardsir:54; Bashagard:60; Basht:84; Bastak:102; Bavanat:36; Bavi:42; Behbahan:60; Behshahr:66; Bijar:84; Bilasavar:84; Birjand:294; Bojnurd:378; Bonab:60; Borkhar:36; Borujen:150; Borujerd:156; Boshruyeh:90; Bostanabad:54; Boyer-Ahmad:288; Buin-Zahra:210; Bukan:84; Bushehr:204; Chabahar:138; Chadegan:36; Chaldoran:48; Chalus:66; Charam:102; Charuymaq:24; Chaypareh:42; Chenaran:54; Dalaho:60; Dalgan:60; Damavand:54; Damghan:192; Darab:60; Dargaz:30; Darmian:132; Darreh_Shahr:138; Dasht-e-Azadegan:60; Dashtestan:204; Dashti:120; Dayyer:96; Dehaghan:36; Dehgolan:66; Dehloran:132; Delfan:108; Delijan:84; Dena:132; Deylam:72; Dezful:90; Divandarreh:72; Dorud:114; Doureh:60; Eejrud:84; Eqlid:42; Esfarayen:228; Estahban:36; Eyvan:120; Fahraj:48; Falavarjan:84; Famenin:72; Farahan:84; Farashband:12; Faridan:54; Fariman:42; Faroj:144; Farsan:138; Faryab:30; Fasa:60; Ferdows:120; Feredunkenar:42; Fereydunshahr:24; Firuzabad:66; Firuzeh:18; Firuzkuh:30; Fuman:66; Gachsaran:198; Galikash:72; Galugah:36; Ganaveh:120; Garmsar:186; Gerash:30; Germeh:90; Germi:102; Ghaleye-Ganj:48; Gilan-e-Gharb:72; Golpayegan:42; Gomishan:72; Gonabad:48; Gonbad-e-Kavus:168; Gorgan:204; Guotvand:30; Haftgol:18; Hajiabad:102; Hamadan:276; Harsin:90; Hashtrud:42; Hendijan:12; Heris:36; Hirmand:60; Hoveizeh:18; Ilam:222; Iranshahr:126; Isfahan:438; Islamabad-e-Gharb:114; Islamshahr:96; Izeh:66; Jahrom:60; Jajrom:120; Jam:102; Jask:90; Javanrud:72; Jiroft:102; Joghatai:24; Jolfa:36; Jowayin:48; Juybar:48; Kabudarahang:120; Kahnuj:54; Kalat:36; Kalibar:42; Kamyaran:90; Kangan:138; Kangavar:90; Karaj:612; Kashan:90; Kashmar:60; Kavar:42; Kazerun:66; Kerman:150; Kermanshah:270; Khaf:48; Khalilabad:42; Khalkhal:114; Khamir:90; Khansar:36; Khash:102; Khatam:102; Kherameh:42; Khodaafarin:24; Khodabandeh:198; Khomein:144; Khomeinishahr:54; Khondab:114; Khonj:18; Khorobiyabanak:12; Khorramabad:180; Khorrambid:30; Khorramdarreh:120; Khorramshahr:54; Khoshab:24; Khoy:120; Kiaar:114; Kohgeluyeh:222; Kolaleh:96; Komeijan:90; Konarak:78; Kordkuy:84; Kowsar:60; Kuhbonan:30; Kuhdasht:126; Kuhrang:66; Lahijan:90; Lali:30; Lamerd:42; Langrud:84; Larestan:60; Lenjan:66; Lordegan:186; Mahabad:90; Mahallat:84; Mahmudabad:54; Mahneshan:96; Mahshahr:66; Mahvelat:30; Maku:60; Malard:90; Malayer:192; Malekan:54; Malekshahi:72; Mamasani:54; Maneh-o-Samalqan:192; Manujan:48; Maragheh:72; Marand:72; Maravehtapeh:60; Marivan:102; Marvdasht:102; Masal:48; Mashhad:492; Masjed-Soleyman:30; Mehdishahr:90; Mehr:42; Mehran:90; Mehrestan:60; Mehriz:120; Meshginshahr:144; Meybod:108; Miandoab:108; Miandorud:42; Mianeh:66; Minab:176; Minudasht:84; Mobarakeh:48; Nahavand:150; Nain:36; Najafabad:60; Namin:90; Naqadeh:72; Natanz:36; Nazarabad:138; Nehbandan:132; Neka:54; Neyriz:48; Nikshahr:114; Nir:60; Nishapur:102; Normashir:48; Noshahr:60; Nur:54; Omidiyeh:42; Oshnaviyeh:54; Osku:48; Pakdasht:78; Parsabad:144; Parsian:74; Pasargad:12; Paveh:72; Piranshahr:66; Pishva:42; Poldasht:42; Poldokhtar:78; Qaemshahr:102; Qaen:234; Qasr-e-Shirin:42; Qazvin:312; Qeshm:138; Qir-o-Karzin:36; Qom:1044; Qorveh:102; Quchan:60; Rabar:36; Rafsanjan:108; Ramhormoz:48; Ramian:90; Ramsar:42; Ramshir:36; Rasht:204; Rashtkhar:30; Ravansar:66; Ravar:42; Razan:114; Rey:96; Rezvanshahr:54; Rigan:48; Robat-Karim:78; Rostam:24; Roudbar-e-Jonub:54; Rudan:126; Rudbar:72; Rudsar:84; Sabzevar:78; Sahneh:90; Salmas:84; Sannandaj:168; Saqqez:114; Sarab:54; Sarakhs:42; Saravan:114; Sarayan:108; Sarbaz:96; Sarbisheh:114; Sardasht:66; Sareyn:48; Sari:114; Sarpol-e-Zahab:90; Sarvabad:60; Sarvestan:30; Savadkuh:42; Saveh:192; Savojbolagh:306; Selseleh:78; Semirom:42; Semnan:222; Sepidan:48; Shabestar:54; Shadegan:60; Shaft:54; Shahindej:66; Shahinshahr-o-Meymeh:30; Shahr-e-Babak:54; Shahr-e_Qods:36; Shahrekord:258; Shahreza:48; Shahriar:138; Shahrud:324; Shazand:156; Shemiranat:36; Shiraz:336; Shirvan:246; Shirvan-o-Chardavol:156; Showt:48; Shush:66; Shushtar:60; Siahkal:48; Sibo_Soran:66; Sirik:72; Sirjan:96; Solas-e-Babajani:54; Some'e-Sara:78; Sonqor:96; Tabas:144; Tabriz:366; Tafresh:78; Taft:138; Takab:54; Takestan:198; Taleghan:60; Talesh:96; Tangestan:120; Tarom:102; Taybad:42; Tehran:1242; Tiran-o-Korun:54; Tonekabon:72; Torbat-e-Heydarieh:60; Torbat-e-Jam:72; Torghabe-o-Shandiz:36; Tuyserkan:120; Urumia:198; Varamin:102; Varzaqan:42; Yazd:300; Zabol:144; Zahedan:216; Zanjan:336; Zarand:78; Zarandieh:102; Zarrindasht:36; Zave:48; Zehak:66,0.0,unchanged,County English and Farsi labels added from HBSIR lookup; coding standards change
1393,Weight,True,WEIGHT / HBSIR external weight table,Weight,household_information; hbsir.api.add_weight pre-1396,float32,numeric_range=31.277082443237305..6976.69873046875; distinct=1402,3.966780409474107,changed,Canonical Weight is HBSIR normalized weight; Weight_Raw retained when available; actual source=HBSIR_external_weight_table_pre_1396; Weight_Raw nonmissing=0/39856
1394,Age,True,DYCOL05,Age,Members properties,Int16,numeric_range=0..99; distinct=100,0.0,unchanged,Age in completed years; no adjustment
1394,Sex,True,DYCOL04,Sex,Members properties,category,Female:68946; Male:68670,0.0,unchanged,HBSIR categorical labels: Male/Female
1394,Relationship,True,DYCOL03,Relationship,Members properties,category,Child:62743; Child_in_Law:1169; Grand_Child:1479; Head:38252; Non_Family:88; Other_Family:296; Parent:1159; Sibling:598; Spouse:31832,0.0,unchanged,HBSIR categorical labels for relationship to household head
1394,Education level,True,DYCOL08,Education_Level,Members properties,category,Bachelors:9758; Doctoral:112; Higher_Secondary:6306; Lower_Secondary:19927; Masters:1588; Pre_University:18182; Primary:38496; Short_Cycle_Tertiary:3744; Unofficial:3762,25.97154400651087,unchanged,HBSIR education coding changes in 1393 and 1397; labels retained
1394,Activity status,True,DYCOL09,Activity_Status,Members properties,category,Employed:38415; Housekeeper:35164; Income_without_Work:11632; Other:2590; Student:20908; Unemployed:7403,15.626089989536101,unchanged,HBSIR categorical labels; definitions follow HBSIR codebook
1394,Marital status,True,DYCOL10,Marital_Status,Members properties,category,Bachelor:39803; Divorced:1174; Married:69086; Widowed:6051,15.624636670154631,unchanged,HBSIR categorical labels
1394,Household size,True,Derived from members_properties count by ID,Household_Size,Household/member tables,float64,1.0:2823; 2.0:6513; 3.0:9177; 4.0:10599; 5.0:5526; 6.0:2161; 7.0:848; 8.0:355; 9.0:146; 10.0:51; 11.0:24; 12.0:15; 13.0:6; 14.0:2; 15.0:3; 16.0:2; 17.0:1,4.0268961537496555,changed,Row count of standardized member records; no household exclusion
1394,Urban/rural,True,HBSIR administrative classification lookup,Urban_Rural,household_information + HBSIR id_information.yaml,str,Rural:20099; Urban:19758,0.0,unchanged,Added from HBSIR external classification metadata
1394,Province,True,HBSIR province classification lookup,Province,household_information + HBSIR id_information.yaml,str,Alborz:1116; Ardabil:1104; Bushehr:1176; Chaharmahal_and_Bakhtiari:1014; East_Azerbaijan:1290; Fars:1536; Gilan:1236; Golestan:1380; Hamadan:1284; Hormozgan:1459; Ilam:1044; Isfahan:1422; Kerman:1410; Kermanshah:1278; Khuzestan:1380; Kohgiluyeh_and_Boyer_Ahmad:1134; Kurdistan:948; Lorestan:1074; Markazi:1452; Mazandaran:1229; North_Khorasan:1397; Qazvin:1032; Qom:1044; Razavi_Khorasan:1656; Semnan:1014; Sistan_and_Baluchestan:1440; South_Khorasan:1368; Tehran:2214; West_Azerbaijan:1302; Yazd:1278; Zanjan:1146,0.0,unchanged,Province English and Farsi labels added from HBSIR lookup
1394,County,True,HBSIR county classification lookup,County,household_information + HBSIR id_information.yaml,str,Abadan:66; Abadeh:36; Abarkuh:120; Abbasabad:36; Abdanan:114; Abhar:210; Abumusa:6; Abyek:144; Ahar:54; Ahvaz:294; Ajabshir:42; Alborz:168; Aliabad:114; Aligudarz:96; Amlash:48; Amol:108; Anar:36; Anbarabad:54; Andika:36; Andimeshk:48; Aqqala:102; Arak:264; Aran-o-Bidgol:18; Ardabil:258; Ardal:102; Ardekan:114; Ardestan:42; Arsanjan:30; Arzuiyeh:48; Asadabad:114; Ashkezar:108; Ashtian:60; Astane-ye-Ashrafiyeh:78; Astara:60; Azadshahr:90; Azarshahr:48; Azna:78; Babol:126; Babolsar:66; Bafq:90; Baft:54; Baghmalek:48; Bahabad:78; Bahar:126; Baharestan:96; Bahmai:108; Bajestan:18; Bakharz:30; Bam:90; Bandar-Abbas:138; Bandar-Lengeh:282; Bandar-e-Anzali:72; Bandar-e-Gaz:66; Bandar-e-Torkaman:78; Baneh:90; Bardaskan:42; Bardsir:54; Bashagard:60; Basht:84; Bastak:102; Bavanat:36; Bavi:42; Behbahan:60; Behshahr:66; Bijar:84; Bilasavar:84; Birjand:294; Bojnurd:378; Bonab:60; Borkhar:36; Borujen:150; Borujerd:156; Boshruyeh:90; Bostanabad:54; Boyer-Ahmad:288; Buin-Zahra:210; Bukan:84; Bushehr:204; Chabahar:138; Chadegan:36; Chaldoran:48; Chalus:66; Charam:102; Charuymaq:24; Chaypareh:42; Chenaran:54; Dalaho:60; Dalgan:60; Damavand:54; Damghan:192; Darab:60; Dargaz:30; Darmian:132; Darreh_Shahr:138; Dasht-e-Azadegan:60; Dashtestan:204; Dashti:120; Dayyer:96; Dehaghan:36; Dehgolan:66; Dehloran:132; Delfan:108; Delijan:84; Dena:132; Deylam:72; Dezful:90; Divandarreh:72; Dorud:114; Doureh:60; Eejrud:84; Eqlid:42; Esfarayen:228; Estahban:36; Eyvan:120; Fahraj:48; Falavarjan:84; Famenin:72; Farahan:84; Farashband:12; Faridan:54; Fariman:42; Faroj:144; Farsan:138; Faryab:30; Fasa:60; Ferdows:120; Feredunkenar:42; Fereydunshahr:24; Firuzabad:66; Firuzeh:18; Firuzkuh:30; Fuman:66; Gachsaran:198; Galikash:72; Galugah:36; Ganaveh:120; Garmsar:186; Gerash:30; Germeh:90; Germi:102; Ghaleye-Ganj:48; Gilan-e-Gharb:72; Golpayegan:42; Gomishan:72; Gonabad:48; Gonbad-e-Kavus:168; Gorgan:204; Guotvand:30; Haftgol:18; Hajiabad:102; Hamadan:276; Harsin:90; Hashtrud:42; Hendijan:12; Heris:36; Hirmand:60; Hoveizeh:18; Ilam:222; Iranshahr:126; Isfahan:438; Islamabad-e-Gharb:114; Islamshahr:96; Izeh:66; Jahrom:60; Jajrom:120; Jam:102; Jask:90; Javanrud:72; Jiroft:102; Joghatai:24; Jolfa:36; Jowayin:48; Juybar:48; Kabudarahang:120; Kahnuj:54; Kalat:36; Kalibar:42; Kamyaran:90; Kangan:138; Kangavar:90; Karaj:612; Kashan:90; Kashmar:60; Kavar:42; Kazerun:66; Kerman:150; Kermanshah:270; Khaf:48; Khalilabad:42; Khalkhal:114; Khamir:90; Khansar:36; Khash:102; Khatam:102; Kherameh:42; Khodaafarin:24; Khodabandeh:198; Khomein:144; Khomeinishahr:54; Khondab:114; Khonj:18; Khorobiyabanak:12; Khorramabad:180; Khorrambid:30; Khorramdarreh:120; Khorramshahr:54; Khoshab:24; Khoy:120; Kiaar:114; Kohgeluyeh:222; Kolaleh:96; Komeijan:90; Konarak:78; Kordkuy:84; Kowsar:60; Kuhbonan:30; Kuhdasht:126; Kuhrang:66; Lahijan:90; Lali:30; Lamerd:42; Langrud:84; Larestan:60; Lenjan:66; Lordegan:186; Mahabad:90; Mahallat:84; Mahmudabad:54; Mahneshan:96; Mahshahr:66; Mahvelat:30; Maku:60; Malard:90; Malayer:192; Malekan:54; Malekshahi:72; Mamasani:54; Maneh-o-Samalqan:191; Manujan:48; Maragheh:72; Marand:72; Maravehtapeh:60; Marivan:102; Marvdasht:102; Masal:48; Mashhad:492; Masjed-Soleyman:30; Mehdishahr:90; Mehr:42; Mehran:90; Mehrestan:60; Mehriz:120; Meshginshahr:144; Meybod:108; Miandoab:108; Miandorud:42; Mianeh:66; Minab:178; Minudasht:84; Mobarakeh:48; Nahavand:150; Nain:36; Najafabad:60; Namin:90; Naqadeh:72; Natanz:36; Nazarabad:138; Nehbandan:132; Neka:54; Neyriz:48; Nikshahr:114; Nir:60; Nishapur:102; Normashir:48; Noshahr:60; Nur:54; Omidiyeh:42; Oshnaviyeh:54; Osku:48; Pakdasht:78; Parsabad:144; Parsian:76; Pasargad:12; Paveh:72; Piranshahr:66; Pishva:42; Poldasht:42; Poldokhtar:78; Qaemshahr:102; Qaen:234; Qasr-e-Shirin:42; Qazvin:312; Qeshm:138; Qir-o-Karzin:36; Qom:1044; Qorveh:102; Quchan:60; Rabar:36; Rafsanjan:108; Ramhormoz:48; Ramian:90; Ramsar:41; Ramshir:36; Rasht:204; Rashtkhar:30; Ravansar:66; Ravar:42; Razan:114; Rey:96; Rezvanshahr:54; Rigan:48; Robat-Karim:78; Rostam:24; Roudbar-e-Jonub:54; Rudan:125; Rudbar:72; Rudsar:84; Sabzevar:78; Sahneh:90; Salmas:84; Sannandaj:168; Saqqez:114; Sarab:54; Sarakhs:42; Saravan:114; Sarayan:108; Sarbaz:96; Sarbisheh:114; Sardasht:66; Sareyn:48; Sari:114; Sarpol-e-Zahab:90; Sarvabad:60; Sarvestan:30; Savadkuh:42; Saveh:192; Savojbolagh:306; Selseleh:78; Semirom:42; Semnan:222; Sepidan:48; Shabestar:54; Shadegan:60; Shaft:54; Shahindej:66; Shahinshahr-o-Meymeh:30; Shahr-e-Babak:54; Shahr-e_Qods:36; Shahrekord:258; Shahreza:48; Shahriar:138; Shahrud:324; Shazand:156; Shemiranat:36; Shiraz:336; Shirvan:246; Shirvan-o-Chardavol:156; Showt:48; Shush:66; Shushtar:60; Siahkal:48; Sibo_Soran:66; Sirik:72; Sirjan:96; Solas-e-Babajani:54; Some'e-Sara:78; Sonqor:96; Tabas:144; Tabriz:366; Tafresh:78; Taft:138; Takab:54; Takestan:198; Taleghan:60; Talesh:96; Tangestan:120; Tarom:102; Taybad:42; Tehran:1242; Tiran-o-Korun:54; Tonekabon:72; Torbat-e-Heydarieh:60; Torbat-e-Jam:72; Torghabe-o-Shandiz:36; Tuyserkan:120; Urumia:198; Varamin:102; Varzaqan:42; Yazd:300; Zabol:144; Zahedan:216; Zanjan:336; Zarand:78; Zarandieh:102; Zarrindasht:36; Zave:48; Zehak:66,0.0,unchanged,County English and Farsi labels added from HBSIR lookup; coding standards change
1394,Weight,True,WEIGHT / HBSIR external weight table,Weight,household_information; hbsir.api.add_weight pre-1396,float32,numeric_range=31.037500381469727..7384.1708984375; distinct=1434,4.0268961537496555,changed,Canonical Weight is HBSIR normalized weight; Weight_Raw retained when available; actual source=HBSIR_external_weight_table_pre_1396; Weight_Raw nonmissing=0/39857
1395,Age,True,DYCOL05,Age,Members properties,Int16,numeric_range=0..99; distinct=100,0.0,unchanged,Age in completed years; no adjustment
1395,Sex,True,DYCOL04,Sex,Members properties,category,Female:67779; Male:67773,0.0,unchanged,HBSIR categorical labels: Male/Female
1395,Relationship,True,DYCOL03,Relationship,Members properties,category,Child:60983; Child_in_Law:1137; Grand_Child:1541; Head:38146; Non_Family:62; Other_Family:315; Parent:1126; Sibling:624; Spouse:31618,0.0,unchanged,HBSIR categorical labels for relationship to household head
1395,Education level,True,DYCOL08,Education_Level,Members properties,category,Bachelors:9510; Doctoral:123; Higher_Secondary:5983; Lower_Secondary:19717; Masters:1823; Pre_University:18218; Primary:37493; Short_Cycle_Tertiary:3650; Unofficial:3978,25.86239966949953,unchanged,HBSIR education coding changes in 1393 and 1397; labels retained
1395,Activity status,True,DYCOL09,Activity_Status,Members properties,category,Employed:37713; Housekeeper:34696; Income_without_Work:11967; Other:2598; Student:20219; Unemployed:7675,15.259088762983946,unchanged,HBSIR categorical labels; definitions follow HBSIR codebook
1395,Marital status,True,DYCOL10,Marital_Status,Members properties,category,Bachelor:38921; Divorced:1258; Married:68440; Widowed:6253,15.256137865911237,unchanged,HBSIR categorical labels
1395,Household size,True,Derived from members_properties count by ID,Household_Size,Household/member tables,float64,1.0:2990; 2.0:6864; 3.0:8906; 4.0:10543; 5.0:5403; 6.0:2124; 7.0:775; 8.0:305; 9.0:138; 10.0:51; 11.0:23; 12.0:12; 13.0:8; 15.0:2; 17.0:1; 20.0:1,4.309652819586594,changed,Row count of standardized member records; no household exclusion
1395,Urban/rural,True,HBSIR administrative classification lookup,Urban_Rural,household_information + HBSIR id_information.yaml,str,Rural:20100; Urban:19764,0.0,unchanged,Added from HBSIR external classification metadata
1395,Province,True,HBSIR province classification lookup,Province,household_information + HBSIR id_information.yaml,str,Alborz:1116; Ardabil:1104; Bushehr:1176; Chaharmahal_and_Bakhtiari:1014; East_Azerbaijan:1290; Fars:1536; Gilan:1236; Golestan:1380; Hamadan:1284; Hormozgan:1464; Ilam:1044; Isfahan:1422; Kerman:1410; Kermanshah:1278; Khuzestan:1380; Kohgiluyeh_and_Boyer_Ahmad:1134; Kurdistan:948; Lorestan:1074; Markazi:1452; Mazandaran:1230; North_Khorasan:1398; Qazvin:1032; Qom:1044; Razavi_Khorasan:1656; Semnan:1014; Sistan_and_Baluchestan:1440; South_Khorasan:1368; Tehran:2214; West_Azerbaijan:1302; Yazd:1278; Zanjan:1146,0.0,unchanged,Province English and Farsi labels added from HBSIR lookup
1395,County,True,HBSIR county classification lookup,County,household_information + HBSIR id_information.yaml,str,Abadan:66; Abadeh:36; Abarkuh:120; Abbasabad:36; Abdanan:114; Abhar:210; Abumusa:6; Abyek:144; Ahar:54; Ahvaz:294; Ajabshir:42; Alborz:168; Aliabad:114; Aligudarz:96; Amlash:48; Amol:108; Anar:36; Anbarabad:54; Andika:36; Andimeshk:48; Aqqala:102; Arak:264; Aran-o-Bidgol:18; Ardabil:258; Ardal:102; Ardekan:114; Ardestan:42; Arsanjan:30; Arzuiyeh:48; Asadabad:114; Ashkezar:108; Ashtian:60; Astane-ye-Ashrafiyeh:78; Astara:60; Azadshahr:90; Azarshahr:48; Azna:78; Babol:126; Babolsar:66; Bafq:90; Baft:54; Baghmalek:48; Bahabad:78; Bahar:126; Baharestan:96; Bahmai:108; Bajestan:18; Bakharz:30; Bam:90; Bandar-Abbas:138; Bandar-Lengeh:282; Bandar-e-Anzali:72; Bandar-e-Gaz:66; Bandar-e-Torkaman:78; Baneh:90; Bardaskan:42; Bardsir:54; Bashagard:60; Basht:84; Bastak:102; Bavanat:36; Bavi:42; Behbahan:60; Behshahr:66; Bijar:84; Bilasavar:84; Birjand:294; Bojnurd:378; Bonab:60; Borkhar:36; Borujen:150; Borujerd:156; Boshruyeh:90; Bostanabad:54; Boyer-Ahmad:288; Buin-Zahra:210; Bukan:84; Bushehr:204; Chabahar:138; Chadegan:36; Chaldoran:48; Chalus:66; Charam:102; Charuymaq:24; Chaypareh:42; Chenaran:54; Dalaho:60; Dalgan:60; Damavand:54; Damghan:192; Darab:60; Dargaz:30; Darmian:132; Darreh_Shahr:138; Dasht-e-Azadegan:60; Dashtestan:204; Dashti:120; Dayyer:96; Dehaghan:36; Dehgolan:66; Dehloran:132; Delfan:108; Delijan:84; Dena:132; Deylam:72; Dezful:90; Divandarreh:72; Dorud:114; Doureh:60; Eejrud:84; Eqlid:42; Esfarayen:228; Estahban:36; Eyvan:120; Fahraj:48; Falavarjan:84; Famenin:72; Farahan:84; Farashband:12; Faridan:54; Fariman:42; Faroj:144; Farsan:138; Faryab:30; Fasa:60; Ferdows:120; Feredunkenar:42; Fereydunshahr:24; Firuzabad:66; Firuzeh:18; Firuzkuh:30; Fuman:66; Gachsaran:198; Galikash:72; Galugah:36; Ganaveh:120; Garmsar:186; Gerash:30; Germeh:90; Germi:102; Ghaleye-Ganj:48; Gilan-e-Gharb:72; Golpayegan:42; Gomishan:72; Gonabad:48; Gonbad-e-Kavus:168; Gorgan:204; Guotvand:30; Haftgol:18; Hajiabad:102; Hamadan:276; Harsin:90; Hashtrud:42; Hendijan:12; Heris:36; Hirmand:60; Hoveizeh:18; Ilam:222; Iranshahr:126; Isfahan:438; Islamabad-e-Gharb:114; Islamshahr:96; Izeh:66; Jahrom:60; Jajrom:120; Jam:102; Jask:90; Javanrud:72; Jiroft:102; Joghatai:24; Jolfa:36; Jowayin:48; Juybar:48; Kabudarahang:120; Kahnuj:54; Kalat:36; Kalibar:42; Kamyaran:90; Kangan:138; Kangavar:90; Karaj:612; Kashan:90; Kashmar:60; Kavar:42; Kazerun:66; Kerman:150; Kermanshah:270; Khaf:48; Khalilabad:42; Khalkhal:114; Khamir:90; Khansar:36; Khash:102; Khatam:102; Kherameh:42; Khodaafarin:24; Khodabandeh:198; Khomein:144; Khomeinishahr:54; Khondab:114; Khonj:18; Khorobiyabanak:12; Khorramabad:180; Khorrambid:30; Khorramdarreh:120; Khorramshahr:54; Khoshab:24; Khoy:120; Kiaar:114; Kohgeluyeh:222; Kolaleh:96; Komeijan:90; Konarak:78; Kordkuy:84; Kowsar:60; Kuhbonan:30; Kuhdasht:126; Kuhrang:66; Lahijan:90; Lali:30; Lamerd:42; Langrud:84; Larestan:60; Lenjan:66; Lordegan:186; Mahabad:90; Mahallat:84; Mahmudabad:54; Mahneshan:96; Mahshahr:66; Mahvelat:30; Maku:60; Malard:90; Malayer:192; Malekan:54; Malekshahi:72; Mamasani:54; Maneh-o-Samalqan:192; Manujan:48; Maragheh:72; Marand:72; Maravehtapeh:60; Marivan:102; Marvdasht:102; Masal:48; Mashhad:492; Masjed-Soleyman:30; Mehdishahr:90; Mehr:42; Mehran:90; Mehrestan:60; Mehriz:120; Meshginshahr:144; Meybod:108; Miandoab:108; Miandorud:42; Mianeh:66; Minab:180; Minudasht:84; Mobarakeh:48; Nahavand:150; Nain:36; Najafabad:60; Namin:90; Naqadeh:72; Natanz:36; Nazarabad:138; Nehbandan:132; Neka:54; Neyriz:48; Nikshahr:114; Nir:60; Nishapur:102; Normashir:48; Noshahr:60; Nur:54; Omidiyeh:42; Oshnaviyeh:54; Osku:48; Pakdasht:78; Parsabad:144; Parsian:78; Pasargad:12; Paveh:72; Piranshahr:66; Pishva:42; Poldasht:42; Poldokhtar:78; Qaemshahr:102; Qaen:234; Qasr-e-Shirin:42; Qazvin:312; Qeshm:138; Qir-o-Karzin:36; Qom:1044; Qorveh:102; Quchan:60; Rabar:36; Rafsanjan:108; Ramhormoz:48; Ramian:90; Ramsar:42; Ramshir:36; Rasht:204; Rashtkhar:30; Ravansar:66; Ravar:42; Razan:114; Rey:96; Rezvanshahr:54; Rigan:48; Robat-Karim:78; Rostam:24; Roudbar-e-Jonub:54; Rudan:126; Rudbar:72; Rudsar:84; Sabzevar:78; Sahneh:90; Salmas:84; Sannandaj:168; Saqqez:114; Sarab:54; Sarakhs:42; Saravan:114; Sarayan:108; Sarbaz:96; Sarbisheh:114; Sardasht:66; Sareyn:48; Sari:114; Sarpol-e-Zahab:90; Sarvabad:60; Sarvestan:30; Savadkuh:42; Saveh:192; Savojbolagh:306; Selseleh:78; Semirom:42; Semnan:222; Sepidan:48; Shabestar:54; Shadegan:60; Shaft:54; Shahindej:66; Shahinshahr-o-Meymeh:30; Shahr-e-Babak:54; Shahr-e_Qods:36; Shahrekord:258; Shahreza:48; Shahriar:138; Shahrud:324; Shazand:156; Shemiranat:36; Shiraz:336; Shirvan:246; Shirvan-o-Chardavol:156; Showt:48; Shush:66; Shushtar:60; Siahkal:48; Sibo_Soran:66; Sirik:72; Sirjan:96; Solas-e-Babajani:54; Some'e-Sara:78; Sonqor:96; Tabas:144; Tabriz:366; Tafresh:78; Taft:138; Takab:54; Takestan:198; Taleghan:60; Talesh:96; Tangestan:120; Tarom:102; Taybad:42; Tehran:1242; Tiran-o-Korun:54; Tonekabon:72; Torbat-e-Heydarieh:60; Torbat-e-Jam:72; Torghabe-o-Shandiz:36; Tuyserkan:120; Urumia:198; Varamin:102; Varzaqan:42; Yazd:300; Zabol:144; Zahedan:216; Zanjan:336; Zarand:78; Zarandieh:102; Zarrindasht:36; Zave:48; Zehak:66,0.0,unchanged,County English and Farsi labels added from HBSIR lookup; coding standards change
1395,Weight,True,WEIGHT / HBSIR external weight table,Weight,household_information; hbsir.api.add_weight pre-1396,float32,numeric_range=30.797916412353516..13576.1171875; distinct=1437,4.309652819586594,changed,Canonical Weight is HBSIR normalized weight; Weight_Raw retained when available; actual source=HBSIR_external_weight_table_pre_1396; Weight_Raw nonmissing=0/39864
1396,Age,True,DYCOL05,Age,Members properties,Int16,numeric_range=0..99; distinct=100,0.0,unchanged,Age in completed years; no adjustment
1396,Sex,True,DYCOL04,Sex,Members properties,category,Female:67163; Male:67226,0.0,unchanged,HBSIR categorical labels: Male/Female
1396,Relationship,True,DYCOL03,Relationship,Members properties,category,Child:59866; Child_in_Law:1133; Grand_Child:1724; Head:37962; Non_Family:61; Other_Family:335; Parent:1133; Sibling:637; Spouse:31538,0.0,unchanged,HBSIR categorical labels for relationship to household head
1396,Education level,True,DYCOL08,Education_Level,Members properties,category,Bachelors:9526; Doctoral:130; Higher_Secondary:5643; Lower_Secondary:19675; Masters:1877; Pre_University:18495; Primary:37338; Short_Cycle_Tertiary:3591; Unofficial:3915,25.44776730238338,unchanged,HBSIR education coding changes in 1393 and 1397; labels retained
1396,Activity status,True,DYCOL09,Activity_Status,Members properties,category,Employed:37742; Housekeeper:34144; Income_without_Work:12147; Other:2718; Student:19932; Unemployed:7306,15.1798138240481,unchanged,HBSIR categorical labels; definitions follow HBSIR codebook
1396,Marital status,True,DYCOL10,Marital_Status,Members properties,category,Bachelor:38218; Divorced:1340; Married:68248; Widowed:6183,15.1798138240481,unchanged,HBSIR categorical labels
1396,Household size,True,Derived from members_properties count by ID,Household_Size,Household/member tables,int64,1:2882; 2:7019; 3:8783; 4:10659; 5:5361; 6:1991; 7:771; 8:301; 9:108; 10:42; 11:24; 12:10; 13:6; 14:2; 15:2; 16:1,0.0,changed,Row count of standardized member records; no household exclusion
1396,Urban/rural,True,HBSIR administrative classification lookup,Urban_Rural,household_information + HBSIR id_information.yaml,str,Rural:19261; Urban:18701,0.0,unchanged,Added from HBSIR external classification metadata
1396,Province,True,HBSIR province classification lookup,Province,household_information + HBSIR id_information.yaml,str,Alborz:1040; Ardabil:1040; Bushehr:1124; Chaharmahal_and_Bakhtiari:926; East_Azerbaijan:1280; Fars:1507; Gilan:1214; Golestan:1344; Hamadan:1262; Hormozgan:1425; Ilam:999; Isfahan:1345; Kerman:1155; Kermanshah:1188; Khuzestan:1358; Kohgiluyeh_and_Boyer_Ahmad:1130; Kurdistan:881; Lorestan:1069; Markazi:1447; Mazandaran:1106; North_Khorasan:1394; Qazvin:1006; Qom:1026; Razavi_Khorasan:1567; Semnan:959; Sistan_and_Baluchestan:1397; South_Khorasan:1328; Tehran:1948; West_Azerbaijan:1158; Yazd:1219; Zanjan:1120,0.0,unchanged,Province English and Farsi labels added from HBSIR lookup
1396,County,True,HBSIR county classification lookup,County,household_information + HBSIR id_information.yaml,str,Abadan:66; Abadeh:34; Abarkuh:120; Abbasabad:34; Abdanan:113; Abhar:209; Abumusa:6; Abyek:142; Ahar:54; Ahvaz:290; Ajabshir:42; Alborz:163; Aliabad:109; Aligudarz:95; Amlash:48; Amol:104; Anar:35; Anbarabad:40; Andika:34; Andimeshk:47; Aqqala:102; Arak:264; Aran-o-Bidgol:18; Ardabil:244; Ardal:95; Ardekan:114; Ardestan:40; Arsanjan:30; Arzuiyeh:41; Asadabad:114; Ashkezar:107; Ashtian:60; Astane-ye-Ashrafiyeh:78; Astara:58; Azadshahr:88; Azarshahr:48; Azna:78; Babol:114; Babolsar:55; Bafq:75; Baft:43; Baghmalek:46; Bahabad:62; Bahar:126; Baharestan:93; Bahmai:108; Bajestan:18; Bakharz:28; Bam:58; Bandar-Abbas:138; Bandar-Lengeh:270; Bandar-e-Anzali:70; Bandar-e-Gaz:64; Bandar-e-Torkaman:77; Baneh:85; Bardaskan:40; Bardsir:52; Bashagard:56; Basht:84; Bastak:102; Bavanat:34; Bavi:42; Behbahan:57; Behshahr:58; Bijar:77; Bilasavar:78; Birjand:283; Bojnurd:378; Bonab:59; Borkhar:36; Borujen:140; Borujerd:156; Boshruyeh:87; Bostanabad:54; Boyer-Ahmad:287; Buin-Zahra:205; Bukan:71; Bushehr:185; Chabahar:132; Chadegan:35; Chaldoran:44; Chalus:58; Charam:101; Charuymaq:24; Chaypareh:40; Chenaran:53; Dalaho:60; Dalgan:60; Damavand:49; Damghan:162; Darab:60; Dargaz:30; Darmian:131; Darreh_Shahr:134; Dasht-e-Azadegan:56; Dashtestan:202; Dashti:119; Dayyer:93; Dehaghan:34; Dehgolan:63; Dehloran:124; Delfan:108; Delijan:84; Dena:132; Deylam:67; Dezful:89; Divandarreh:70; Dorud:114; Doureh:60; Eejrud:83; Eqlid:40; Esfarayen:227; Estahban:30; Eyvan:110; Fahraj:32; Falavarjan:83; Famenin:69; Farahan:84; Farashband:12; Faridan:53; Fariman:42; Faroj:144; Farsan:132; Faryab:23; Fasa:60; Ferdows:113; Feredunkenar:37; Fereydunshahr:22; Firuzabad:66; Firuzeh:18; Firuzkuh:24; Fuman:65; Gachsaran:197; Galikash:72; Galugah:35; Ganaveh:114; Garmsar:177; Gerash:30; Germeh:90; Germi:100; Ghaleye-Ganj:41; Gilan-e-Gharb:71; Golpayegan:37; Gomishan:71; Gonabad:48; Gonbad-e-Kavus:165; Gorgan:198; Guotvand:30; Haftgol:17; Hajiabad:100; Hamadan:269; Harsin:90; Hashtrud:40; Hendijan:12; Heris:36; Hirmand:60; Hoveizeh:18; Ilam:208; Iranshahr:123; Isfahan:413; Islamabad-e-Gharb:114; Islamshahr:91; Izeh:62; Jahrom:60; Jajrom:120; Jam:100; Jask:82; Javanrud:72; Jiroft:71; Joghatai:23; Jolfa:36; Jowayin:47; Juybar:45; Kabudarahang:112; Kahnuj:41; Kalat:36; Kalibar:42; Kamyaran:87; Kangan:125; Kangavar:89; Karaj:573; Kashan:87; Kashmar:59; Kavar:41; Kazerun:66; Kerman:141; Kermanshah:263; Khaf:48; Khalilabad:40; Khalkhal:107; Khamir:87; Khansar:33; Khash:99; Khatam:100; Kherameh:42; Khodaafarin:24; Khodabandeh:191; Khomein:144; Khomeinishahr:52; Khondab:114; Khonj:18; Khorobiyabanak:10; Khorramabad:179; Khorrambid:30; Khorramdarreh:120; Khorramshahr:54; Khoshab:24; Khoy:106; Kiaar:104; Kohgeluyeh:221; Kolaleh:94; Komeijan:90; Konarak:70; Kordkuy:80; Kowsar:53; Kuhbonan:27; Kuhdasht:124; Kuhrang:51; Lahijan:86; Lali:30; Lamerd:42; Langrud:82; Larestan:57; Lenjan:60; Lordegan:175; Mahabad:83; Mahallat:84; Mahmudabad:49; Mahneshan:96; Mahshahr:66; Mahvelat:26; Maku:52; Malard:83; Malayer:191; Malekan:54; Malekshahi:70; Mamasani:53; Maneh-o-Samalqan:189; Manujan:40; Maragheh:72; Marand:72; Maravehtapeh:54; Marivan:89; Marvdasht:101; Masal:47; Mashhad:441; Masjed-Soleyman:30; Mehdishahr:84; Mehr:42; Mehran:86; Mehrestan:60; Mehriz:118; Meshginshahr:143; Meybod:108; Miandoab:99; Miandorud:38; Mianeh:66; Minab:174; Minudasht:82; Mobarakeh:48; Nahavand:150; Nain:31; Najafabad:58; Namin:86; Naqadeh:61; Natanz:27; Nazarabad:131; Nehbandan:127; Neka:52; Neyriz:48; Nikshahr:112; Nir:54; Nishapur:96; Normashir:40; Noshahr:57; Nur:51; Omidiyeh:42; Oshnaviyeh:51; Osku:48; Pakdasht:77; Parsabad:131; Parsian:78; Pasargad:12; Paveh:70; Piranshahr:60; Pishva:41; Poldasht:35; Poldokhtar:78; Qaemshahr:86; Qaen:229; Qasr-e-Shirin:33; Qazvin:298; Qeshm:137; Qir-o-Karzin:35; Qom:1026; Qorveh:102; Quchan:52; Rabar:16; Rafsanjan:101; Ramhormoz:48; Ramian:88; Ramsar:39; Ramshir:36; Rasht:198; Rashtkhar:30; Ravansar:65; Ravar:37; Razan:114; Rey:93; Rezvanshahr:54; Rigan:29; Robat-Karim:70; Rostam:24; Roudbar-e-Jonub:43; Rudan:123; Rudbar:71; Rudsar:84; Sabzevar:75; Sahneh:90; Salmas:75; Sannandaj:151; Saqqez:107; Sarab:54; Sarakhs:40; Saravan:112; Sarayan:107; Sarbaz:88; Sarbisheh:111; Sardasht:51; Sareyn:44; Sari:90; Sarpol-e-Zahab:42; Sarvabad:50; Sarvestan:30; Savadkuh:38; Saveh:191; Savojbolagh:295; Selseleh:77; Semirom:41; Semnan:222; Sepidan:47; Shabestar:53; Shadegan:60; Shaft:54; Shahindej:55; Shahinshahr-o-Meymeh:29; Shahr-e-Babak:47; Shahr-e_Qods:36; Shahrekord:229; Shahreza:46; Shahriar:135; Shahrud:314; Shazand:156; Shemiranat:32; Shiraz:327; Shirvan:246; Shirvan-o-Chardavol:154; Showt:44; Shush:66; Shushtar:60; Siahkal:48; Sibo_Soran:66; Sirik:72; Sirjan:83; Solas-e-Babajani:35; Some'e-Sara:75; Sonqor:94; Tabas:140; Tabriz:360; Tafresh:77; Taft:119; Takab:49; Takestan:198; Taleghan:41; Talesh:96; Tangestan:119; Tarom:100; Taybad:41; Tehran:1022; Tiran-o-Korun:52; Tonekabon:66; Torbat-e-Heydarieh:58; Torbat-e-Jam:71; Torghabe-o-Shandiz:35; Tuyserkan:117; Urumia:182; Varamin:102; Varzaqan:42; Yazd:296; Zabol:141; Zahedan:208; Zanjan:321; Zarand:74; Zarandieh:99; Zarrindasht:36; Zave:48; Zehak:66,0.0,unchanged,County English and Farsi labels added from HBSIR lookup; coding standards change
1396,Weight,True,WEIGHT / HBSIR external weight table,Weight,household_information; hbsir.api.add_weight pre-1396,uint16,numeric_range=41..20851; distinct=947,0.0,changed,Canonical Weight is HBSIR normalized weight; Weight_Raw retained when available; actual source=survey_weight_field_in_HBSIR_cleaned_household_table; Weight_Raw nonmissing=37962/37962
1397,Age,True,DYCOL05,Age,Members properties,Int16,numeric_range=0..99; distinct=100,0.0,unchanged,Age in completed years; no adjustment
1397,Sex,True,DYCOL04,Sex,Members properties,category,Female:67786; Male:68044,0.0,unchanged,HBSIR categorical labels: Male/Female
1397,Relationship,True,DYCOL03,Relationship,Members properties,category,Child:59212; Child_in_Law:1014; Grand_Child:1643; Head:38960; Non_Family:103; Other_Family:476; Parent:1164; Sibling:673; Spouse:32585,0.0,unchanged,HBSIR categorical labels for relationship to household head
1397,Education level,True,DYCOL08,Education_Level,Members properties,category,Bachelors:10071; Doctoral:101; Higher_Secondary:5341; Lower_Secondary:20893; Masters:2154; Pre_University:19505; Primary:39007; Short_Cycle_Tertiary:3856; Unofficial:964,24.985643819480234,unchanged,HBSIR education coding changes in 1393 and 1397; labels retained
1397,Activity status,True,DYCOL09,Activity_Status,Members properties,category,Employed:38473; Housekeeper:34442; Income_without_Work:11974; Other:2373; Student:19350; Unemployed:6663,16.605315467864244,unchanged,HBSIR categorical labels; definitions follow HBSIR codebook
1397,Marital status,True,DYCOL10,Marital_Status,Members properties,category,Bachelor:35876; Divorced:1424; Married:70086; Widowed:5894,16.601634395936095,unchanged,HBSIR categorical labels
1397,Household size,True,Derived from members_properties count by ID,Household_Size,Household/member tables,int64,1:2901; 2:7328; 3:9691; 4:10978; 5:5087; 6:1844; 7:653; 8:285; 9:98; 10:47; 11:23; 12:7; 13:11; 14:2; 15:3; 16:1; 17:1,0.0,changed,Row count of standardized member records; no household exclusion
1397,Urban/rural,True,HBSIR administrative classification lookup,Urban_Rural,household_information + HBSIR id_information.yaml,str,Rural:18610; Urban:20350,0.0,unchanged,Added from HBSIR external classification metadata
1397,Province,True,HBSIR province classification lookup,Province,household_information + HBSIR id_information.yaml,str,Alborz:971; Ardabil:964; Bushehr:1116; Chaharmahal_and_Bakhtiari:1167; East_Azerbaijan:1280; Fars:1494; Gilan:1320; Golestan:1749; Hamadan:1375; Hormozgan:1568; Ilam:1008; Isfahan:1339; Kerman:1090; Kermanshah:1373; Khuzestan:1385; Kohgiluyeh_and_Boyer_Ahmad:1126; Kurdistan:821; Lorestan:1046; Markazi:1433; Mazandaran:1036; North_Khorasan:1407; Qazvin:987; Qom:929; Razavi_Khorasan:1607; Semnan:959; Sistan_and_Baluchestan:1501; South_Khorasan:1356; Tehran:2020; West_Azerbaijan:1152; Yazd:1258; Zanjan:1123,0.0,unchanged,Province English and Farsi labels added from HBSIR lookup
1397,County,True,HBSIR county classification lookup,County,household_information + HBSIR id_information.yaml,str,Abadan:72; Abadeh:29; Abarkuh:113; Abbasabad:29; Abdanan:108; Abhar:176; Abumusa:2; Abyek:125; Ahar:60; Ahvaz:269; Ajabshir:42; Alborz:158; Aliabad:135; Aligudarz:96; Amlash:48; Amol:88; Anar:31; Anbarabad:44; Andika:24; Andimeshk:54; Aqqala:119; Aradan:70; Arak:263; Aran-o-Bidgol:42; Ardabil:199; Ardal:98; Ardekan:126; Ardestan:27; Arsanjan:24; Arzuiyeh:22; Asadabad:119; Asaluyeh:88; Ashkezar:96; Ashtian:60; Astane-ye-Ashrafiyeh:78; Astara:72; Avaj:95; Azadshahr:118; Azarshahr:48; Azna:72; Babol:92; Babolsar:39; Badre:54; Bafq:94; Baft:42; Baghmalek:47; Bahabad:70; Bahar:139; Baharestan:90; Bahmai:102; Bajestan:18; Bakharz:17; Bam:70; Bandar-Abbas:168; Bandar-Lengeh:341; Bandar-e-Anzali:93; Bandar-e-Gaz:90; Bandar-e-Torkaman:101; Baneh:74; Bardaskan:38; Bardsir:46; Bashagard:30; Basht:72; Bastak:102; Bavanat:30; Bavi:42; Behbahan:60; Behshahr:54; Ben:83; Bijar:70; Bilasavar:75; Birjand:251; Bojnurd:328; Bonab:60; Booeino_Miyandasht:12; Borkhar:30; Borujen:157; Borujerd:149; Boshruyeh:82; Bostanabad:51; Boyer-Ahmad:299; Buin-Zahra:168; Bukan:86; Bushehr:158; Chabahar:124; Chadegan:29; Chaldoran:37; Chalus:49; Charam:102; Charuymaq:18; Chaypareh:38; Chenaran:59; Dalaho:66; Dalgan:60; Damavand:42; Damghan:132; Darab:72; Dargaz:42; Darmian:113; Darreh_Shahr:106; Dasht-e-Azadegan:42; Dashtestan:191; Dashti:108; Davarzan:6; Dayyer:76; Dehaghan:30; Dehgolan:60; Dehloran:125; Delfan:108; Delijan:83; Dena:107; Deylam:69; Dezful:96; Divandarreh:59; Dorud:100; Doureh:52; Eejrud:72; Eqlid:47; Esfarayen:204; Eshtehard:65; Estahban:41; Eyvan:104; Fahraj:23; Falavarjan:93; Famenin:76; Fanouj:53; Farahan:84; Farashband:12; Fardis:123; Faridan:29; Fariman:47; Faroj:138; Farsan:142; Faryab:14; Fasa:57; Ferdows:111; Feredunkenar:23; Fereydunshahr:22; Firuzabad:46; Firuzeh:17; Firuzkuh:25; Fuman:72; Gachsaran:186; Galikash:96; Galugah:24; Ganaveh:115; Garmsar:130; Gerash:30; Germeh:90; Germi:101; Ghaleye-Ganj:38; Ghasre_Ghand:60; Gilan-e-Gharb:78; Golpayegan:44; Gomishan:84; Gonabad:47; Gonbad-e-Kavus:213; Gorgan:273; Guotvand:36; Haftgol:6; Hajiabad:108; Hamadan:291; Hamidieh:42; Hamoun:35; Harsin:90; Hashtrud:42; Hendijan:18; Heris:42; Hirmand:54; Hoveizeh:12; Ilam:190; Iranshahr:124; Isfahan:428; Islamabad-e-Gharb:124; Islamshahr:89; Izeh:58; Jahrom:64; Jajrom:114; Jam:100; Jask:75; Javanrud:83; Jiroft:74; Joghatai:23; Jolfa:41; Jowayin:29; Juybar:46; Kabudarahang:126; Kahnuj:51; Kalat:12; Kalibar:28; Kamyaran:72; Kangan:97; Kangavar:89; Karaj:426; Karoun:54; Kashan:80; Kashmar:58; Kavar:48; Kazerun:72; Kelardasht:23; Kerman:122; Kermanshah:294; Khaf:54; Khalilabad:29; Khalkhal:89; Khamir:95; Khansar:29; Khash:85; Khatam:100; Kherameh:42; Khodaafarin:23; Khodabandeh:191; Khomein:138; Khomeinishahr:34; Khondab:114; Khonj:30; Khorobiyabanak:17; Khorramabad:173; Khorrambid:18; Khorramdarreh:113; Khorramshahr:54; Khoshab:30; Khoy:99; Khusf:71; Kiaar:112; Kohgeluyeh:192; Kolaleh:119; Komeijan:90; Konarak:73; Kordkuy:110; Kowsar:45; Kuhbonan:8; Kuhdasht:101; Kuhrang:60; Lahijan:102; Lali:6; Lamerd:40; Landeh:66; Langrud:90; Larestan:65; Lenjan:61; Lordegan:192; Mahabad:76; Mahallat:84; Mahmudabad:41; Mahneshan:84; Mahshahr:41; Mahvelat:36; Maku:50; Malard:88; Malayer:202; Malekan:51; Malekshahi:63; Mamasani:41; Maneh-o-Samalqan:186; Manujan:41; Maragheh:72; Marand:77; Maravehtapeh:72; Marivan:93; Marvdasht:90; Masal:48; Mashhad:475; Masjed-Soleyman:30; Mehdishahr:92; Mehr:18; Mehran:79; Mehrestan:59; Mehriz:119; Meshginshahr:142; Meyami:101; Meybod:125; Miandoab:107; Miandorud:40; Mianeh:64; Minab:192; Minudasht:108; Mirjaveh:34; Mobarakeh:59; Nahavand:173; Nain:24; Najafabad:52; Namin:82; Naqadeh:67; Natanz:22; Nazarabad:131; Nehbandan:113; Neka:50; Neyriz:44; Nikshahr:88; Nimrouz:28; Nir:45; Nishapur:98; Normashir:27; Northern_Savadkooh:18; Noshahr:53; Nur:48; Omidiyeh:42; Oshnaviyeh:50; Osku:54; Pakdasht:89; Pardis:36; Parsabad:147; Parsian:90; Pasargad:18; Paveh:84; Piranshahr:57; Pishva:24; Poldasht:34; Poldokhtar:66; Qaemshahr:78; Qaen:184; Qarchak:72; Qasr-e-Shirin:47; Qazvin:261; Qeshm:149; Qir-o-Karzin:35; Qom:929; Qorveh:89; Quchan:66; Rabar:26; Rafsanjan:90; Ramhormoz:48; Ramian:111; Ramsar:38; Ramshir:36; Rasht:229; Rashtkhar:18; Ravansar:77; Ravar:37; Razan:120; Razo_Jalgelan:114; Rey:100; Rezvanshahr:60; Rigan:36; Robat-Karim:84; Romeshkan:52; Rostam:18; Roudbar-e-Jonub:50; Rudan:138; Rudbar:72; Rudsar:90; Sabzevar:68; Sahneh:96; Salmas:78; Saman:89; Sannandaj:155; Saqqez:105; Sarab:60; Sarakhs:47; Saravan:111; Sarayan:95; Sarbaz:88; Sarbisheh:90; Sardasht:55; Sareyn:39; Sari:93; Sarpol-e-Zahab:84; Sarvabad:44; Sarvestan:26; Savadkuh:32; Saveh:191; Savojbolagh:201; Selseleh:77; Semirom:40; Semnan:156; Sepidan:48; Shabestar:60; Shadegan:66; Shaft:48; Shahindej:63; Shahinshahr-o-Meymeh:30; Shahr-e-Babak:52; Shahr-e_Qods:36; Shahrekord:234; Shahreza:48; Shahriar:99; Shahrud:208; Shazand:161; Shemiranat:24; Shiraz:353; Shirvan:233; Shirvan-o-Chardavol:126; Showt:40; Shush:64; Shushtar:66; Siahkal:47; Sibo_Soran:65; Simorgh:18; Sirik:78; Sirjan:77; Sirvan:53; Solas-e-Babajani:59; Soltanieh:76; Some'e-Sara:77; Sonqor:102; Sorkheh:70; Tabas:150; Tabriz:352; Tafresh:64; Taft:126; Takab:48; Takestan:180; Taleghan:25; Talesh:94; Tangestan:114; Tarom:96; Taybad:48; Tehran:1052; Tiran-o-Korun:57; Tonekabon:60; Torbat-e-Heydarieh:71; Torbat-e-Jam:77; Torghabe-o-Shandiz:41; Tuyserkan:129; Urumia:167; Varamin:70; Varzaqan:35; Yazd:289; Zabol:114; Zahedan:188; Zanjan:315; Zarand:69; Zarandieh:101; Zarrindasht:36; Zave:36; Zehak:58; Zirkouh:96,0.0,changed,County English and Farsi labels added from HBSIR lookup; coding standards change
1397,Weight,True,WEIGHT / HBSIR external weight table,Weight,household_information; hbsir.api.add_weight pre-1396,uint16,numeric_range=40..8704; distinct=1002,0.0,changed,Canonical Weight is HBSIR normalized weight; Weight_Raw retained when available; actual source=survey_weight_field_in_HBSIR_cleaned_household_table; Weight_Raw nonmissing=38960/38960
1398,Age,True,DYCOL05,Age,Members properties,Int16,numeric_range=0..99; distinct=100,0.0,unchanged,Age in completed years; no adjustment
1398,Sex,True,DYCOL04,Sex,Members properties,category,Female:66367; Male:66174,0.0,unchanged,HBSIR categorical labels: Male/Female
1398,Relationship,True,DYCOL03,Relationship,Members properties,category,Child:57806; Child_in_Law:912; Grand_Child:1539; Head:38328; Non_Family:71; Other_Family:404; Parent:1133; Sibling:645; Spouse:31703,0.0,unchanged,HBSIR categorical labels for relationship to household head
1398,Education level,True,DYCOL08,Education_Level,Members properties,category,Bachelors:9790; Doctoral:136; Higher_Secondary:5482; Lower_Secondary:20351; Masters:2066; Pre_University:19164; Primary:38754; Short_Cycle_Tertiary:3600; Unofficial:734,24.493552938336062,unchanged,HBSIR education coding changes in 1393 and 1397; labels retained
1398,Activity status,True,DYCOL09,Activity_Status,Members properties,category,Employed:37172; Housekeeper:33668; Income_without_Work:12752; Other:2434; Student:18961; Unemployed:6394,15.964871247387602,unchanged,HBSIR categorical labels; definitions follow HBSIR codebook
1398,Marital status,True,DYCOL10,Marital_Status,Members properties,category,Bachelor:35762; Divorced:1511; Married:68012; Widowed:6097,15.964116763869294,unchanged,HBSIR categorical labels
1398,Household size,True,Derived from members_properties count by ID,Household_Size,Household/member tables,int64,1:3011; 2:7462; 3:9345; 4:10558; 5:5092; 6:1826; 7:657; 8:220; 9:77; 10:44; 11:18; 12:11; 13:3; 14:2; 16:1; 18:1,0.0,changed,Row count of standardized member records; no household exclusion
1398,Urban/rural,True,HBSIR administrative classification lookup,Urban_Rural,household_information + HBSIR id_information.yaml,str,Rural:18430; Urban:19898,0.0,unchanged,Added from HBSIR external classification metadata
1398,Province,True,HBSIR province classification lookup,Province,household_information + HBSIR id_information.yaml,str,Alborz:938; Ardabil:909; Bushehr:1083; Chaharmahal_and_Bakhtiari:1122; East_Azerbaijan:1271; Fars:1460; Gilan:1262; Golestan:1725; Hamadan:1381; Hormozgan:1512; Ilam:1007; Isfahan:1344; Kerman:1158; Kermanshah:1328; Khuzestan:1397; Kohgiluyeh_and_Boyer_Ahmad:1124; Kurdistan:796; Lorestan:1035; Markazi:1425; Mazandaran:940; North_Khorasan:1379; Qazvin:992; Qom:918; Razavi_Khorasan:1561; Semnan:952; Sistan_and_Baluchestan:1445; South_Khorasan:1353; Tehran:1948; West_Azerbaijan:1183; Yazd:1257; Zanjan:1123,0.0,unchanged,Province English and Farsi labels added from HBSIR lookup
1398,County,True,HBSIR county classification lookup,County,household_information + HBSIR id_information.yaml,str,Abadan:72; Abadeh:30; Abarkuh:111; Abbasabad:20; Abdanan:108; Abhar:178; Abumusa:6; Abyek:125; Ahar:60; Ahvaz:268; Ajabshir:40; Alborz:159; Aliabad:134; Aligudarz:95; Amlash:48; Amol:79; Anar:31; Anbarabad:46; Andika:24; Andimeshk:53; Aqqala:126; Aradan:68; Arak:262; Aran-o-Bidgol:42; Ardabil:196; Ardal:98; Ardekan:126; Ardestan:29; Arsanjan:24; Arzuiyeh:25; Asadabad:124; Asaluyeh:88; Ashkezar:96; Ashtian:58; Astane-ye-Ashrafiyeh:74; Astara:72; Avaj:91; Azadshahr:113; Azarshahr:48; Azna:72; Babol:85; Babolsar:38; Badre:53; Bafq:94; Baft:54; Baghmalek:48; Bahabad:72; Bahar:140; Baharestan:87; Bahmai:100; Bajestan:18; Bakharz:18; Bam:72; Bandar-Abbas:162; Bandar-Lengeh:325; Bandar-e-Anzali:85; Bandar-e-Gaz:89; Bandar-e-Torkaman:99; Baneh:80; Bardaskan:39; Bardsir:49; Bashagard:30; Basht:72; Bastak:102; Bavanat:30; Bavi:42; Behbahan:62; Behshahr:48; Ben:80; Bijar:72; Bilasavar:73; Birjand:252; Bojnurd:319; Bonab:58; Booeino_Miyandasht:12; Borkhar:29; Borujen:146; Borujerd:145; Boshruyeh:81; Bostanabad:52; Boyer-Ahmad:300; Buin-Zahra:168; Bukan:93; Bushehr:142; Chabahar:120; Chadegan:25; Chaldoran:30; Chalus:44; Charam:101; Charuymaq:18; Chaypareh:36; Chenaran:50; Dalaho:66; Dalgan:59; Damavand:37; Damghan:131; Darab:65; Dargaz:42; Darmian:114; Darreh_Shahr:107; Dasht-e-Azadegan:42; Dashtestan:183; Dashti:102; Davarzan:6; Dayyer:77; Dehaghan:26; Dehgolan:58; Dehloran:126; Delfan:105; Delijan:81; Dena:107; Deylam:67; Dezful:94; Divandarreh:60; Dorud:98; Doureh:49; Eejrud:70; Eqlid:48; Esfarayen:202; Eshtehard:66; Estahban:40; Eyvan:100; Fahraj:25; Falavarjan:95; Famenin:75; Fanouj:49; Farahan:83; Farashband:11; Fardis:113; Faridan:28; Fariman:45; Faroj:136; Farsan:139; Faryab:16; Fasa:60; Ferdows:109; Feredunkenar:26; Fereydunshahr:19; Firuzabad:47; Firuzeh:18; Firuzkuh:29; Fuman:71; Gachsaran:186; Galikash:96; Galugah:25; Ganaveh:114; Garmsar:130; Gerash:24; Germeh:89; Germi:97; Ghaleye-Ganj:41; Ghasre_Ghand:59; Gilan-e-Gharb:76; Golpayegan:47; Gomishan:93; Gonabad:47; Gonbad-e-Kavus:206; Gorgan:260; Guotvand:36; Haftgol:5; Hajiabad:107; Hamadan:289; Hamidieh:42; Hamoun:35; Harsin:86; Hashtrud:41; Hendijan:17; Heris:42; Hirmand:54; Hoveizeh:12; Ilam:189; Iranshahr:125; Isfahan:432; Islamabad-e-Gharb:123; Islamshahr:84; Izeh:60; Jahrom:62; Jajrom:113; Jam:102; Jask:75; Javanrud:83; Jiroft:81; Joghatai:23; Jolfa:40; Jowayin:27; Juybar:40; Kabudarahang:123; Kahnuj:55; Kalat:12; Kalibar:28; Kamyaran:70; Kangan:98; Kangavar:85; Karaj:410; Karoun:54; Kashan:79; Kashmar:51; Kavar:46; Kazerun:71; Kelardasht:21; Kerman:130; Kermanshah:270; Khaf:54; Khalilabad:28; Khalkhal:77; Khamir:85; Khansar:30; Khash:80; Khatam:96; Kherameh:42; Khodaafarin:24; Khodabandeh:190; Khomein:138; Khomeinishahr:34; Khondab:114; Khonj:30; Khorobiyabanak:17; Khorramabad:166; Khorrambid:18; Khorramdarreh:112; Khorramshahr:54; Khoshab:30; Khoy:97; Khusf:70; Kiaar:109; Kohgeluyeh:192; Kolaleh:117; Komeijan:89; Konarak:66; Kordkuy:108; Kowsar:40; Kuhbonan:9; Kuhdasht:99; Kuhrang:55; Lahijan:91; Lali:12; Lamerd:40; Landeh:66; Langrud:87; Larestan:65; Lenjan:64; Lordegan:178; Mahabad:90; Mahallat:84; Mahmudabad:42; Mahneshan:83; Mahshahr:42; Mahvelat:34; Maku:45; Malard:83; Malayer:216; Malekan:54; Malekshahi:64; Mamasani:42; Maneh-o-Samalqan:182; Manujan:43; Maragheh:71; Marand:78; Maravehtapeh:69; Marivan:73; Marvdasht:90; Masal:48; Mashhad:477; Masjed-Soleyman:30; Mehdishahr:95; Mehr:18; Mehran:81; Mehrestan:59; Mehriz:120; Meshginshahr:138; Meyami:104; Meybod:125; Miandoab:110; Miandorud:40; Mianeh:62; Minab:190; Minudasht:105; Mirjaveh:28; Mobarakeh:59; Nahavand:170; Nain:23; Najafabad:54; Namin:80; Naqadeh:67; Natanz:21; Nazarabad:128; Nehbandan:114; Neka:49; Neyriz:42; Nikshahr:83; Nimrouz:30; Nir:44; Nishapur:100; Normashir:26; Northern_Savadkooh:18; Noshahr:49; Nur:43; Omidiyeh:42; Oshnaviyeh:49; Osku:54; Pakdasht:90; Pardis:35; Parsabad:134; Parsian:90; Pasargad:18; Paveh:82; Piranshahr:61; Pishva:22; Poldasht:34; Poldokhtar:77; Qaemshahr:73; Qaen:183; Qarchak:72; Qasr-e-Shirin:48; Qazvin:269; Qeshm:126; Qir-o-Karzin:35; Qom:918; Qorveh:90; Quchan:64; Rabar:30; Rafsanjan:94; Ramhormoz:48; Ramian:110; Ramsar:30; Ramshir:35; Rasht:219; Rashtkhar:18; Ravansar:75; Ravar:36; Razan:119; Razo_Jalgelan:112; Rey:96; Rezvanshahr:58; Rigan:42; Robat-Karim:80; Romeshkan:51; Rostam:18; Roudbar-e-Jonub:56; Rudan:138; Rudbar:72; Rudsar:87; Sabzevar:69; Sahneh:93; Salmas:80; Saman:86; Sannandaj:151; Saqqez:102; Sarab:60; Sarakhs:39; Saravan:111; Sarayan:94; Sarbaz:86; Sarbisheh:90; Sardasht:55; Sareyn:30; Sari:80; Sarpol-e-Zahab:81; Sarvabad:40; Sarvestan:24; Savadkuh:22; Saveh:190; Savojbolagh:197; Selseleh:78; Semirom:38; Semnan:154; Sepidan:48; Shabestar:58; Shadegan:65; Shaft:45; Shahindej:63; Shahinshahr-o-Meymeh:30; Shahr-e-Babak:49; Shahr-e_Qods:35; Shahrekord:231; Shahreza:54; Shahriar:90; Shahrud:198; Shazand:162; Shemiranat:23; Shiraz:340; Shirvan:226; Shirvan-o-Chardavol:126; Showt:44; Shush:72; Shushtar:66; Siahkal:44; Sibo_Soran:65; Simorgh:14; Sirik:76; Sirjan:81; Sirvan:53; Solas-e-Babajani:60; Soltanieh:78; Some'e-Sara:70; Sonqor:100; Sorkheh:72; Tabas:150; Tabriz:347; Tafresh:65; Taft:126; Takab:54; Takestan:180; Taleghan:24; Talesh:91; Tangestan:110; Tarom:94; Taybad:41; Tehran:1017; Tiran-o-Korun:57; Tonekabon:54; Torbat-e-Heydarieh:70; Torbat-e-Jam:71; Torghabe-o-Shandiz:37; Tuyserkan:125; Urumia:175; Varamin:68; Varzaqan:36; Yazd:291; Zabol:113; Zahedan:164; Zanjan:318; Zarand:67; Zarandieh:99; Zarrindasht:32; Zave:33; Zehak:59; Zirkouh:96,0.0,unchanged,County English and Farsi labels added from HBSIR lookup; coding standards change
1398,Weight,True,WEIGHT / HBSIR external weight table,Weight,household_information; hbsir.api.add_weight pre-1396,float64,numeric_range=41.02280186560712..22208.66437048586; distinct=1701,0.0,changed,Canonical Weight is HBSIR normalized weight; Weight_Raw retained when available; actual source=survey_weight_field_in_HBSIR_cleaned_household_table; Weight_Raw nonmissing=38328/38328
1399,Age,True,DYCOL05,Age,Members properties,Int16,numeric_range=0..99; distinct=100,0.0,unchanged,Age in completed years; no adjustment
1399,Sex,True,DYCOL04,Sex,Members properties,category,Female:64541; Male:64414,0.0,unchanged,HBSIR categorical labels: Male/Female
1399,Relationship,True,DYCOL03,Relationship,Members properties,category,Child:56595; Child_in_Law:791; Grand_Child:1391; Head:37557; Non_Family:34; Other_Family:279; Parent:992; Sibling:508; Spouse:30808,0.0,unchanged,HBSIR categorical labels for relationship to household head
1399,Education level,True,DYCOL08,Education_Level,Members properties,category,Bachelors:9980; Doctoral:133; Higher_Secondary:5669; Lower_Secondary:20368; Masters:2054; Pre_University:18924; Primary:37989; Short_Cycle_Tertiary:3487; Unofficial:638,23.04137102089876,unchanged,HBSIR education coding changes in 1393 and 1397; labels retained
1399,Activity status,True,DYCOL09,Activity_Status,Members properties,category,Employed:34912; Housekeeper:32851; Income_without_Work:13149; Other:2444; Student:19222; Unemployed:6401,15.490675041681207,unchanged,HBSIR categorical labels; definitions follow HBSIR codebook
1399,Marital status,True,DYCOL10,Marital_Status,Members properties,category,Bachelor:35698; Divorced:1550; Married:65698; Widowed:6034,15.489899577371952,unchanged,HBSIR categorical labels
1399,Household size,True,Derived from members_properties count by ID,Household_Size,Household/member tables,int64,1:3158; 2:7257; 3:8981; 4:10534; 5:5048; 6:1677; 7:560; 8:200; 9:83; 10:39; 11:8; 12:7; 13:2; 14:1; 15:1; 18:1,0.0,changed,Row count of standardized member records; no household exclusion
1399,Urban/rural,True,HBSIR administrative classification lookup,Urban_Rural,household_information + HBSIR id_information.yaml,str,Rural:18251; Urban:19306,0.0,unchanged,Added from HBSIR external classification metadata
1399,Province,True,HBSIR province classification lookup,Province,household_information + HBSIR id_information.yaml,str,Alborz:938; Ardabil:798; Bushehr:1076; Chaharmahal_and_Bakhtiari:1119; East_Azerbaijan:1270; Fars:1454; Gilan:1215; Golestan:1732; Hamadan:1125; Hormozgan:1521; Ilam:989; Isfahan:1314; Kerman:1203; Kermanshah:1215; Khuzestan:1277; Kohgiluyeh_and_Boyer_Ahmad:1114; Kurdistan:793; Lorestan:1014; Markazi:1434; Mazandaran:961; North_Khorasan:1388; Qazvin:999; Qom:912; Razavi_Khorasan:1513; Semnan:982; Sistan_and_Baluchestan:1467; South_Khorasan:1366; Tehran:1987; West_Azerbaijan:996; Yazd:1265; Zanjan:1120,0.0,unchanged,Province English and Farsi labels added from HBSIR lookup
1399,County,True,HBSIR county classification lookup,County,household_information + HBSIR id_information.yaml,str,Abadan:69; Abadeh:30; Abarkuh:113; Abbasabad:27; Abdanan:105; Abhar:175; Abyek:126; Ahar:60; Ahvaz:246; Ajabshir:42; Alborz:159; Aliabad:128; Aligudarz:93; Amlash:43; Amol:81; Anar:33; Anbarabad:46; Andika:24; Andimeshk:45; Aqqala:120; Aradan:71; Arak:264; Aran-o-Bidgol:42; Ardabil:198; Ardal:97; Ardekan:126; Ardestan:26; Arsanjan:24; Arzuiyeh:28; Asadabad:112; Asaluyeh:82; Ashkezar:96; Ashtian:58; Astane-ye-Ashrafiyeh:68; Astara:67; Avaj:97; Azadshahr:114; Azarshahr:48; Azna:68; Babol:92; Babolsar:46; Badre:51; Bafq:96; Baft:53; Baghmalek:46; Bahabad:71; Bahar:115; Baharestan:88; Bahmai:100; Bajestan:18; Bakharz:15; Bam:81; Bandar-Abbas:168; Bandar-Lengeh:329; Bandar-e-Anzali:87; Bandar-e-Gaz:90; Bandar-e-Torkaman:99; Baneh:86; Bardaskan:40; Bardsir:48; Bashagard:30; Basht:72; Bastak:101; Bavanat:36; Bavi:37; Behbahan:59; Behshahr:56; Ben:77; Bijar:71; Bilasavar:50; Birjand:256; Bojnurd:328; Bonab:60; Booeino_Miyandasht:9; Borkhar:28; Borujen:147; Borujerd:140; Boshruyeh:84; Bostanabad:52; Boyer-Ahmad:299; Buin-Zahra:166; Bukan:70; Bushehr:147; Chabahar:118; Chadegan:29; Chaldoran:32; Chalus:39; Charam:96; Charuymaq:18; Chaypareh:34; Chenaran:60; Dalaho:64; Dalgan:59; Damavand:42; Damghan:138; Darab:69; Dargaz:39; Darmian:114; Darreh_Shahr:106; Dasht-e-Azadegan:38; Dashtestan:181; Dashti:105; Davarzan:6; Dayyer:76; Dehaghan:28; Dehgolan:57; Dehloran:124; Delfan:102; Delijan:83; Dena:107; Deylam:67; Dezful:69; Divandarreh:58; Dorud:95; Doureh:53; Eejrud:72; Eqlid:48; Esfarayen:198; Eshtehard:64; Estahban:40; Eyvan:101; Fahraj:28; Falavarjan:90; Famenin:71; Fanouj:54; Farahan:83; Farashband:12; Fardis:112; Faridan:28; Fariman:44; Faroj:136; Farsan:132; Faryab:13; Fasa:60; Ferdows:112; Feredunkenar:25; Fereydunshahr:18; Firuzabad:44; Firuzeh:15; Firuzkuh:27; Fuman:68; Gachsaran:186; Galikash:96; Galugah:27; Ganaveh:114; Garmsar:132; Gerash:25; Germeh:90; Germi:71; Ghaleye-Ganj:44; Ghasre_Ghand:59; Gilan-e-Gharb:77; Golpayegan:45; Gomishan:94; Gonabad:46; Gonbad-e-Kavus:209; Gorgan:264; Guotvand:36; Haftgol:5; Hajiabad:106; Hamadan:213; Hamidieh:39; Hamoun:35; Harsin:77; Hashtrud:42; Hendijan:17; Heris:42; Hirmand:53; Hoveizeh:12; Ilam:190; Iranshahr:122; Isfahan:413; Islamabad-e-Gharb:111; Islamshahr:87; Izeh:57; Jahrom:64; Jajrom:113; Jam:103; Jask:68; Javanrud:76; Jiroft:75; Joghatai:24; Jolfa:41; Jowayin:29; Juybar:43; Kabudarahang:101; Kahnuj:52; Kalat:12; Kalibar:28; Kamyaran:71; Kangan:91; Kangavar:77; Karaj:413; Karoun:48; Kashan:80; Kashmar:51; Kavar:45; Kazerun:72; Kelardasht:14; Kerman:127; Kermanshah:244; Khaf:52; Khalilabad:25; Khalkhal:85; Khamir:90; Khansar:30; Khash:85; Khatam:99; Kherameh:42; Khodaafarin:24; Khodabandeh:190; Khomein:137; Khomeinishahr:36; Khondab:114; Khonj:29; Khorobiyabanak:16; Khorramabad:160; Khorrambid:18; Khorramdarreh:112; Khorramshahr:50; Khoshab:29; Khoy:91; Khusf:72; Kiaar:106; Kohgeluyeh:190; Kolaleh:118; Komeijan:89; Konarak:71; Kordkuy:112; Kowsar:43; Kuhbonan:9; Kuhdasht:98; Kuhrang:70; Lahijan:89; Lali:12; Lamerd:41; Landeh:64; Langrud:83; Larestan:62; Lenjan:64; Lordegan:178; Mahabad:63; Mahallat:84; Mahmudabad:39; Mahneshan:82; Mahshahr:37; Mahvelat:35; Maku:43; Malard:89; Malayer:164; Malekan:54; Malekshahi:59; Mamasani:42; Maneh-o-Samalqan:181; Manujan:44; Maragheh:71; Marand:78; Maravehtapeh:72; Marivan:72; Marvdasht:90; Masal:47; Mashhad:443; Masjed-Soleyman:30; Mehdishahr:96; Mehr:17; Mehran:79; Mehrestan:60; Mehriz:120; Meshginshahr:102; Meyami:107; Meybod:126; Miandoab:79; Miandorud:42; Mianeh:63; Minab:190; Minudasht:105; Mirjaveh:33; Mobarakeh:58; Nahavand:146; Nain:22; Najafabad:54; Namin:70; Naqadeh:59; Natanz:23; Nazarabad:125; Nehbandan:114; Neka:46; Neyriz:48; Nikshahr:85; Nimrouz:30; Nir:45; Nishapur:77; Normashir:26; Northern_Savadkooh:14; Noshahr:46; Nur:46; Omidiyeh:37; Oshnaviyeh:40; Osku:54; Pakdasht:83; Pardis:33; Parsabad:97; Parsian:89; Pasargad:18; Paveh:78; Piranshahr:54; Pishva:22; Poldasht:34; Poldokhtar:78; Qaemshahr:72; Qaen:185; Qarchak:72; Qasr-e-Shirin:40; Qazvin:271; Qeshm:140; Qir-o-Karzin:35; Qom:912; Qorveh:89; Quchan:62; Rabar:35; Rafsanjan:103; Ramhormoz:43; Ramian:111; Ramsar:32; Ramshir:32; Rasht:215; Rashtkhar:18; Ravansar:71; Ravar:37; Razan:95; Razo_Jalgelan:113; Rey:100; Rezvanshahr:55; Rigan:46; Robat-Karim:83; Romeshkan:53; Rostam:18; Roudbar-e-Jonub:57; Rudan:134; Rudbar:67; Rudsar:82; Sabzevar:68; Sahneh:82; Salmas:66; Saman:84; Sannandaj:149; Saqqez:101; Sarab:59; Sarakhs:43; Saravan:111; Sarayan:93; Sarbaz:89; Sarbisheh:90; Sardasht:52; Sareyn:37; Sari:81; Sarpol-e-Zahab:67; Sarvabad:39; Sarvestan:24; Savadkuh:31; Saveh:191; Savojbolagh:197; Selseleh:74; Semirom:38; Semnan:156; Sepidan:46; Shabestar:58; Shadegan:60; Shaft:47; Shahindej:50; Shahinshahr-o-Meymeh:27; Shahr-e-Babak:58; Shahr-e_Qods:36; Shahrekord:228; Shahreza:51; Shahriar:96; Shahrud:210; Shazand:161; Shemiranat:23; Shiraz:321; Shirvan:229; Shirvan-o-Chardavol:122; Showt:42; Shush:64; Shushtar:65; Siahkal:43; Sibo_Soran:66; Simorgh:15; Sirik:76; Sirjan:89; Sirvan:52; Solas-e-Babajani:58; Soltanieh:77; Some'e-Sara:68; Sonqor:93; Sorkheh:72; Tabas:150; Tabriz:341; Tafresh:64; Taft:124; Takab:38; Takestan:180; Taleghan:27; Talesh:86; Tangestan:110; Tarom:96; Taybad:47; Tehran:1036; Tiran-o-Korun:59; Tonekabon:47; Torbat-e-Heydarieh:72; Torbat-e-Jam:69; Torghabe-o-Shandiz:40; Tuyserkan:108; Urumia:149; Varamin:70; Varzaqan:35; Yazd:294; Zabol:110; Zahedan:168; Zanjan:316; Zarand:71; Zarandieh:106; Zarrindasht:34; Zave:34; Zehak:59; Zirkouh:96,0.0,changed,County English and Farsi labels added from HBSIR lookup; coding standards change
1399,Weight,True,WEIGHT / HBSIR external weight table,Weight,household_information; hbsir.api.add_weight pre-1396,float64,numeric_range=41.33496168946956..15124.766548986508; distinct=1875,0.0,changed,Canonical Weight is HBSIR normalized weight; Weight_Raw retained when available; actual source=survey_weight_field_in_HBSIR_cleaned_household_table; Weight_Raw nonmissing=37557/37557
1400,Age,True,DYCOL05,Age,Members properties,Int16,numeric_range=0..99; distinct=100,0.0,unchanged,Age in completed years; no adjustment
1400,Sex,True,DYCOL04,Sex,Members properties,category,Female:64415; Male:64499,0.0,unchanged,HBSIR categorical labels: Male/Female
1400,Relationship,True,DYCOL03,Relationship,Members properties,category,Child:56436; Child_in_Law:692; Grand_Child:1261; Head:37988; Non_Family:29; Other_Family:243; Parent:900; Sibling:469; Spouse:30896,0.0,unchanged,HBSIR categorical labels for relationship to household head
1400,Education level,True,DYCOL08,Education_Level,Members properties,category,Bachelors:10465; Doctoral:140; Higher_Secondary:5694; Lower_Secondary:20665; Masters:2092; Pre_University:19395; Primary:38504; Short_Cycle_Tertiary:3362; Unofficial:573,21.738523356656376,unchanged,HBSIR education coding changes in 1393 and 1397; labels retained
1400,Activity status,True,DYCOL09,Activity_Status,Members properties,category,Employed:35222; Housekeeper:32927; Income_without_Work:13439; Other:2449; Student:19927; Unemployed:5907,14.771863412817849,unchanged,HBSIR categorical labels; definitions follow HBSIR codebook
1400,Marital status,True,DYCOL10,Marital_Status,Members properties,category,Bachelor:36431; Divorced:1537; Married:65660; Widowed:6246,14.76953628000062,unchanged,HBSIR categorical labels
1400,Household size,True,Derived from members_properties count by ID,Household_Size,Household/member tables,int64,1:3405; 2:7505; 3:9045; 4:10626; 5:4949; 6:1622; 7:522; 8:183; 9:81; 10:28; 11:13; 12:7; 13:1; 16:1,0.0,changed,Row count of standardized member records; no household exclusion
1400,Urban/rural,True,HBSIR administrative classification lookup,Urban_Rural,household_information + HBSIR id_information.yaml,str,Rural:18370; Urban:19618,0.0,unchanged,Added from HBSIR external classification metadata
1400,Province,True,HBSIR province classification lookup,Province,household_information + HBSIR id_information.yaml,str,Alborz:934; Ardabil:915; Bushehr:1072; Chaharmahal_and_Bakhtiari:1142; East_Azerbaijan:1288; Fars:1440; Gilan:1255; Golestan:1736; Hamadan:1260; Hormozgan:1538; Ilam:979; Isfahan:1275; Kerman:1269; Kermanshah:1132; Khuzestan:1300; Kohgiluyeh_and_Boyer_Ahmad:1114; Kurdistan:802; Lorestan:1033; Markazi:1436; Mazandaran:1009; North_Khorasan:1391; Qazvin:966; Qom:915; Razavi_Khorasan:1505; Semnan:998; Sistan_and_Baluchestan:1420; South_Khorasan:1352; Tehran:1943; West_Azerbaijan:1174; Yazd:1273; Zanjan:1122,0.0,unchanged,Province English and Farsi labels added from HBSIR lookup
1400,County,True,HBSIR county classification lookup,County,household_information + HBSIR id_information.yaml,str,Abadan:69; Abadeh:29; Abarkuh:114; Abbasabad:31; Abdanan:107; Abhar:175; Abumusa:2; Abyek:101; Ahar:60; Ahvaz:230; Ajabshir:42; Alborz:158; Aliabad:132; Aligudarz:94; Amlash:46; Amol:80; Anar:33; Anbarabad:50; Andika:24; Andimeshk:52; Aqqala:123; Aradan:72; Arak:262; Aran-o-Bidgol:42; Ardabil:193; Ardal:96; Ardekan:126; Ardestan:27; Arsanjan:24; Arzuiyeh:29; Asadabad:116; Asaluyeh:79; Ashkezar:96; Ashtian:59; Astane-ye-Ashrafiyeh:70; Astara:71; Avaj:97; Azadshahr:116; Azarshahr:48; Azna:70; Babol:91; Babolsar:51; Badre:53; Bafq:95; Baft:60; Baghmalek:46; Bahabad:70; Bahar:128; Baharestan:88; Bahmai:102; Bajestan:17; Bakharz:16; Bam:82; Bandar-Abbas:167; Bandar-Lengeh:336; Bandar-e-Anzali:87; Bandar-e-Gaz:89; Bandar-e-Torkaman:98; Baneh:85; Bardaskan:42; Bardsir:48; Bashagard:29; Basht:72; Bastak:102; Bavanat:36; Bavi:41; Behbahan:59; Behshahr:54; Ben:77; Bijar:72; Bilasavar:77; Birjand:255; Bojnurd:329; Bonab:60; Booeino_Miyandasht:12; Borkhar:28; Borujen:157; Borujerd:143; Boshruyeh:81; Bostanabad:54; Boyer-Ahmad:297; Buin-Zahra:160; Bukan:90; Bushehr:137; Chabahar:120; Chadegan:28; Chaldoran:34; Chalus:42; Charam:98; Charuymaq:18; Chaypareh:39; Chenaran:55; Dalaho:63; Dalgan:59; Damavand:41; Damghan:147; Darab:70; Dargaz:36; Darmian:114; Darreh_Shahr:105; Dasht-e-Azadegan:41; Dashtestan:186; Dashti:104; Davarzan:4; Dayyer:81; Dehaghan:25; Dehgolan:58; Dehloran:124; Delfan:106; Delijan:83; Dena:104; Deylam:65; Dezful:91; Divandarreh:59; Dorud:99; Doureh:54; Eejrud:71; Eqlid:48; Esfarayen:204; Eshtehard:58; Estahban:41; Eyvan:100; Fahraj:25; Falavarjan:88; Famenin:68; Fanouj:52; Farahan:84; Farashband:12; Fardis:114; Faridan:28; Fariman:42; Faroj:138; Farsan:136; Faryab:18; Fasa:60; Ferdows:111; Feredunkenar:32; Fereydunshahr:23; Firuzabad:47; Firuzeh:17; Firuzkuh:29; Fuman:68; Gachsaran:186; Galikash:96; Galugah:27; Ganaveh:115; Garmsar:132; Gerash:25; Germeh:86; Germi:95; Ghaleye-Ganj:44; Ghasre_Ghand:59; Gilan-e-Gharb:65; Golpayegan:43; Gomishan:94; Gonabad:38; Gonbad-e-Kavus:212; Gorgan:266; Guotvand:36; Haftgol:6; Hajiabad:108; Hamadan:260; Hamidieh:39; Hamoun:35; Harsin:63; Hashtrud:42; Hendijan:17; Heris:41; Hirmand:50; Hoveizeh:12; Ilam:183; Iranshahr:119; Isfahan:401; Islamabad-e-Gharb:111; Islamshahr:80; Izeh:58; Jahrom:58; Jajrom:110; Jam:101; Jask:68; Javanrud:74; Jiroft:91; Joghatai:22; Jolfa:42; Jowayin:27; Juybar:45; Kabudarahang:111; Kahnuj:59; Kalat:12; Kalibar:30; Kamyaran:70; Kangan:94; Kangavar:74; Karaj:418; Karoun:52; Kashan:71; Kashmar:58; Kavar:46; Kazerun:72; Kelardasht:16; Kerman:139; Kermanshah:228; Khaf:47; Khalilabad:30; Khalkhal:93; Khamir:91; Khansar:29; Khash:79; Khatam:102; Kherameh:40; Khodaafarin:24; Khodabandeh:188; Khomein:137; Khomeinishahr:33; Khondab:114; Khonj:28; Khorobiyabanak:17; Khorramabad:162; Khorrambid:18; Khorramdarreh:114; Khorramshahr:50; Khoshab:28; Khoy:97; Khusf:72; Kiaar:108; Kohgeluyeh:190; Kolaleh:115; Komeijan:90; Konarak:69; Kordkuy:113; Kowsar:40; Kuhbonan:9; Kuhdasht:97; Kuhrang:71; Lahijan:91; Lali:12; Lamerd:40; Landeh:65; Langrud:84; Larestan:65; Lenjan:64; Lordegan:188; Mahabad:85; Mahallat:84; Mahmudabad:36; Mahneshan:84; Mahshahr:39; Mahvelat:35; Maku:49; Malard:88; Malayer:185; Malekan:54; Malekshahi:59; Mamasani:40; Maneh-o-Samalqan:183; Manujan:45; Maragheh:72; Marand:78; Maravehtapeh:71; Marivan:77; Marvdasht:90; Masal:47; Mashhad:456; Masjed-Soleyman:30; Mehdishahr:95; Mehr:17; Mehran:77; Mehrestan:60; Mehriz:120; Meshginshahr:122; Meyami:107; Meybod:126; Miandoab:104; Miandorud:38; Mianeh:63; Minab:196; Minudasht:103; Mirjaveh:30; Mobarakeh:56; Nahavand:161; Nain:22; Najafabad:50; Namin:72; Naqadeh:71; Natanz:23; Nazarabad:127; Nehbandan:114; Neka:44; Neyriz:48; Nikshahr:84; Nimrouz:29; Nir:45; Nishapur:89; Normashir:25; Northern_Savadkooh:15; Noshahr:50; Nur:46; Omidiyeh:36; Oshnaviyeh:53; Osku:54; Pakdasht:77; Pardis:35; Parsabad:139; Parsian:90; Pasargad:18; Paveh:71; Piranshahr:64; Pishva:24; Poldasht:33; Poldokhtar:77; Qaemshahr:77; Qaen:184; Qarchak:70; Qasr-e-Shirin:34; Qazvin:270; Qeshm:135; Qir-o-Karzin:26; Qom:915; Qorveh:89; Quchan:62; Rabar:39; Rafsanjan:105; Ramhormoz:40; Ramian:108; Ramsar:38; Ramshir:27; Rasht:210; Rashtkhar:18; Ravansar:67; Ravar:37; Razan:111; Razo_Jalgelan:112; Rey:101; Rezvanshahr:59; Rigan:44; Robat-Karim:73; Romeshkan:53; Rostam:17; Roudbar-e-Jonub:58; Rudan:137; Rudbar:71; Rudsar:87; Sabzevar:65; Sahneh:81; Salmas:70; Saman:83; Sannandaj:148; Saqqez:104; Sarab:60; Sarakhs:38; Saravan:110; Sarayan:94; Sarbaz:88; Sarbisheh:81; Sardasht:62; Sareyn:39; Sari:94; Sarpol-e-Zahab:56; Sarvabad:40; Sarvestan:30; Savadkuh:31; Saveh:189; Savojbolagh:187; Selseleh:78; Semirom:35; Semnan:156; Sepidan:43; Shabestar:59; Shadegan:59; Shaft:48; Shahindej:65; Shahinshahr-o-Meymeh:24; Shahr-e-Babak:62; Shahr-e_Qods:36; Shahrekord:226; Shahreza:48; Shahriar:91; Shahrud:217; Shazand:161; Shemiranat:22; Shiraz:317; Shirvan:229; Shirvan-o-Chardavol:121; Showt:41; Shush:69; Shushtar:65; Siahkal:48; Sibo_Soran:64; Simorgh:14; Sirik:77; Sirjan:97; Sirvan:50; Solas-e-Babajani:58; Soltanieh:78; Some'e-Sara:73; Sonqor:87; Sorkheh:72; Tabas:150; Tabriz:352; Tafresh:66; Taft:125; Takab:52; Takestan:180; Taleghan:30; Talesh:95; Tangestan:110; Tarom:94; Taybad:44; Tehran:1017; Tiran-o-Korun:58; Tonekabon:57; Torbat-e-Heydarieh:68; Torbat-e-Jam:69; Torghabe-o-Shandiz:36; Tuyserkan:120; Urumia:165; Varamin:71; Varzaqan:35; Yazd:299; Zabol:103; Zahedan:153; Zanjan:318; Zarand:70; Zarandieh:107; Zarrindasht:35; Zave:34; Zehak:57; Zirkouh:96,0.0,changed,County English and Farsi labels added from HBSIR lookup; coding standards change
1400,Weight,True,WEIGHT / HBSIR external weight table,Weight,household_information; hbsir.api.add_weight pre-1396,uint16,numeric_range=42..15253; distinct=1140,0.0,changed,Canonical Weight is HBSIR normalized weight; Weight_Raw retained when available; actual source=survey_weight_field_in_HBSIR_cleaned_household_table; Weight_Raw nonmissing=37988/37988
1401,Age,True,DYCOL05,Age,Members properties,Int16,numeric_range=0..99; distinct=100,0.0,unchanged,Age in completed years; no adjustment
1401,Sex,True,DYCOL04,Sex,Members properties,category,Female:63309; Male:63167,0.0015813026771454325,unchanged,HBSIR categorical labels: Male/Female
1401,Relationship,True,DYCOL03,Relationship,Members properties,category,Child:54823; Child_in_Law:571; Grand_Child:1139; Head:37951; Non_Family:58; Other_Family:222; Parent:834; Sibling:390; Spouse:30490,0.0,unchanged,HBSIR categorical labels for relationship to household head
1401,Education level,True,DYCOL08,Education_Level,Members properties,category,Bachelors:10142; Doctoral:141; Higher_Secondary:5912; Lower_Secondary:20466; Masters:2104; Pre_University:19428; Primary:38023; Short_Cycle_Tertiary:3247; Unofficial:370,21.066904916270023,unchanged,HBSIR education coding changes in 1393 and 1397; labels retained
1401,Activity status,True,DYCOL09,Activity_Status,Members properties,category,Employed:34580; Housekeeper:32320; Income_without_Work:13922; Other:2246; Student:19814; Unemployed:5715,14.13763658501874,unchanged,HBSIR categorical labels; definitions follow HBSIR codebook
1401,Marital status,True,DYCOL10,Marital_Status,Members properties,category,Bachelor:35969; Divorced:1525; Married:64496; Widowed:6609,14.136055282341593,unchanged,HBSIR categorical labels
1401,Household size,True,Derived from members_properties count by ID,Household_Size,Household/member tables,int64,1:3746; 2:7919; 3:8834; 4:10360; 5:4841; 6:1475; 7:496; 8:173; 9:65; 10:26; 11:8; 12:2; 13:3; 14:1; 15:1; 16:1,0.0,changed,Row count of standardized member records; no household exclusion
1401,Urban/rural,True,HBSIR administrative classification lookup,Urban_Rural,household_information + HBSIR id_information.yaml,str,Rural:18384; Urban:19567,0.0,unchanged,Added from HBSIR external classification metadata
1401,Province,True,HBSIR province classification lookup,Province,household_information + HBSIR id_information.yaml,str,Alborz:936; Ardabil:982; Bushehr:1089; Chaharmahal_and_Bakhtiari:1144; East_Azerbaijan:1264; Fars:1465; Gilan:1268; Golestan:1689; Hamadan:1357; Hormozgan:1528; Ilam:937; Isfahan:1280; Kerman:1279; Kermanshah:1151; Khuzestan:1316; Kohgiluyeh_and_Boyer_Ahmad:1118; Kurdistan:779; Lorestan:1027; Markazi:1428; Mazandaran:987; North_Khorasan:1396; Qazvin:962; Qom:892; Razavi_Khorasan:1537; Semnan:992; Sistan_and_Baluchestan:1402; South_Khorasan:1352; Tehran:1901; West_Azerbaijan:1101; Yazd:1270; Zanjan:1122,0.0,unchanged,Province English and Farsi labels added from HBSIR lookup
1401,County,True,HBSIR county classification lookup,County,household_information + HBSIR id_information.yaml,str,Abadan:71; Abadeh:30; Abarkuh:114; Abbasabad:36; Abdanan:104; Abhar:177; Abumusa:6; Abyek:99; Ahar:59; Ahvaz:221; Ajabshir:42; Alborz:159; Aliabad:126; Aligudarz:95; Amlash:46; Amol:69; Anar:33; Anbarabad:51; Andika:24; Andimeshk:52; Aqqala:121; Aradan:71; Arak:263; Aran-o-Bidgol:42; Ardabil:221; Ardal:97; Ardekan:126; Ardestan:27; Arsanjan:24; Arzuiyeh:29; Asadabad:119; Asaluyeh:82; Ashkezar:96; Ashtian:59; Astane-ye-Ashrafiyeh:76; Astara:67; Avaj:98; Azadshahr:111; Azarshahr:48; Azna:70; Babol:90; Babolsar:48; Badre:53; Bafq:93; Baft:57; Baghmalek:48; Bahabad:70; Bahar:140; Baharestan:88; Bahmai:102; Bajestan:17; Bakharz:18; Bam:83; Bandar-Abbas:167; Bandar-Lengeh:340; Bandar-e-Anzali:89; Bandar-e-Gaz:84; Bandar-e-Torkaman:99; Baneh:80; Bardaskan:42; Bardsir:50; Bashagard:25; Basht:71; Bastak:102; Bavanat:34; Bavi:42; Behbahan:64; Behshahr:55; Ben:75; Bijar:72; Bilasavar:75; Birjand:254; Bojnurd:322; Bonab:58; Booeino_Miyandasht:12; Borkhar:26; Borujen:154; Borujerd:144; Boshruyeh:80; Bostanabad:53; Boyer-Ahmad:296; Buin-Zahra:158; Bukan:89; Bushehr:160; Chabahar:123; Chadegan:28; Chaldoran:30; Chalus:39; Charam:100; Charuymaq:18; Chaypareh:33; Chenaran:52; Dalaho:61; Dalgan:60; Damavand:38; Damghan:141; Darab:67; Dargaz:36; Darmian:114; Darreh_Shahr:100; Dasht-e-Azadegan:41; Dashtestan:184; Dashti:101; Davarzan:6; Dayyer:79; Dehaghan:26; Dehgolan:58; Dehloran:117; Delfan:107; Delijan:84; Dena:108; Deylam:66; Dezful:92; Divandarreh:54; Dorud:101; Doureh:53; Eejrud:71; Eqlid:48; Esfarayen:204; Eshtehard:63; Estahban:40; Eyvan:87; Fahraj:26; Falavarjan:87; Famenin:75; Fanouj:53; Farahan:84; Farashband:12; Fardis:132; Faridan:29; Fariman:45; Faroj:138; Farsan:136; Faryab:18; Fasa:59; Ferdows:113; Feredunkenar:33; Fereydunshahr:23; Firuzabad:43; Firuzeh:15; Firuzkuh:27; Fuman:68; Gachsaran:186; Galikash:96; Galugah:28; Ganaveh:116; Garmsar:132; Gerash:28; Germeh:90; Germi:92; Ghaleye-Ganj:47; Ghasre_Ghand:59; Gilan-e-Gharb:67; Golpayegan:40; Gomishan:89; Gonabad:42; Gonbad-e-Kavus:207; Gorgan:254; Guotvand:36; Haftgol:6; Hajiabad:108; Hamadan:278; Hamidieh:42; Hamoun:33; Harsin:66; Hashtrud:42; Hendijan:18; Heris:42; Hirmand:47; Hoveizeh:11; Ilam:177; Iranshahr:121; Isfahan:411; Islamabad-e-Gharb:111; Islamshahr:83; Izeh:58; Jahrom:60; Jajrom:114; Jam:101; Jask:62; Javanrud:71; Jiroft:92; Joghatai:23; Jolfa:42; Jowayin:26; Juybar:42; Kabudarahang:123; Kahnuj:59; Kalat:11; Kalibar:26; Kamyaran:67; Kangan:93; Kangavar:79; Karaj:397; Karoun:53; Kashan:74; Kashmar:57; Kavar:48; Kazerun:72; Kelardasht:17; Kerman:141; Kermanshah:231; Khaf:49; Khalilabad:30; Khalkhal:98; Khamir:95; Khansar:28; Khash:69; Khatam:102; Kherameh:42; Khodaafarin:24; Khodabandeh:192; Khomein:138; Khomeinishahr:32; Khondab:114; Khonj:30; Khorobiyabanak:17; Khorramabad:156; Khorrambid:18; Khorramdarreh:113; Khorramshahr:52; Khoshab:28; Khoy:92; Khusf:72; Kiaar:110; Kohgeluyeh:189; Kolaleh:116; Komeijan:90; Konarak:69; Kordkuy:103; Kowsar:50; Kuhbonan:11; Kuhdasht:95; Kuhrang:73; Lahijan:94; Lali:12; Lamerd:42; Landeh:66; Langrud:86; Larestan:64; Lenjan:65; Lordegan:183; Mahabad:76; Mahallat:81; Mahmudabad:37; Mahneshan:83; Mahshahr:39; Mahvelat:35; Maku:51; Malard:84; Malayer:211; Malekan:54; Malekshahi:58; Mamasani:40; Maneh-o-Samalqan:186; Manujan:47; Maragheh:70; Marand:77; Maravehtapeh:69; Marivan:78; Marvdasht:88; Masal:48; Mashhad:457; Masjed-Soleyman:30; Mehdishahr:96; Mehr:15; Mehran:73; Mehrestan:56; Mehriz:120; Meshginshahr:134; Meyami:107; Meybod:126; Miandoab:96; Miandorud:37; Mianeh:64; Minab:196; Minudasht:107; Mirjaveh:28; Mobarakeh:52; Nahavand:166; Nain:22; Najafabad:51; Namin:84; Naqadeh:63; Natanz:21; Nazarabad:129; Nehbandan:114; Neka:43; Neyriz:46; Nikshahr:85; Nimrouz:28; Nir:51; Nishapur:94; Normashir:25; Northern_Savadkooh:16; Noshahr:46; Nur:45; Omidiyeh:40; Oshnaviyeh:48; Osku:53; Pakdasht:77; Pardis:32; Parsabad:135; Parsian:90; Pasargad:18; Paveh:72; Piranshahr:60; Pishva:24; Poldasht:32; Poldokhtar:78; Qaemshahr:76; Qaen:184; Qarchak:68; Qasr-e-Shirin:39; Qazvin:268; Qeshm:124; Qir-o-Karzin:32; Qom:892; Qorveh:89; Quchan:65; Rabar:39; Rafsanjan:101; Ramhormoz:42; Ramian:107; Ramsar:35; Ramshir:32; Rasht:219; Rashtkhar:18; Ravansar:63; Ravar:38; Razan:117; Razo_Jalgelan:113; Rey:101; Rezvanshahr:60; Rigan:47; Robat-Karim:75; Romeshkan:52; Rostam:16; Roudbar-e-Jonub:58; Rudan:136; Rudbar:66; Rudsar:85; Sabzevar:68; Sahneh:84; Salmas:74; Saman:84; Sannandaj:144; Saqqez:98; Sarab:60; Sarakhs:44; Saravan:112; Sarayan:96; Sarbaz:87; Sarbisheh:80; Sardasht:57; Sareyn:42; Sari:95; Sarpol-e-Zahab:64; Sarvabad:39; Sarvestan:30; Savadkuh:28; Saveh:183; Savojbolagh:187; Selseleh:76; Semirom:37; Semnan:156; Sepidan:44; Shabestar:55; Shadegan:63; Shaft:47; Shahindej:58; Shahinshahr-o-Meymeh:24; Shahr-e-Babak:63; Shahr-e_Qods:34; Shahrekord:232; Shahreza:49; Shahriar:89; Shahrud:217; Shazand:161; Shemiranat:22; Shiraz:340; Shirvan:229; Shirvan-o-Chardavol:119; Showt:37; Shush:68; Shushtar:59; Siahkal:48; Sibo_Soran:64; Simorgh:16; Sirik:77; Sirjan:96; Sirvan:49; Solas-e-Babajani:57; Soltanieh:78; Some'e-Sara:75; Sonqor:86; Sorkheh:72; Tabas:149; Tabriz:343; Tafresh:65; Taft:124; Takab:42; Takestan:180; Taleghan:28; Talesh:94; Tangestan:107; Tarom:96; Taybad:46; Tehran:990; Tiran-o-Korun:57; Tonekabon:56; Torbat-e-Heydarieh:67; Torbat-e-Jam:71; Torghabe-o-Shandiz:40; Tuyserkan:128; Urumia:163; Varamin:69; Varzaqan:34; Yazd:299; Zabol:99; Zahedan:154; Zanjan:312; Zarand:68; Zarandieh:106; Zarrindasht:35; Zave:35; Zehak:55; Zirkouh:96,0.0,unchanged,County English and Farsi labels added from HBSIR lookup; coding standards change
1401,Weight,True,WEIGHT / HBSIR external weight table,Weight,household_information; hbsir.api.add_weight pre-1396,float64,numeric_range=41.82687788675344..12938.524808186594; distinct=1768,0.0,changed,Canonical Weight is HBSIR normalized weight; Weight_Raw retained when available; actual source=survey_weight_field_in_HBSIR_cleaned_household_table; Weight_Raw nonmissing=37951/37951
1402,Age,True,DYCOL05,Age,Members properties,Int16,numeric_range=0..99; distinct=100,0.0,unchanged,Age in completed years; no adjustment
1402,Sex,True,DYCOL04,Sex,Members properties,category,Female:62258; Male:61599,0.0,unchanged,HBSIR categorical labels: Male/Female
1402,Relationship,True,DYCOL03,Relationship,Members properties,category,Child:53047; Child_in_Law:480; Grand_Child:1053; Head:37883; Non_Family:46; Other_Family:232; Parent:707; Sibling:395; Spouse:30014,0.0,unchanged,HBSIR categorical labels for relationship to household head
1402,Education level,True,DYCOL08,Education_Level,Members properties,category,Bachelors:10001; Doctoral:131; Higher_Secondary:5800; Lower_Secondary:20375; Masters:2101; Pre_University:19297; Primary:37521; Short_Cycle_Tertiary:3133; Unofficial:261,20.375917388601373,unchanged,HBSIR education coding changes in 1393 and 1397; labels retained
1402,Activity status,True,DYCOL09,Activity_Status,Members properties,category,Employed:34109; Housekeeper:31726; Income_without_Work:14358; Other:2270; Student:19360; Unemployed:5271,13.534156325439822,unchanged,HBSIR categorical labels; definitions follow HBSIR codebook
1402,Marital status,True,DYCOL10,Marital_Status,Members properties,category,Bachelor:35545; Divorced:1666; Married:63079; Widowed:6805,13.533348942732346,unchanged,HBSIR categorical labels
1402,Household size,True,Derived from members_properties count by ID,Household_Size,Household/member tables,int64,1:4142; 2:8317; 3:8685; 4:9949; 5:4672; 6:1412; 7:431; 8:175; 9:60; 10:21; 11:10; 12:5; 14:1; 15:1; 16:2,0.0,changed,Row count of standardized member records; no household exclusion
1402,Urban/rural,True,HBSIR administrative classification lookup,Urban_Rural,household_information + HBSIR id_information.yaml,str,Rural:18243; Urban:19640,0.0,unchanged,Added from HBSIR external classification metadata
1402,Province,True,HBSIR province classification lookup,Province,household_information + HBSIR id_information.yaml,str,Alborz:899; Ardabil:1061; Bushehr:1099; Chaharmahal_and_Bakhtiari:1162; East_Azerbaijan:1271; Fars:1469; Gilan:1247; Golestan:1667; Hamadan:1372; Hormozgan:1473; Ilam:947; Isfahan:1266; Kerman:1230; Kermanshah:1248; Khuzestan:1338; Kohgiluyeh_and_Boyer_Ahmad:1054; Kurdistan:786; Lorestan:1042; Markazi:1430; Mazandaran:965; North_Khorasan:1364; Qazvin:953; Qom:888; Razavi_Khorasan:1579; Semnan:984; Sistan_and_Baluchestan:1400; South_Khorasan:1339; Tehran:1814; West_Azerbaijan:1145; Yazd:1267; Zanjan:1124,0.0,unchanged,Province English and Farsi labels added from HBSIR lookup
1402,County,True,HBSIR county classification lookup,County,household_information + HBSIR id_information.yaml,str,Abadan:71; Abadeh:29; Abarkuh:112; Abbasabad:34; Abdanan:102; Abhar:179; Abumusa:6; Abyek:100; Ahar:60; Ahvaz:233; Ajabshir:42; Alborz:160; Aliabad:130; Aligudarz:93; Amlash:45; Amol:70; Anar:32; Anbarabad:51; Andika:24; Andimeshk:54; Aqqala:114; Aradan:70; Arak:262; Aran-o-Bidgol:41; Ardabil:250; Ardal:97; Ardekan:126; Ardestan:28; Arsanjan:24; Arzuiyeh:29; Asadabad:117; Asaluyeh:81; Ashkezar:96; Ashtian:60; Astane-ye-Ashrafiyeh:76; Astara:64; Avaj:93; Azadshahr:115; Azarshahr:48; Azna:71; Babol:89; Babolsar:47; Badre:53; Bafq:95; Baft:54; Baghmalek:48; Bahabad:69; Bahar:142; Baharestan:82; Bahmai:101; Bajestan:18; Bakharz:18; Bam:85; Bandar-Abbas:168; Bandar-Lengeh:334; Bandar-e-Anzali:84; Bandar-e-Gaz:85; Bandar-e-Torkaman:97; Baneh:79; Bardaskan:39; Bardsir:44; Bashagard:27; Basht:71; Bastak:90; Bavanat:35; Bavi:41; Behbahan:66; Behshahr:53; Ben:78; Bijar:69; Bilasavar:78; Birjand:253; Bojnurd:323; Bonab:60; Booeino_Miyandasht:12; Borkhar:26; Borujen:157; Borujerd:140; Boshruyeh:76; Bostanabad:53; Boyer-Ahmad:233; Buin-Zahra:160; Bukan:96; Bushehr:160; Chabahar:123; Chadegan:26; Chaldoran:37; Chalus:35; Charam:102; Charuymaq:18; Chaypareh:35; Chenaran:59; Dalaho:62; Dalgan:60; Damavand:32; Damghan:140; Darab:67; Dargaz:37; Darmian:112; Darreh_Shahr:100; Dasht-e-Azadegan:40; Dashtestan:186; Dashti:100; Davarzan:5; Dayyer:82; Dehaghan:25; Dehgolan:60; Dehloran:116; Delfan:107; Delijan:83; Dena:107; Deylam:70; Dezful:88; Divandarreh:59; Dorud:101; Doureh:53; Eejrud:70; Eqlid:47; Esfarayen:204; Eshtehard:64; Estahban:41; Eyvan:94; Fahraj:24; Falavarjan:86; Famenin:78; Fanouj:54; Farahan:84; Farashband:12; Fardis:114; Faridan:29; Fariman:46; Faroj:138; Farsan:139; Faryab:18; Fasa:56; Ferdows:111; Feredunkenar:35; Fereydunshahr:23; Firuzabad:48; Firuzeh:17; Firuzkuh:26; Fuman:71; Gachsaran:186; Galikash:96; Galugah:29; Ganaveh:114; Garmsar:132; Gerash:27; Germeh:84; Germi:98; Ghaleye-Ganj:47; Ghasre_Ghand:60; Gilan-e-Gharb:70; Golpayegan:44; Gomishan:89; Gonabad:48; Gonbad-e-Kavus:199; Gorgan:253; Guotvand:36; Haftgol:5; Hajiabad:105; Hamadan:285; Hamidieh:42; Hamoun:35; Harsin:80; Hashtrud:42; Hendijan:18; Heris:40; Hirmand:51; Hoveizeh:10; Ilam:184; Iranshahr:126; Isfahan:395; Islamabad-e-Gharb:118; Islamshahr:81; Izeh:59; Jahrom:66; Jajrom:112; Jam:94; Jask:64; Javanrud:74; Jiroft:87; Joghatai:21; Jolfa:42; Jowayin:27; Juybar:43; Kabudarahang:125; Kahnuj:59; Kalat:12; Kalibar:28; Kamyaran:69; Kangan:101; Kangavar:81; Karaj:385; Karoun:53; Kashan:75; Kashmar:59; Kavar:48; Kazerun:70; Kelardasht:15; Kerman:137; Kermanshah:250; Khaf:52; Khalilabad:29; Khalkhal:105; Khamir:84; Khansar:29; Khash:65; Khatam:102; Kherameh:42; Khodaafarin:24; Khodabandeh:192; Khomein:138; Khomeinishahr:33; Khondab:114; Khonj:30; Khorobiyabanak:17; Khorramabad:168; Khorrambid:18; Khorramdarreh:113; Khorramshahr:52; Khoshab:28; Khoy:102; Khusf:72; Kiaar:113; Kohgeluyeh:189; Kolaleh:112; Komeijan:89; Konarak:68; Kordkuy:101; Kowsar:54; Kuhbonan:10; Kuhdasht:102; Kuhrang:72; Lahijan:87; Lali:12; Lamerd:41; Landeh:65; Langrud:89; Larestan:63; Lenjan:67; Lordegan:189; Mahabad:78; Mahallat:80; Mahmudabad:33; Mahneshan:83; Mahshahr:39; Mahvelat:36; Maku:51; Malard:76; Malayer:211; Malekan:54; Malekshahi:58; Mamasani:38; Maneh-o-Samalqan:186; Manujan:45; Maragheh:69; Marand:78; Maravehtapeh:68; Marivan:84; Marvdasht:87; Masal:48; Mashhad:475; Masjed-Soleyman:30; Mehdishahr:94; Mehr:15; Mehran:76; Mehrestan:59; Mehriz:120; Meshginshahr:141; Meyami:105; Meybod:126; Miandoab:92; Miandorud:38; Mianeh:66; Minab:183; Minudasht:103; Mirjaveh:24; Mobarakeh:52; Nahavand:172; Nain:21; Najafabad:50; Namin:87; Naqadeh:60; Natanz:21; Nazarabad:121; Nehbandan:114; Neka:37; Neyriz:46; Nikshahr:87; Nimrouz:29; Nir:54; Nishapur:92; Normashir:26; Northern_Savadkooh:17; Noshahr:49; Nur:43; Omidiyeh:41; Oshnaviyeh:42; Osku:53; Pakdasht:70; Pardis:33; Parsabad:150; Parsian:90; Pasargad:18; Paveh:82; Piranshahr:54; Pishva:23; Poldasht:39; Poldokhtar:78; Qaemshahr:78; Qaen:182; Qarchak:71; Qasr-e-Shirin:46; Qazvin:260; Qeshm:117; Qir-o-Karzin:34; Qom:888; Qorveh:90; Quchan:65; Rabar:38; Rafsanjan:91; Ramhormoz:41; Ramian:105; Ramsar:35; Ramshir:33; Rasht:215; Rashtkhar:18; Ravansar:72; Ravar:37; Razan:112; Razo_Jalgelan:96; Rey:98; Rezvanshahr:59; Rigan:45; Robat-Karim:73; Romeshkan:52; Rostam:17; Roudbar-e-Jonub:57; Rudan:131; Rudbar:65; Rudsar:82; Sabzevar:66; Sahneh:88; Salmas:81; Saman:85; Sannandaj:147; Saqqez:89; Sarab:60; Sarakhs:48; Saravan:113; Sarayan:95; Sarbaz:88; Sarbisheh:80; Sardasht:54; Sareyn:44; Sari:95; Sarpol-e-Zahab:73; Sarvabad:40; Sarvestan:29; Savadkuh:33; Saveh:188; Savojbolagh:187; Selseleh:77; Semirom:37; Semnan:156; Sepidan:46; Shabestar:59; Shadegan:65; Shaft:47; Shahindej:66; Shahinshahr-o-Meymeh:26; Shahr-e-Babak:57; Shahr-e_Qods:35; Shahrekord:232; Shahreza:47; Shahriar:87; Shahrud:215; Shazand:161; Shemiranat:21; Shiraz:339; Shirvan:221; Shirvan-o-Chardavol:116; Showt:41; Shush:71; Shushtar:66; Siahkal:48; Sibo_Soran:65; Simorgh:15; Sirik:74; Sirjan:89; Sirvan:48; Solas-e-Babajani:58; Soltanieh:78; Some'e-Sara:75; Sonqor:94; Sorkheh:72; Tabas:149; Tabriz:339; Tafresh:66; Taft:125; Takab:54; Takestan:180; Taleghan:28; Talesh:92; Tangestan:111; Tarom:95; Taybad:45; Tehran:937; Tiran-o-Korun:56; Tonekabon:42; Torbat-e-Heydarieh:68; Torbat-e-Jam:73; Torghabe-o-Shandiz:42; Tuyserkan:130; Urumia:163; Varamin:69; Varzaqan:36; Yazd:296; Zabol:104; Zahedan:132; Zanjan:314; Zarand:68; Zarandieh:105; Zarrindasht:36; Zave:36; Zehak:57; Zirkouh:95,0.0,unchanged,County English and Farsi labels added from HBSIR lookup; coding standards change
1402,Weight,True,WEIGHT / HBSIR external weight table,Weight,household_information; hbsir.api.add_weight pre-1396,float64,numeric_range=41.8484034627422..23894.149952969; distinct=1703,0.0,changed,Canonical Weight is HBSIR normalized weight; Weight_Raw retained when available; actual source=survey_weight_field_in_HBSIR_cleaned_household_table; Weight_Raw nonmissing=37883/37883
1403,Age,True,DYCOL05,Age,Members properties,Int16,numeric_range=0..99; distinct=100,0.0,unchanged,Age in completed years; no adjustment
1403,Sex,True,DYCOL04,Sex,Members properties,category,Female:60927; Male:60190,0.0008256411103221653,unchanged,HBSIR categorical labels: Male/Female
1403,Relationship,True,DYCOL03,Relationship,Members properties,category,Child:51379; Child_in_Law:403; Grand_Child:1008; Head:37505; Non_Family:37; Other_Family:185; Parent:697; Sibling:405; Spouse:29499,0.0,unchanged,HBSIR categorical labels for relationship to household head
1403,Education level,True,DYCOL08,Education_Level,Members properties,category,Bachelors:10165; Doctoral:141; Higher_Secondary:6024; Lower_Secondary:19934; Masters:2009; Pre_University:19044; Primary:36802; Short_Cycle_Tertiary:2981; Unofficial:208,19.658514836770753,unchanged,HBSIR education coding changes in 1393 and 1397; labels retained
1403,Activity status,True,DYCOL09,Activity_Status,Members properties,category,Employed:33358; Housekeeper:31116; Income_without_Work:14716; Other:2197; Student:19517; Unemployed:5054,12.516719232484025,unchanged,HBSIR categorical labels; definitions follow HBSIR codebook
1403,Marital status,True,DYCOL10,Marital_Status,Members properties,category,Bachelor:35482; Divorced:1799; Married:61704; Widowed:6980,12.510939744711768,unchanged,HBSIR categorical labels
1403,Household size,True,Derived from members_properties count by ID,Household_Size,Household/member tables,int64,1:4320; 2:8392; 3:8543; 4:9772; 5:4508; 6:1375; 7:367; 8:158; 9:44; 10:13; 11:9; 12:3; 13:1,0.0,changed,Row count of standardized member records; no household exclusion
1403,Urban/rural,True,HBSIR administrative classification lookup,Urban_Rural,household_information + HBSIR id_information.yaml,str,Rural:18158; Urban:19347,0.0,unchanged,Added from HBSIR external classification metadata
1403,Province,True,HBSIR province classification lookup,Province,household_information + HBSIR id_information.yaml,str,Alborz:892; Ardabil:1071; Bushehr:1112; Chaharmahal_and_Bakhtiari:1146; East_Azerbaijan:1265; Fars:1466; Gilan:1222; Golestan:1670; Hamadan:1320; Hormozgan:1441; Ilam:963; Isfahan:1218; Kerman:1202; Kermanshah:1273; Khuzestan:1354; Kohgiluyeh_and_Boyer_Ahmad:1051; Kurdistan:726; Lorestan:1027; Markazi:1430; Mazandaran:993; North_Khorasan:1361; Qazvin:949; Qom:863; Razavi_Khorasan:1533; Semnan:991; Sistan_and_Baluchestan:1366; South_Khorasan:1347; Tehran:1671; West_Azerbaijan:1188; Yazd:1269; Zanjan:1125,0.0,unchanged,Province English and Farsi labels added from HBSIR lookup
1403,County,True,HBSIR county classification lookup,County,household_information + HBSIR id_information.yaml,str,Abadan:71; Abadeh:30; Abarkuh:114; Abbasabad:30; Abdanan:101; Abhar:178; Abumusa:6; Abyek:98; Ahar:60; Ahvaz:248; Ajabshir:42; Alborz:159; Aliabad:127; Aligudarz:93; Amlash:43; Amol:78; Anar:31; Anbarabad:46; Andika:24; Andimeshk:53; Aqqala:109; Aradan:72; Arak:260; Aran-o-Bidgol:42; Ardabil:257; Ardal:97; Ardekan:126; Ardestan:26; Arsanjan:24; Arzuiyeh:29; Asadabad:117; Asaluyeh:82; Ashkezar:95; Ashtian:60; Astane-ye-Ashrafiyeh:76; Astara:61; Avaj:91; Azadshahr:114; Azarshahr:48; Azna:69; Babol:100; Babolsar:51; Badre:52; Bafq:94; Baft:51; Baghmalek:48; Bahabad:72; Bahar:140; Baharestan:82; Bahmai:99; Bajestan:17; Bakharz:15; Bam:84; Bandar-Abbas:168; Bandar-Lengeh:302; Bandar-e-Anzali:83; Bandar-e-Gaz:85; Bandar-e-Torkaman:95; Baneh:76; Bardaskan:41; Bardsir:50; Bashagard:27; Basht:71; Bastak:90; Bavanat:34; Bavi:40; Behbahan:66; Behshahr:56; Ben:77; Bijar:68; Bilasavar:78; Birjand:252; Bojnurd:324; Bonab:59; Booeino_Miyandasht:5; Borkhar:24; Borujen:158; Borujerd:137; Boshruyeh:82; Bostanabad:54; Boyer-Ahmad:230; Buin-Zahra:159; Bukan:91; Bushehr:163; Chabahar:124; Chadegan:29; Chaldoran:40; Chalus:36; Charam:102; Charuymaq:18; Chaypareh:39; Chenaran:59; Dalaho:58; Dalgan:60; Damavand:28; Damghan:141; Darab:70; Dargaz:35; Darmian:111; Darreh_Shahr:103; Dasht-e-Azadegan:40; Dashtestan:187; Dashti:103; Davarzan:6; Dayyer:81; Dehaghan:25; Dehgolan:50; Dehloran:115; Delfan:106; Delijan:82; Dena:108; Deylam:71; Dezful:95; Divandarreh:51; Dorud:102; Doureh:53; Eejrud:69; Eqlid:45; Esfarayen:203; Eshtehard:60; Estahban:42; Eyvan:93; Fahraj:24; Falavarjan:89; Famenin:74; Fanouj:54; Farahan:84; Farashband:12; Fardis:123; Faridan:29; Fariman:43; Faroj:138; Farsan:141; Faryab:18; Fasa:57; Ferdows:112; Feredunkenar:35; Fereydunshahr:22; Firuzabad:47; Firuzeh:15; Firuzkuh:21; Fuman:68; Gachsaran:185; Galikash:95; Galugah:28; Ganaveh:112; Garmsar:132; Gerash:26; Germeh:84; Germi:99; Ghaleye-Ganj:47; Ghasre_Ghand:57; Gilan-e-Gharb:77; Golpayegan:43; Gomishan:92; Gonabad:44; Gonbad-e-Kavus:205; Gorgan:258; Guotvand:36; Haftgol:6; Hajiabad:104; Hamadan:267; Hamidieh:42; Hamoun:35; Harsin:87; Hashtrud:42; Hendijan:17; Heris:42; Hirmand:53; Hoveizeh:12; Ilam:196; Iranshahr:126; Isfahan:362; Islamabad-e-Gharb:123; Islamshahr:79; Izeh:60; Jahrom:64; Jajrom:112; Jam:100; Jask:66; Javanrud:76; Jiroft:74; Joghatai:21; Jolfa:39; Jowayin:27; Juybar:43; Kabudarahang:123; Kahnuj:55; Kalat:12; Kalibar:30; Kamyaran:66; Kangan:100; Kangavar:84; Karaj:385; Karoun:51; Kashan:80; Kashmar:55; Kavar:47; Kazerun:72; Kelardasht:17; Kerman:142; Kermanshah:256; Khaf:49; Khalilabad:29; Khalkhal:108; Khamir:83; Khansar:27; Khash:56; Khatam:101; Kherameh:42; Khodaafarin:24; Khodabandeh:191; Khomein:138; Khomeinishahr:36; Khondab:113; Khonj:29; Khorobiyabanak:15; Khorramabad:163; Khorrambid:17; Khorramdarreh:113; Khorramshahr:52; Khoshab:27; Khoy:106; Khusf:72; Kiaar:111; Kohgeluyeh:190; Kolaleh:113; Komeijan:89; Konarak:69; Kordkuy:101; Kowsar:54; Kuhbonan:9; Kuhdasht:100; Kuhrang:72; Lahijan:85; Lali:12; Lamerd:39; Landeh:66; Langrud:87; Larestan:64; Lenjan:64; Lordegan:188; Mahabad:82; Mahallat:83; Mahmudabad:38; Mahneshan:84; Mahshahr:40; Mahvelat:36; Maku:51; Malard:82; Malayer:199; Malekan:54; Malekshahi:61; Mamasani:40; Maneh-o-Samalqan:186; Manujan:44; Maragheh:72; Marand:76; Maravehtapeh:68; Marivan:78; Marvdasht:87; Masal:45; Mashhad:474; Masjed-Soleyman:30; Mehdishahr:96; Mehr:17; Mehran:76; Mehrestan:57; Mehriz:119; Meshginshahr:140; Meyami:103; Meybod:126; Miandoab:102; Miandorud:39; Mianeh:61; Minab:187; Minudasht:103; Mirjaveh:18; Mobarakeh:53; Nahavand:168; Nain:22; Najafabad:50; Namin:89; Naqadeh:65; Natanz:18; Nazarabad:117; Nehbandan:114; Neka:38; Neyriz:48; Nikshahr:88; Nimrouz:28; Nir:53; Nishapur:87; Normashir:26; Northern_Savadkooh:16; Noshahr:51; Nur:46; Omidiyeh:38; Oshnaviyeh:51; Osku:52; Pakdasht:73; Pardis:28; Parsabad:150; Parsian:89; Pasargad:18; Paveh:78; Piranshahr:61; Pishva:24; Poldasht:40; Poldokhtar:73; Qaemshahr:76; Qaen:181; Qarchak:68; Qasr-e-Shirin:44; Qazvin:262; Qeshm:118; Qir-o-Karzin:36; Qom:863; Qorveh:90; Quchan:62; Rabar:41; Rafsanjan:89; Ramhormoz:41; Ramian:105; Ramsar:32; Ramshir:31; Rasht:211; Rashtkhar:18; Ravansar:74; Ravar:34; Razan:108; Razo_Jalgelan:96; Rey:93; Rezvanshahr:57; Rigan:45; Robat-Karim:65; Romeshkan:54; Rostam:18; Roudbar-e-Jonub:57; Rudan:129; Rudbar:66; Rudsar:81; Sabzevar:58; Sahneh:92; Salmas:76; Saman:76; Sannandaj:124; Saqqez:79; Sarab:57; Sarakhs:47; Saravan:114; Sarayan:95; Sarbaz:89; Sarbisheh:83; Sardasht:63; Sareyn:43; Sari:91; Sarpol-e-Zahab:74; Sarvabad:44; Sarvestan:29; Savadkuh:34; Saveh:186; Savojbolagh:179; Selseleh:77; Semirom:36; Semnan:156; Sepidan:48; Shabestar:56; Shadegan:66; Shaft:48; Shahindej:64; Shahinshahr-o-Meymeh:24; Shahr-e-Babak:55; Shahr-e_Qods:34; Shahrekord:226; Shahreza:42; Shahriar:83; Shahrud:219; Shazand:161; Shemiranat:22; Shiraz:328; Shirvan:218; Shirvan-o-Chardavol:116; Showt:40; Shush:69; Shushtar:66; Siahkal:48; Sibo_Soran:66; Simorgh:15; Sirik:72; Sirjan:89; Sirvan:50; Solas-e-Babajani:55; Soltanieh:78; Some'e-Sara:75; Sonqor:95; Sorkheh:72; Tabas:150; Tabriz:343; Tafresh:66; Taft:126; Takab:49; Takestan:180; Taleghan:28; Talesh:88; Tangestan:113; Tarom:96; Taybad:40; Tehran:818; Tiran-o-Korun:55; Tonekabon:43; Torbat-e-Heydarieh:70; Torbat-e-Jam:70; Torghabe-o-Shandiz:42; Tuyserkan:124; Urumia:168; Varamin:71; Varzaqan:36; Yazd:296; Zabol:104; Zahedan:113; Zanjan:316; Zarand:62; Zarandieh:108; Zarrindasht:36; Zave:34; Zehak:55; Zirkouh:95,0.0,unchanged,County English and Farsi labels added from HBSIR lookup; coding standards change
1403,Weight,True,WEIGHT / HBSIR external weight table,Weight,household_information; hbsir.api.add_weight pre-1396,uint16,numeric_range=41..25374; distinct=1185,0.0,changed,Canonical Weight is HBSIR normalized weight; Weight_Raw retained when available; actual source=survey_weight_field_in_HBSIR_cleaned_household_table; Weight_Raw nonmissing=37505/37505
