period,year,metric,category,all_n,all_value,panelB_n,panelB_value,difference_panelB_minus_all,standardized_difference
Annual,1392.0,household_count,,38241.0,38241.0,6699.0,6699.0,-31542.0,
Annual,1392.0,household_size,mean,38241.0,3.6676603645302164,6699.0,3.7690700104493207,0.10140964591910429,0.06344281048334234
Annual,1392.0,household_size_median,All_Cross_Section,38241.0,4.0,38241.0,,,
Annual,1392.0,household_size_median,Panel_B,6699.0,4.0,6699.0,,,
Annual,1392.0,head_age,mean,38241.0,48.53999633900787,6699.0,49.54411106135244,1.0041147223445677,0.06347984766217604
Annual,1392.0,head_age_median,All_Cross_Section,38241.0,46.0,38241.0,,,
Annual,1392.0,head_age_median,Panel_B,6699.0,48.0,6699.0,,,
Annual,1392.0,food_exp_observed_total,mean,38241.0,4442641.356109934,6699.0,4550655.759217794,108014.40310786013,0.03689891130314239
Annual,1392.0,food_exp_observed_total_median,All_Cross_Section,38241.0,3850000.0,38241.0,,,
Annual,1392.0,food_exp_observed_total_median,Panel_B,6699.0,3997000.0,6699.0,,,
Annual,1392.0,n_food_items_positive,mean,38241.0,31.035459323762453,6699.0,31.14390207493656,0.10844275117410618,0.009768895611215522
Annual,1392.0,n_food_items_positive_median,All_Cross_Section,38241.0,30.0,38241.0,,,
Annual,1392.0,n_food_items_positive_median,Panel_B,6699.0,31.0,6699.0,,,
Annual,1392.0,n_food_items_purchased,mean,38241.0,30.018095761094113,6699.0,29.91028511718167,-0.10781064391244399,-0.009607697862861819
Annual,1392.0,n_food_items_purchased_median,All_Cross_Section,38241.0,29.0,38241.0,,,
Annual,1392.0,n_food_items_purchased_median,Panel_B,6699.0,29.0,6699.0,,,
Annual,1392.0,urban_rural,Rural,38241.0,0.5069951099605136,6699.0,0.5796387520525451,0.07264364209203156,
Annual,1392.0,urban_rural,Urban,38241.0,0.4930048900394864,6699.0,0.42036124794745483,-0.07264364209203156,
Annual,1392.0,province_farsi,آذربایجان شرقی,38241.0,0.03326272848513376,6699.0,0.03328855052992984,2.5822044796085242e-05,
Annual,1392.0,province_farsi,آذربایجان غربی,38241.0,0.03187678146491985,6699.0,0.030601582325720255,-0.0012751991391995975,
Annual,1392.0,province_farsi,اردبیل,38241.0,0.028424988886273893,6699.0,0.03970741901776385,0.011282430131489954,
Annual,1392.0,province_farsi,اصفهان,38241.0,0.03655762140111399,6699.0,0.037916106881624126,0.0013584854805101382,
Annual,1392.0,province_farsi,البرز,38241.0,0.026097643890065636,6699.0,0.022540677713091505,-0.0035569661769741315,
Annual,1392.0,province_farsi,ایلام,38241.0,0.025260845689181768,6699.0,0.024929093894611135,-0.00033175179457063317,
Annual,1392.0,province_farsi,بوشهر,38241.0,0.029287937030935383,6699.0,0.03179579041648007,0.0025078533855446873,
Annual,1392.0,province_farsi,تهران,38241.0,0.05099239036636071,6699.0,0.036871174802209285,-0.014121215564151426,
Annual,1392.0,province_farsi,خراسان جنوبی,38241.0,0.03464867550534766,6699.0,0.054784296163606507,0.020135620658258843,
Annual,1392.0,province_farsi,خراسان رضوی,38241.0,0.04278130802018776,6699.0,0.04448425138080311,0.0017029433606153485,
Annual,1392.0,province_farsi,خراسان شمالی,38241.0,0.036505321513558744,6699.0,0.040603075085833704,0.004097753572274959,
Annual,1392.0,province_farsi,خوزستان,38241.0,0.035302424099788184,6699.0,0.021346469622331693,-0.01395595447745649,
Annual,1392.0,province_farsi,زنجان,38241.0,0.029366386862268248,6699.0,0.0161218092252575,-0.013244577637010747,
Annual,1392.0,province_farsi,سمنان,38241.0,0.02557464501451322,6699.0,0.017316017316017316,-0.008258627698495905,
Annual,1392.0,province_farsi,سیستان و بلوچستان,38241.0,0.0363222719071154,6699.0,0.04717121958501269,0.010848947677897292,
Annual,1392.0,province_farsi,فارس,38241.0,0.03702832038911116,6699.0,0.03716972682489924,0.00014140643578807593,
Annual,1392.0,province_farsi,قزوین,38241.0,0.02654219293428519,6699.0,0.03358710255261979,0.007044909618334601,
Annual,1392.0,province_farsi,قم,38241.0,0.026699092596950916,6699.0,0.014778325123152709,-0.011920767473798208,
Annual,1392.0,province_farsi,لرستان,38241.0,0.02800658978583196,6699.0,0.02806389013285565,5.7300347023690745e-05,
Annual,1392.0,province_farsi,مازندران,38241.0,0.029418686749823487,6699.0,0.040453799074488726,0.011035112324665239,
Annual,1392.0,province_farsi,مرکزی,38241.0,0.03781281870243979,6699.0,0.025078369905956112,-0.01273444879648368,
Annual,1392.0,province_farsi,هرمزگان,38241.0,0.03674067100755733,6699.0,0.03463203463203463,-0.0021086363755227003,
Annual,1392.0,province_farsi,همدان,38241.0,0.031379932533145055,6699.0,0.02672040603075086,-0.004659526502394196,
Annual,1392.0,province_farsi,چهارمحال و بختیاری,38241.0,0.026332993384064224,6699.0,0.03642334676817435,0.010090353384110129,
Annual,1392.0,province_farsi,کردستان,38241.0,0.023874898668967862,6699.0,0.0219435736677116,-0.0019313250012562636,
Annual,1392.0,province_farsi,کرمان,38241.0,0.03305352893491279,6699.0,0.024481265860576206,-0.008572263074336586,
Annual,1392.0,province_farsi,کرمانشاه,38241.0,0.032844329384691826,6699.0,0.03567696671144947,0.0028326373267576477,
Annual,1392.0,province_farsi,کهکیلویه و بویر احمد,38241.0,0.029654036243822075,6699.0,0.03970741901776385,0.010053382773941771,
Annual,1392.0,province_farsi,گلستان,38241.0,0.035616223425119636,6699.0,0.03731900283624422,0.0017027794111245803,
Annual,1392.0,province_farsi,گیلان,38241.0,0.031746031746031744,6699.0,0.02821316614420063,-0.003532865601831116,
Annual,1392.0,province_farsi,یزد,38241.0,0.03098768337648074,6699.0,0.036274070756829375,0.0052863873803486346,
Annual,1392.0,head_sex,Female,38241.0,0.12039434115216652,6699.0,0.12165994924615614,0.001265608093989623,
Annual,1392.0,head_sex,Male,38241.0,0.8796056588478335,6699.0,0.8783400507538438,-0.0012656080939896786,
Annual,1392.0,head_education,   ,38241.0,0.0020135456708768075,6699.0,0.0020898641588296763,7.631848795286878e-05,
Annual,1392.0,head_education,001,38241.0,2.6149943777620877e-05,6699.0,0.00014927601134497685,0.00012312606756735597,
Annual,1392.0,head_education,101,38241.0,0.002118145445987291,6699.0,0.0019405881474846992,-0.00017755729850259185,
Annual,1392.0,head_education,102,38241.0,0.012839622394811852,6699.0,0.01328556500970294,0.00044594261489108895,
Annual,1392.0,head_education,103,38241.0,0.014173269527470516,6699.0,0.014778325123152709,0.000605055595682193,
Annual,1392.0,head_education,104,38241.0,0.02084150519076384,6699.0,0.024929093894611135,0.004087588703847296,
Annual,1392.0,head_education,105,38241.0,0.031353782589367434,6699.0,0.035527690700104496,0.004173908110737062,
Annual,1392.0,head_education,106,38241.0,0.1804869119531393,6699.0,0.1891327063740857,0.008645794420946401,
Annual,1392.0,head_education,107,38241.0,0.028111189560942444,6699.0,0.03090013434841021,0.002788944787467766,
Annual,1392.0,head_education,108,38241.0,0.0008106482571062472,6699.0,0.0007463800567248843,-6.42682003813629e-05,
Annual,1392.0,head_education,109,38241.0,0.00039224915666431315,6699.0,0.0004478280340349306,5.557887737061743e-05,
Annual,1392.0,head_education,231,38241.0,0.00774038335817578,6699.0,0.007015972533213913,-0.000724410824961867,
Annual,1392.0,head_education,232,38241.0,0.008734081221725374,6699.0,0.00806090461262875,-0.0006731766090966231,
Annual,1392.0,head_education,233,38241.0,0.00920478020972255,6699.0,0.010747872816838333,0.0015430926071157841,
Annual,1392.0,head_education,234,38241.0,0.14254334353181142,6699.0,0.13061650992685475,-0.011926833604956666,
Annual,1392.0,head_education,310,38241.0,0.00018304960644334616,6699.0,0.0002985520226899537,0.00011550241624660754,
Annual,1392.0,head_education,341,38241.0,0.0029549436468711593,6699.0,0.0014927601134497686,-0.0014621835334213908,
Annual,1392.0,head_education,342,38241.0,0.0035040924662011978,6699.0,0.003284072249589491,-0.0002200202166117069,
Annual,1392.0,head_education,343,38241.0,0.0035040924662011978,6699.0,0.0038811762949693984,0.0003770838287682006,
Annual,1392.0,head_education,344,38241.0,0.0004968489317747967,6699.0,0.0005971040453799074,0.00010025511360511072,
Annual,1392.0,head_education,345,38241.0,0.004000941397975994,6699.0,0.003134796238244514,-0.0008661451597314802,
Annual,1392.0,head_education,346,38241.0,0.09667634214586439,6699.0,0.08702791461412152,-0.009648427531742873,
Annual,1392.0,head_education,352,38241.0,0.0004706989879971758,6699.0,0.0002985520226899537,-0.0001721469653072221,
Annual,1392.0,head_education,353,38241.0,0.00033994926910907143,6699.0,0.0002985520226899537,-4.139724641911773e-05,
Annual,1392.0,head_education,354,38241.0,0.032295180565361785,6699.0,0.028660994178235557,-0.003634186387126228,
Annual,1392.0,head_education,362,38241.0,0.0004445490442195549,6699.0,0.00014927601134497685,-0.00029527303287457804,
Annual,1392.0,head_education,363,38241.0,0.00015689966266572527,6699.0,0.0,-0.00015689966266572527,
Annual,1392.0,head_education,364,38241.0,0.010276927904605005,6699.0,0.008359456635318705,-0.0019174712692863003,
Annual,1392.0,head_education,510,38241.0,0.0009936978635495934,6699.0,0.0002985520226899537,-0.0006951458408596396,
Annual,1392.0,head_education,511,38241.0,0.006563635888182841,6699.0,0.004776832363039259,-0.0017868035251435814,
Annual,1392.0,head_education,512,38241.0,0.048037446719489556,6699.0,0.03836393491565905,-0.009673511803830505,
Annual,1392.0,head_education,513,38241.0,0.002144295389764912,6699.0,0.0010449320794148381,-0.0010993633103500737,
Annual,1392.0,head_education,514,38241.0,0.00774038335817578,6699.0,0.005523212419764144,-0.002217170938411636,
Annual,1392.0,head_education,515,38241.0,0.0008890980884391098,6699.0,0.0004478280340349306,-0.00044127005440417925,
Annual,1392.0,head_education,516,38241.0,0.00018304960644334616,6699.0,0.00014927601134497685,-3.377359509836931e-05,
Annual,1392.0,head_education,517,38241.0,0.001307497188881044,6699.0,0.0004478280340349306,-0.0008596691548461133,
Annual,1392.0,head_education,520,38241.0,0.00028764938155382967,6699.0,0.00014927601134497685,-0.00013837337020885282,
Annual,1392.0,head_education,521,38241.0,0.0025103946026516044,6699.0,0.0014927601134497686,-0.0010176344892018358,
Annual,1392.0,head_education,522,38241.0,0.026986741978504748,6699.0,0.022988505747126436,-0.003998236231378311,
Annual,1392.0,head_education,601,38241.0,0.00015689966266572527,6699.0,0.00014927601134497685,-7.623651320748425e-06,
Annual,1392.0,head_education,602,38241.0,0.0008367982008838681,6699.0,0.0002985520226899537,-0.0005382461781939143,
Annual,1392.0,head_education,603,38241.0,2.6149943777620877e-05,6699.0,0.0,-2.6149943777620877e-05,
Annual,1392.0,head_education,604,38241.0,5.2299887555241754e-05,6699.0,0.0,-5.2299887555241754e-05,
Annual,1392.0,head_education,605,38241.0,0.0003660992128866923,6699.0,0.0,-0.0003660992128866923,
Annual,1392.0,head_education,606,38241.0,7.844983133286264e-05,6699.0,0.0,-7.844983133286264e-05,
Annual,1392.0,head_education,901,38241.0,0.012499673125702779,6699.0,0.013882669055082848,0.0013829959293800691,
Annual,1392.0,head_education,905,38241.0,0.00033994926910907143,6699.0,0.0004478280340349306,0.00010787876492585914,
Annual,1392.0,head_education,<missing>,38241.0,0.2713056666928166,6699.0,0.30168681892819826,0.03038115223538168,
Annual,1392.0,commodity_purchase_rate,11112 | غلات,38241.0,0.0410554117308647,,,,
Annual,1392.0,commodity_purchase_rate,11112 | غلات,,,6699.0,0.0392595909837289,,
Annual,1392.0,commodity_purchase_rate,11115 | غلات,38241.0,0.032347480452917,,,,
Annual,1392.0,commodity_purchase_rate,11115 | غلات,,,6699.0,0.0285117181668905,,
Annual,1392.0,commodity_purchase_rate,11117 | غلات,38241.0,0.4225569415025758,,,,
Annual,1392.0,commodity_purchase_rate,11117 | غلات,,,6699.0,0.4305120167189132,,
Annual,1392.0,commodity_purchase_rate,11151 | انواع نان,38241.0,0.3761669412410763,,,,
Annual,1392.0,commodity_purchase_rate,11151 | انواع نان,,,6699.0,0.38722197342887,,
Annual,1392.0,commodity_purchase_rate,11211 | گوشت دام,38241.0,0.3337778823775529,,,,
Annual,1392.0,commodity_purchase_rate,11211 | گوشت دام,,,6699.0,0.3249738766980146,,
Annual,1392.0,commodity_purchase_rate,11212 | گوشت دام,38241.0,0.2939515180042363,,,,
Annual,1392.0,commodity_purchase_rate,11212 | گوشت دام,,,6699.0,0.283325869532766,,
Annual,1392.0,commodity_purchase_rate,11216 | گوشت دام,38241.0,0.0158468659292382,,,,
Annual,1392.0,commodity_purchase_rate,11216 | گوشت دام,,,6699.0,0.0176145693387072,,
Annual,1392.0,commodity_purchase_rate,11231 | گوشت پرندگان,38241.0,0.7518893334379331,,,,
Annual,1392.0,commodity_purchase_rate,11231 | گوشت پرندگان,,,6699.0,0.7429467084639498,,
Annual,1392.0,commodity_purchase_rate,11412 | شیر,38241.0,0.284380638581627,,,,
Annual,1392.0,commodity_purchase_rate,11412 | شیر,,,6699.0,0.3057172712345126,,
Annual,1392.0,commodity_purchase_rate,11428 | فراورده\u200cهای شیری (به جز کره),38241.0,0.6333516382939777,,,,
Annual,1392.0,commodity_purchase_rate,11428 | فراورده\u200cهای شیری (به جز کره),,,6699.0,0.6263621436035229,,
Annual,1392.0,commodity_purchase_rate,11441 | تخم پرندگان,38241.0,0.7878193561883842,,,,
Annual,1392.0,commodity_purchase_rate,11441 | تخم پرندگان,,,6699.0,0.7589192416778624,,
Annual,1392.0,commodity_purchase_rate,11531 | روغن\u200cهای نباتی,38241.0,0.4856306058941973,,,,
Annual,1392.0,commodity_purchase_rate,11531 | روغن\u200cهای نباتی,,,6699.0,0.522913867741454,,
Annual,1392.0,commodity_purchase_rate,11533 | روغن\u200cهای نباتی,38241.0,0.4519756282523992,,,,
Annual,1392.0,commodity_purchase_rate,11533 | روغن\u200cهای نباتی,,,6699.0,0.4315569487983281,,
Annual,1392.0,commodity_purchase_rate,11611 | میوه\u200cهای درختی,38241.0,0.5387149917627677,,,,
Annual,1392.0,commodity_purchase_rate,11611 | میوه\u200cهای درختی,,,6699.0,0.5221674876847291,,
Annual,1392.0,commodity_purchase_rate,11724 | سبزی\u200cهای بوته\u200cای,38241.0,0.8659292382521377,,,,
Annual,1392.0,commodity_purchase_rate,11724 | سبزی\u200cهای بوته\u200cای,,,6699.0,0.8677414539483504,,
Annual,1392.0,commodity_purchase_rate,11731 | سبزی\u200cهای ریشه\u200cای,38241.0,0.9042389058863524,,,,
Annual,1392.0,commodity_purchase_rate,11731 | سبزی\u200cهای ریشه\u200cای,,,6699.0,0.909538737124944,,
Annual,1392.0,commodity_purchase_rate,11732 | سبزی\u200cهای ریشه\u200cای,38241.0,0.8660076880834706,,,,
Annual,1392.0,commodity_purchase_rate,11732 | سبزی\u200cهای ریشه\u200cای,,,6699.0,0.8660994178235557,,
Annual,1392.0,commodity_purchase_rate,11811 | قند و شکر,38241.0,0.6857299756805523,,,,
Annual,1392.0,commodity_purchase_rate,11811 | قند و شکر,,,6699.0,0.7045827735482908,,
Annual,1392.0,commodity_purchase_rate,11921 | چاشنی\u200cها و سایر ترکیب\u200cهای خوراکی,38241.0,0.706649930702649,,,,
Annual,1392.0,commodity_purchase_rate,11921 | چاشنی\u200cها و سایر ترکیب\u200cهای خوراکی,,,6699.0,0.7187639946260636,,
Annual,1392.0,commodity_purchase_rate,12112 | چای، قهوه و کاکائو,38241.0,0.582359247927617,,,,
Annual,1392.0,commodity_purchase_rate,12112 | چای، قهوه و کاکائو,,,6699.0,0.6051649499925362,,
Annual,1393.0,household_count,,36064.0,36064.0,12852.0,12852.0,-23212.0,
Annual,1393.0,household_size,mean,36064.0,3.6470996007098493,12852.0,3.7300031123560538,0.08290351164620446,0.052460845922656325
Annual,1393.0,household_size_median,All_Cross_Section,36064.0,4.0,36064.0,,,
Annual,1393.0,household_size_median,Panel_B,12852.0,4.0,12852.0,,,
Annual,1393.0,head_age,mean,36063.0,50.100962205030086,12852.0,50.72323373793962,0.6222715329095365,0.03950664848185595
Annual,1393.0,head_age_median,All_Cross_Section,36064.0,48.0,36064.0,,,
Annual,1393.0,head_age_median,Panel_B,12852.0,49.0,12852.0,,,
Annual,1393.0,food_exp_observed_total,mean,36064.0,4579479.070513532,12852.0,4681699.923825085,102220.8533115536,0.032786356729665844
Annual,1393.0,food_exp_observed_total_median,All_Cross_Section,36064.0,3982000.0,36064.0,,,
Annual,1393.0,food_exp_observed_total_median,Panel_B,12852.0,4075000.0,12852.0,,,
Annual,1393.0,n_food_items_positive,mean,36064.0,31.579691659272406,12852.0,31.458294428882663,-0.12139723038974282,-0.01066976145433133
Annual,1393.0,n_food_items_positive_median,All_Cross_Section,36064.0,31.0,36064.0,,,
Annual,1393.0,n_food_items_positive_median,Panel_B,12852.0,31.0,12852.0,,,
Annual,1393.0,n_food_items_purchased,mean,36064.0,30.664041703637977,12852.0,30.375816993464053,-0.2882247101739246,-0.02499566314355995
Annual,1393.0,n_food_items_purchased_median,All_Cross_Section,36064.0,30.0,36064.0,,,
Annual,1393.0,n_food_items_purchased_median,Panel_B,12852.0,30.0,12852.0,,,
Annual,1393.0,urban_rural,Rural,36064.0,0.515527950310559,12852.0,0.579520697167756,0.06399274685719702,
Annual,1393.0,urban_rural,Urban,36064.0,0.484472049689441,12852.0,0.420479302832244,-0.06399274685719702,
Annual,1393.0,province_farsi,آذربایجان شرقی,36064.0,0.03341282165039929,12852.0,0.03314659197012138,-0.00026622968027791016,
Annual,1393.0,province_farsi,آذربایجان غربی,36064.0,0.029281277728482696,12852.0,0.0291005291005291,-0.00018074862795359678,
Annual,1393.0,province_farsi,اردبیل,36064.0,0.028809893522626442,12852.0,0.04147214441332089,0.012662250890694445,
Annual,1393.0,province_farsi,اصفهان,36064.0,0.03854259094942325,12852.0,0.03571428571428571,-0.0028283052351375376,
Annual,1393.0,province_farsi,البرز,36064.0,0.025038819875776396,12852.0,0.01836290071584189,-0.0066759191599345055,
Annual,1393.0,province_farsi,ایلام,36064.0,0.027589840283939664,12852.0,0.026221599751011515,-0.0013682405329281493,
Annual,1393.0,province_farsi,بوشهر,36064.0,0.030667701863354036,12852.0,0.030967942732648614,0.0003002408692945775,
Annual,1393.0,province_farsi,تهران,36064.0,0.04980035492457853,12852.0,0.03532524120759415,-0.01447511371698438,
Annual,1393.0,province_farsi,خراسان جنوبی,36064.0,0.03546472937000887,12852.0,0.052521008403361345,0.017056279033352474,
Annual,1393.0,province_farsi,خراسان رضوی,36064.0,0.04353371783496007,12852.0,0.04559601618425148,0.0020622983492914054,
Annual,1393.0,province_farsi,خراسان شمالی,36064.0,0.036989795918367346,12852.0,0.041005291005291,0.004015495086923657,
Annual,1393.0,province_farsi,خوزستان,36064.0,0.03574201419698314,12852.0,0.022408963585434174,-0.013333050611548967,
Annual,1393.0,province_farsi,زنجان,36064.0,0.030168589174800354,12852.0,0.016962340491752256,-0.013206248683048098,
Annual,1393.0,province_farsi,سمنان,36064.0,0.02517746228926353,12852.0,0.01727357609710551,-0.007903886192158021,
Annual,1393.0,province_farsi,سیستان و بلوچستان,36064.0,0.036157941437444545,12852.0,0.04567382508558979,0.009515883648145249,
Annual,1393.0,province_farsi,فارس,36064.0,0.03715616681455191,12852.0,0.03470276999688764,-0.002453396817664266,
Annual,1393.0,province_farsi,قزوین,36064.0,0.026647071872227153,12852.0,0.0332244008714597,0.006577328999232544,
Annual,1393.0,province_farsi,قم,36064.0,0.026785714285714284,12852.0,0.015250544662309368,-0.011535169623404916,
Annual,1393.0,province_farsi,لرستان,36064.0,0.02978039041703638,12852.0,0.03182384064737006,0.002043450230333678,
Annual,1393.0,province_farsi,مازندران,36064.0,0.029281277728482696,12852.0,0.04139433551198257,0.012113057783499876,
Annual,1393.0,province_farsi,مرکزی,36064.0,0.03715616681455191,12852.0,0.025521319638966696,-0.011634847175585213,
Annual,1393.0,province_farsi,هرمزگان,36064.0,0.03751663708961846,12852.0,0.03649237472766884,-0.0010242623619496141,
Annual,1393.0,province_farsi,همدان,36064.0,0.03014086069210293,12852.0,0.02583255524431995,-0.004308305447782979,
Annual,1393.0,province_farsi,چهارمحال و بختیاری,36064.0,0.024983362910381543,12852.0,0.03750389044506692,0.012520527534685376,
Annual,1393.0,province_farsi,کردستان,36064.0,0.022210514640638866,12852.0,0.024120759414877062,0.0019102447742381963,
Annual,1393.0,province_farsi,کرمان,36064.0,0.03349600709849157,12852.0,0.021942110177404293,-0.011553896921087277,
Annual,1393.0,province_farsi,کرمانشاه,36064.0,0.03316326530612245,12852.0,0.037970743853096796,0.004807478546974345,
Annual,1393.0,province_farsi,کهکیلویه و بویر احمد,36064.0,0.027284826974267967,12852.0,0.038982259570494865,0.011697432596226898,
Annual,1393.0,province_farsi,گلستان,36064.0,0.03457741792369121,12852.0,0.037970743853096796,0.003393325929405583,
Annual,1393.0,province_farsi,گیلان,36064.0,0.03274733806566105,12852.0,0.028244631185807657,-0.00450270687985339,
Annual,1393.0,province_farsi,یزد,36064.0,0.030695430346051465,12852.0,0.03727046374105197,0.006575033395000509,
Annual,1393.0,head_sex,<missing>,36064.0,2.7728482697426798e-05,12852.0,0.0,-2.7728482697426798e-05,
Annual,1393.0,head_sex,Female,36064.0,0.13212622005323868,12852.0,0.12962962962962962,-0.0024965904236090575,
Annual,1393.0,head_sex,Male,36064.0,0.8678460514640639,12852.0,0.8703703703703703,0.002524318906306444,
Annual,1393.0,head_education,<missing>,36064.0,0.2815550133096717,12852.0,0.30687830687830686,0.025323293568635163,
Annual,1393.0,head_education,Bachelors,36064.0,0.052795031055900624,12852.0,0.04279489573607221,-0.010000135319828414,
Annual,1393.0,head_education,Doctoral,36064.0,0.0011923247559893523,12852.0,0.0003890445066915655,-0.0008032802492977868,
Annual,1393.0,head_education,Higher_Secondary,36064.0,0.013281943212067436,12852.0,0.012760659819483348,-0.0005212833925840876,
Annual,1393.0,head_education,Lower_Secondary,36064.0,0.1578027950310559,12852.0,0.14822595704948646,-0.009576837981569442,
Annual,1393.0,head_education,Masters,36064.0,0.012782830523513753,12852.0,0.00902583255524432,-0.003756997968269433,
Annual,1393.0,head_education,Pre_University,36064.0,0.13190439219165928,12852.0,0.1157796451914099,-0.01612474700024938,
Annual,1393.0,head_education,Primary,36064.0,0.27573203194321205,12852.0,0.29007158418923124,0.014339552246019183,
Annual,1393.0,head_education,Short_Cycle_Tertiary,36064.0,0.02944764862466726,12852.0,0.025365701836290073,-0.004081946788377186,
Annual,1393.0,head_education,Unofficial,36064.0,0.043505989352262645,12852.0,0.048708372237784,0.005202382885521356,
Annual,1393.0,commodity_purchase_rate,11112 | غلات,36064.0,0.0455856255545696,,,,
Annual,1393.0,commodity_purchase_rate,11112 | غلات,,,12852.0,0.0374260815437286,,
Annual,1393.0,commodity_purchase_rate,11115 | غلات,36064.0,0.0394021739130434,,,,
Annual,1393.0,commodity_purchase_rate,11115 | غلات,,,12852.0,0.0350140056022409,,
Annual,1393.0,commodity_purchase_rate,11117 | غلات,36064.0,0.4289873558118899,,,,
Annual,1393.0,commodity_purchase_rate,11117 | غلات,,,12852.0,0.4447556800497977,,
Annual,1393.0,commodity_purchase_rate,11151 | انواع نان,36064.0,0.3989296805678793,,,,
Annual,1393.0,commodity_purchase_rate,11151 | انواع نان,,,12852.0,0.4067849361967009,,
Annual,1393.0,commodity_purchase_rate,11211 | گوشت دام,36064.0,0.3656277728482697,,,,
Annual,1393.0,commodity_purchase_rate,11211 | گوشت دام,,,12852.0,0.3530189853719265,,
Annual,1393.0,commodity_purchase_rate,11212 | گوشت دام,36064.0,0.2882930346051464,,,,
Annual,1393.0,commodity_purchase_rate,11212 | گوشت دام,,,12852.0,0.2757547463429816,,
Annual,1393.0,commodity_purchase_rate,11216 | گوشت دام,36064.0,0.014751552795031,,,,
Annual,1393.0,commodity_purchase_rate,11216 | گوشت دام,,,12852.0,0.0159508247743541,,
Annual,1393.0,commodity_purchase_rate,11231 | گوشت پرندگان,36064.0,0.7641415261756876,,,,
Annual,1393.0,commodity_purchase_rate,11231 | گوشت پرندگان,,,12852.0,0.7555244319950203,,
Annual,1393.0,commodity_purchase_rate,11412 | شیر,36064.0,0.3102539929015084,,,,
Annual,1393.0,commodity_purchase_rate,11412 | شیر,,,12852.0,0.3242296918767507,,
Annual,1393.0,commodity_purchase_rate,11428 | فراورده\u200cهای شیری (به جز کره),36064.0,0.6590228482697427,,,,
Annual,1393.0,commodity_purchase_rate,11428 | فراورده\u200cهای شیری (به جز کره),,,12852.0,0.6594304388422035,,
Annual,1393.0,commodity_purchase_rate,11441 | تخم پرندگان,36064.0,0.8092280390417036,,,,
Annual,1393.0,commodity_purchase_rate,11441 | تخم پرندگان,,,12852.0,0.7850918145035792,,
Annual,1393.0,commodity_purchase_rate,11531 | روغن\u200cهای نباتی,36064.0,0.4573258651286601,,,,
Annual,1393.0,commodity_purchase_rate,11531 | روغن\u200cهای نباتی,,,12852.0,0.4859943977591036,,
Annual,1393.0,commodity_purchase_rate,11533 | روغن\u200cهای نباتی,36064.0,0.4913209849157054,,,,
Annual,1393.0,commodity_purchase_rate,11533 | روغن\u200cهای نباتی,,,12852.0,0.4643635231870526,,
Annual,1393.0,commodity_purchase_rate,11611 | میوه\u200cهای درختی,36064.0,0.6125776397515528,,,,
Annual,1393.0,commodity_purchase_rate,11611 | میوه\u200cهای درختی,,,12852.0,0.590958605664488,,
Annual,1393.0,commodity_purchase_rate,11724 | سبزی\u200cهای بوته\u200cای,36064.0,0.8757486690328306,,,,
Annual,1393.0,commodity_purchase_rate,11724 | سبزی\u200cهای بوته\u200cای,,,12852.0,0.8783068783068783,,
Annual,1393.0,commodity_purchase_rate,11731 | سبزی\u200cهای ریشه\u200cای,36064.0,0.9166204525288376,,,,
Annual,1393.0,commodity_purchase_rate,11731 | سبزی\u200cهای ریشه\u200cای,,,12852.0,0.9159663865546218,,
Annual,1393.0,commodity_purchase_rate,11732 | سبزی\u200cهای ریشه\u200cای,36064.0,0.8649622892635315,,,,
Annual,1393.0,commodity_purchase_rate,11732 | سبزی\u200cهای ریشه\u200cای,,,12852.0,0.8560535325241208,,
Annual,1393.0,commodity_purchase_rate,11811 | قند و شکر,36064.0,0.6840339396628217,,,,
Annual,1393.0,commodity_purchase_rate,11811 | قند و شکر,,,12852.0,0.697556800497977,,
Annual,1393.0,commodity_purchase_rate,11921 | چاشنی\u200cها و سایر ترکیب\u200cهای خوراکی,36064.0,0.7008928571428571,,,,
Annual,1393.0,commodity_purchase_rate,11921 | چاشنی\u200cها و سایر ترکیب\u200cهای خوراکی,,,12852.0,0.6992685963274199,,
Annual,1393.0,commodity_purchase_rate,12112 | چای، قهوه و کاکائو,36064.0,0.547166149068323,,,,
Annual,1393.0,commodity_purchase_rate,12112 | چای، قهوه و کاکائو,,,12852.0,0.5711173358232182,,
Annual,1394.0,household_count,,36041.0,36041.0,18609.0,18609.0,-17432.0,
Annual,1394.0,household_size,mean,36041.0,3.61069337698732,18609.0,3.7045515610725994,0.09385818408527946,0.059871174811795755
Annual,1394.0,household_size_median,All_Cross_Section,36041.0,4.0,36041.0,,,
Annual,1394.0,household_size_median,Panel_B,18609.0,4.0,18609.0,,,
Annual,1394.0,head_age,mean,36041.0,50.98618240337394,18609.0,51.534633779354074,0.5484513759801359,0.03509717034093437
Annual,1394.0,head_age_median,All_Cross_Section,36041.0,49.0,36041.0,,,
Annual,1394.0,head_age_median,Panel_B,18609.0,50.0,18609.0,,,
Annual,1394.0,food_exp_observed_total,mean,36041.0,4697947.945229045,18609.0,4804764.506958999,106816.56172995362,0.033638757571134624
Annual,1394.0,food_exp_observed_total_median,All_Cross_Section,36041.0,4089000.0,36041.0,,,
Annual,1394.0,food_exp_observed_total_median,Panel_B,18609.0,4182900.0,18609.0,,,
Annual,1394.0,n_food_items_positive,mean,36041.0,31.811159512777113,18609.0,31.650545435004567,-0.16061407777254644,-0.014615078596449197
Annual,1394.0,n_food_items_positive_median,All_Cross_Section,36041.0,31.0,36041.0,,,
Annual,1394.0,n_food_items_positive_median,Panel_B,18609.0,31.0,18609.0,,,
Annual,1394.0,n_food_items_purchased,mean,36041.0,30.92955245414944,18609.0,30.61921650814122,-0.31033594600821957,-0.027912530381325636
Annual,1394.0,n_food_items_purchased_median,All_Cross_Section,36041.0,31.0,36041.0,,,
Annual,1394.0,n_food_items_purchased_median,Panel_B,18609.0,30.0,18609.0,,,
Annual,1394.0,urban_rural,Rural,36041.0,0.5111400904525402,18609.0,0.5769788811865226,0.06583879073398247,
Annual,1394.0,urban_rural,Urban,36041.0,0.48885990954745984,18609.0,0.42302111881347737,-0.06583879073398247,
Annual,1394.0,province_farsi,آذربایجان شرقی,36041.0,0.03398906800588219,18609.0,0.03218872588532431,-0.0018003421205578796,
Annual,1394.0,province_farsi,آذربایجان غربی,36041.0,0.027468716184345605,18609.0,0.027244881508947282,-0.00022383467539832322,
Annual,1394.0,province_farsi,اردبیل,36041.0,0.028634055658832997,18609.0,0.041485302810468055,0.012851247151635058,
Annual,1394.0,province_farsi,اصفهان,36041.0,0.03770705585305624,18609.0,0.03417701112364985,-0.0035300447294063925,
Annual,1394.0,province_farsi,البرز,36041.0,0.025082544879442857,18609.0,0.016819818367456607,-0.00826272651198625,
Annual,1394.0,province_farsi,ایلام,36041.0,0.02769068560805749,18609.0,0.027943468214304906,0.00025278260624741686,
Annual,1394.0,province_farsi,بوشهر,36041.0,0.029910379845176326,18609.0,0.028910742114030847,-0.0009996377311454786,
Annual,1394.0,province_farsi,تهران,36041.0,0.044699092699980576,18609.0,0.03267236283518728,-0.0120267298647933,
Annual,1394.0,province_farsi,خراسان جنوبی,36041.0,0.03509891512444161,18609.0,0.04986834327475952,0.014769428150317912,
Annual,1394.0,province_farsi,خراسان رضوی,36041.0,0.04264587553064565,18609.0,0.045676823042613786,0.0030309475119681337,
Annual,1394.0,province_farsi,خراسان شمالی,36041.0,0.037235370827668486,18609.0,0.039550755011016174,0.002315384183347688,
Annual,1394.0,province_farsi,خوزستان,36041.0,0.03598679281928914,18609.0,0.022354774571443924,-0.013632018247845216,
Annual,1394.0,province_farsi,زنجان,36041.0,0.030298826336672125,18609.0,0.01751840507281423,-0.012780421263857894,
Annual,1394.0,province_farsi,سمنان,36041.0,0.025692960794650537,18609.0,0.015798807028857005,-0.009894153765793532,
Annual,1394.0,province_farsi,سیستان و بلوچستان,36041.0,0.037596071141200296,18609.0,0.045461873287119134,0.007865802145918838,
Annual,1394.0,province_farsi,فارس,36041.0,0.03826197941233595,18609.0,0.036057821484228064,-0.0022041579281078874,
Annual,1394.0,province_farsi,قزوین,36041.0,0.02688604644710191,18609.0,0.034338223440270835,0.007452176993168923,
Annual,1394.0,province_farsi,قم,36041.0,0.027718431786021475,18609.0,0.016174969100972648,-0.011543462685048828,
Annual,1394.0,province_farsi,لرستان,36041.0,0.029438694819788575,18609.0,0.03492933526788113,0.005490640448092558,
Annual,1394.0,province_farsi,مازندران,36041.0,0.02896700979440082,18609.0,0.041055403299478745,0.012088393505077923,
Annual,1394.0,province_farsi,مرکزی,36041.0,0.038733664437723705,18609.0,0.023966897737653824,-0.014766766700069881,
Annual,1394.0,province_farsi,هرمزگان,36041.0,0.035653838683721316,18609.0,0.03852974367241657,0.002875904988695256,
Annual,1394.0,province_farsi,همدان,36041.0,0.03190810465858328,18609.0,0.02552528346499006,-0.006382821193593218,
Annual,1394.0,province_farsi,چهارمحال و بختیاری,36041.0,0.024361144252379233,18609.0,0.0386372185501639,0.014276074297784668,
Annual,1394.0,province_farsi,کردستان,36041.0,0.02244665797286424,18609.0,0.026116395292600354,0.0036697373197361154,
Annual,1394.0,province_farsi,کرمان,36041.0,0.03446075303126994,18609.0,0.020366489333118385,-0.014094263698151557,
Annual,1394.0,province_farsi,کرمانشاه,36041.0,0.03290696706528676,18609.0,0.0376162072115643,0.004709240146277542,
Annual,1394.0,province_farsi,کهکیلویه و بویر احمد,36041.0,0.028495324769013067,18609.0,0.04170025256596271,0.01320492779694964,
Annual,1394.0,province_farsi,گلستان,36041.0,0.03484919952276574,18609.0,0.037938631844806274,0.003089432322040536,
Annual,1394.0,province_farsi,گیلان,36041.0,0.032795982353430814,18609.0,0.03030791552474609,-0.002488066828684722,
Annual,1394.0,province_farsi,یزد,36041.0,0.03237978968397103,18609.0,0.039067118061153205,0.006687328377182174,
Annual,1394.0,head_sex,Female,36041.0,0.13751005798951194,18609.0,0.13267773657907464,-0.004832321410437296,
Annual,1394.0,head_sex,Male,36041.0,0.862489942010488,18609.0,0.8673222634209253,0.0048323214104373236,
Annual,1394.0,head_education,<missing>,36041.0,0.28306650758857965,18609.0,0.301789456714493,0.018722949125913324,
Annual,1394.0,head_education,Bachelors,36041.0,0.05280097666546433,18609.0,0.04261378902681498,-0.010187187638649349,
Annual,1394.0,head_education,Doctoral,36041.0,0.0015537859659831858,18609.0,0.000752324144231286,-0.0008014618217518999,
Annual,1394.0,head_education,Higher_Secondary,36041.0,0.011570156210981937,18609.0,0.011016174969100973,-0.0005539812418809634,
Annual,1394.0,head_education,Lower_Secondary,36041.0,0.15271496351377598,18609.0,0.14616583373636413,-0.006549129777411844,
Annual,1394.0,head_education,Masters,36041.0,0.013096195999001137,18609.0,0.009296576925143747,-0.0037996190738573896,
Annual,1394.0,head_education,Pre_University,36041.0,0.135484586998141,18609.0,0.12004943844376377,-0.015435148554377234,
Annual,1394.0,head_education,Primary,36041.0,0.27637967869925917,18609.0,0.2952872266107797,0.01890754791152055,
Annual,1394.0,head_education,Short_Cycle_Tertiary,36041.0,0.029632918065536473,18609.0,0.02471922188188511,-0.004913696183651364,
Annual,1394.0,head_education,Unofficial,36041.0,0.043700230293277104,18609.0,0.04830995754742329,0.004609727254146184,
Annual,1394.0,commodity_purchase_rate,11112 | غلات,36041.0,0.0580450043006575,,,,
Annual,1394.0,commodity_purchase_rate,11112 | غلات,,,18609.0,0.0459992476758557,,
Annual,1394.0,commodity_purchase_rate,11115 | غلات,36041.0,0.0424516522848977,,,,
Annual,1394.0,commodity_purchase_rate,11115 | غلات,,,18609.0,0.0400343919608791,,
Annual,1394.0,commodity_purchase_rate,11117 | غلات,36041.0,0.4032074581726367,,,,
Annual,1394.0,commodity_purchase_rate,11117 | غلات,,,18609.0,0.4232898060078456,,
Annual,1394.0,commodity_purchase_rate,11151 | انواع نان,36041.0,0.4212702200271913,,,,
Annual,1394.0,commodity_purchase_rate,11151 | انواع نان,,,18609.0,0.4236659680799613,,
Annual,1394.0,commodity_purchase_rate,11211 | گوشت دام,36041.0,0.3907216780888433,,,,
Annual,1394.0,commodity_purchase_rate,11211 | گوشت دام,,,18609.0,0.3825568273416089,,
Annual,1394.0,commodity_purchase_rate,11212 | گوشت دام,36041.0,0.2679725867761716,,,,
Annual,1394.0,commodity_purchase_rate,11212 | گوشت دام,,,18609.0,0.2475683808909667,,
Annual,1394.0,commodity_purchase_rate,11216 | گوشت دام,36041.0,0.0177853000749146,,,,
Annual,1394.0,commodity_purchase_rate,11216 | گوشت دام,,,18609.0,0.020903863721855,,
Annual,1394.0,commodity_purchase_rate,11231 | گوشت پرندگان,36041.0,0.7794178851863156,,,,
Annual,1394.0,commodity_purchase_rate,11231 | گوشت پرندگان,,,18609.0,0.7801601375678435,,
Annual,1394.0,commodity_purchase_rate,11412 | شیر,36041.0,0.3366443772370356,,,,
Annual,1394.0,commodity_purchase_rate,11412 | شیر,,,18609.0,0.3445107206190553,,
Annual,1394.0,commodity_purchase_rate,11428 | فراورده\u200cهای شیری (به جز کره),36041.0,0.648872117865764,,,,
Annual,1394.0,commodity_purchase_rate,11428 | فراورده\u200cهای شیری (به جز کره),,,18609.0,0.6476436133053899,,
Annual,1394.0,commodity_purchase_rate,11441 | تخم پرندگان,36041.0,0.8232568463694127,,,,
Annual,1394.0,commodity_purchase_rate,11441 | تخم پرندگان,,,18609.0,0.8002579397065935,,
Annual,1394.0,commodity_purchase_rate,11531 | روغن\u200cهای نباتی,36041.0,0.4384728503648622,,,,
Annual,1394.0,commodity_purchase_rate,11531 | روغن\u200cهای نباتی,,,18609.0,0.4738567359879628,,
Annual,1394.0,commodity_purchase_rate,11533 | روغن\u200cهای نباتی,36041.0,0.5312560694764297,,,,
Annual,1394.0,commodity_purchase_rate,11533 | روغن\u200cهای نباتی,,,18609.0,0.5065290988231501,,
Annual,1394.0,commodity_purchase_rate,11611 | میوه\u200cهای درختی,36041.0,0.6232069032490775,,,,
Annual,1394.0,commodity_purchase_rate,11611 | میوه\u200cهای درختی,,,18609.0,0.612982965231877,,
Annual,1394.0,commodity_purchase_rate,11724 | سبزی\u200cهای بوته\u200cای,36041.0,0.8908187897117172,,,,
Annual,1394.0,commodity_purchase_rate,11724 | سبزی\u200cهای بوته\u200cای,,,18609.0,0.8905368370143479,,
Annual,1394.0,commodity_purchase_rate,11731 | سبزی\u200cهای ریشه\u200cای,36041.0,0.916345273438584,,,,
Annual,1394.0,commodity_purchase_rate,11731 | سبزی\u200cهای ریشه\u200cای,,,18609.0,0.9161158579182116,,
Annual,1394.0,commodity_purchase_rate,11732 | سبزی\u200cهای ریشه\u200cای,36041.0,0.87392136733165,,,,
Annual,1394.0,commodity_purchase_rate,11732 | سبزی\u200cهای ریشه\u200cای,,,18609.0,0.8642592294051266,,
Annual,1394.0,commodity_purchase_rate,11811 | قند و شکر,36041.0,0.6949030271080159,,,,
Annual,1394.0,commodity_purchase_rate,11811 | قند و شکر,,,18609.0,0.7166424848191735,,
Annual,1394.0,commodity_purchase_rate,11921 | چاشنی\u200cها و سایر ترکیب\u200cهای خوراکی,36041.0,0.6998695929635693,,,,
Annual,1394.0,commodity_purchase_rate,11921 | چاشنی\u200cها و سایر ترکیب\u200cهای خوراکی,,,18609.0,0.7037454994894944,,
Annual,1394.0,commodity_purchase_rate,12112 | چای، قهوه و کاکائو,36041.0,0.5736244832274354,,,,
Annual,1394.0,commodity_purchase_rate,12112 | چای، قهوه و کاکائو,,,18609.0,0.5989574936858509,,
Annual,1395.0,household_count,,35832.0,35832.0,11907.0,11907.0,-23925.0,
Annual,1395.0,household_size,mean,35832.0,3.5656117436927888,11907.0,3.645334677080709,0.07972293338792014,0.05108200174110926
Annual,1395.0,household_size_median,All_Cross_Section,35832.0,4.0,35832.0,,,
Annual,1395.0,household_size_median,Panel_B,11907.0,4.0,11907.0,,,
Annual,1395.0,head_age,mean,35832.0,51.609985487832105,11907.0,52.51583102376753,0.9058455359354269,0.05834129778799196
Annual,1395.0,head_age_median,All_Cross_Section,35832.0,50.0,35832.0,,,
Annual,1395.0,head_age_median,Panel_B,11907.0,51.0,11907.0,,,
Annual,1395.0,food_exp_observed_total,mean,35832.0,4917343.178918285,11907.0,5014218.0064667845,96874.82754849922,0.027026501510165717
Annual,1395.0,food_exp_observed_total_median,All_Cross_Section,35832.0,4285950.0,35832.0,,,
Annual,1395.0,food_exp_observed_total_median,Panel_B,11907.0,4358500.0,11907.0,,,
Annual,1395.0,n_food_items_positive,mean,35832.0,32.40410805983478,11907.0,32.353321575543795,-0.0507864842909882,-0.004471390145827633
Annual,1395.0,n_food_items_positive_median,All_Cross_Section,35832.0,32.0,35832.0,,,
Annual,1395.0,n_food_items_positive_median,Panel_B,11907.0,32.0,11907.0,,,
Annual,1395.0,n_food_items_purchased,mean,35832.0,31.53544317928109,11907.0,31.313009154278994,-0.22243402500209442,-0.019352224095626678
Annual,1395.0,n_food_items_purchased_median,All_Cross_Section,35832.0,31.0,35832.0,,,
Annual,1395.0,n_food_items_purchased_median,Panel_B,11907.0,31.0,11907.0,,,
Annual,1395.0,urban_rural,Rural,35832.0,0.5110794820272382,11907.0,0.5752078609221466,0.06412837889490841,
Annual,1395.0,urban_rural,Urban,35832.0,0.48892051797276176,11907.0,0.42479213907785335,-0.06412837889490841,
Annual,1395.0,province_farsi,آذربایجان شرقی,35832.0,0.033684974324626034,11907.0,0.03157806332409507,-0.002106911000530967,
Annual,1395.0,province_farsi,آذربایجان غربی,35832.0,0.026289350301406562,11907.0,0.025195263290501386,-0.0010940870109051766,
Annual,1395.0,province_farsi,اردبیل,35832.0,0.02807546327305202,11907.0,0.042160073906105655,0.014084610633053635,
Annual,1395.0,province_farsi,اصفهان,35832.0,0.03756418843491851,11907.0,0.0320819685899051,-0.00548221984501341,
Annual,1395.0,province_farsi,البرز,35832.0,0.023052020540299173,11907.0,0.01352145796590241,-0.009530562574396762,
Annual,1395.0,province_farsi,ایلام,35832.0,0.027433578923866934,11907.0,0.029646426471823296,0.0022128475479563613,
Annual,1395.0,province_farsi,بوشهر,35832.0,0.03028019647242688,11907.0,0.027294868564709834,-0.002985327907717047,
Annual,1395.0,province_farsi,تهران,35832.0,0.04674592542978343,11907.0,0.030150331737633325,-0.016595593692150107,
Annual,1395.0,province_farsi,خراسان جنوبی,35832.0,0.034885018977450326,11907.0,0.04753506340807928,0.012650044430628955,
Annual,1395.0,province_farsi,خراسان رضوی,35832.0,0.042978343380218796,11907.0,0.04644326866549089,0.0034649252852720913,
Annual,1395.0,province_farsi,خراسان شمالی,35832.0,0.03742464835900871,11907.0,0.03896867388930881,0.0015440255303001,
Annual,1395.0,province_farsi,خوزستان,35832.0,0.036754855994641664,11907.0,0.02292768959435626,-0.013827166400285404,
Annual,1395.0,province_farsi,زنجان,35832.0,0.0303360125027908,11907.0,0.018308557991097672,-0.012027454511693129,
Annual,1395.0,province_farsi,سمنان,35832.0,0.02500558160303639,11907.0,0.014949189552364156,-0.010056392050672235,
Annual,1395.0,province_farsi,سیستان و بلوچستان,35832.0,0.03708975217682518,11907.0,0.044763584446124126,0.007673832269298943,
Annual,1395.0,province_farsi,فارس,35832.0,0.03745255637419067,11907.0,0.03527336860670194,-0.0021791877674887314,
Annual,1395.0,province_farsi,قزوین,35832.0,0.02698705068095557,11907.0,0.03476946334089191,0.007782412659936341,
Annual,1395.0,province_farsi,قم,35832.0,0.027656843045322618,11907.0,0.017132779037540943,-0.010524064007781674,
Annual,1395.0,province_farsi,لرستان,35832.0,0.029722036168787675,11907.0,0.03880070546737213,0.009078669298584457,
Annual,1395.0,province_farsi,مازندران,35832.0,0.030475552578700604,11907.0,0.04148820021835895,0.011012647639658348,
Annual,1395.0,province_farsi,مرکزی,35832.0,0.038540968966287115,11907.0,0.02334761064919795,-0.015193358317089165,
Annual,1395.0,province_farsi,هرمزگان,35832.0,0.03628041973654834,11907.0,0.04039640547577056,0.004115985739222221,
Annual,1395.0,province_farsi,همدان,35832.0,0.03281982585398526,11907.0,0.024859326446628034,-0.007960499407357227,
Annual,1395.0,province_farsi,چهارمحال و بختیاری,35832.0,0.02483813351194463,11907.0,0.03980851599899219,0.01497038248704756,
Annual,1395.0,province_farsi,کردستان,35832.0,0.022940388479571333,11907.0,0.028470647518266567,0.005530259038695234,
Annual,1395.0,province_farsi,کرمان,35832.0,0.0322337575351641,11907.0,0.01797262114722432,-0.014261136387939782,
Annual,1395.0,province_farsi,کرمانشاه,35832.0,0.03326635409689663,11907.0,0.0387167212564038,0.005450367159507169,
Annual,1395.0,province_farsi,کهکیلویه و بویر احمد,35832.0,0.02813127930341594,11907.0,0.04283194759385236,0.014700668290436418,
Annual,1395.0,province_farsi,گلستان,35832.0,0.035080375083724046,11907.0,0.03821281599059377,0.0031324409068697254,
Annual,1395.0,province_farsi,گیلان,35832.0,0.03301518196025899,11907.0,0.031746031746031744,-0.0012691502142272437,
Annual,1395.0,province_farsi,یزد,35832.0,0.03295936592989507,11907.0,0.04064835810867557,0.007688992178780503,
Annual,1395.0,head_sex,Female,35832.0,0.14082384460817146,11907.0,0.1415973796926178,0.0007735350844463307,
Annual,1395.0,head_sex,Male,35832.0,0.8591761553918286,11907.0,0.8584026203073822,-0.0007735350844463307,
Annual,1395.0,head_education,<missing>,35832.0,0.2822058495199821,11907.0,0.3054505752918451,0.023244725771862984,
Annual,1395.0,head_education,Bachelors,35832.0,0.0533043089975441,11907.0,0.04140421600739061,-0.011900092990153488,
Annual,1395.0,head_education,Doctoral,35832.0,0.001925653047555258,11907.0,0.0011757789535567313,-0.0007498740939985266,
Annual,1395.0,head_education,Higher_Secondary,35832.0,0.012419066755972315,11907.0,0.011841773746535651,-0.0005772930094366645,
Annual,1395.0,head_education,Lower_Secondary,35832.0,0.15321500334896182,11907.0,0.14436885865457294,-0.00884614469438888,
Annual,1395.0,head_education,Masters,35832.0,0.01493078812234874,11907.0,0.01066599479297892,-0.004264793329369819,
Annual,1395.0,head_education,Pre_University,35832.0,0.13543759767805313,11907.0,0.11757789535567313,-0.017859702322380003,
Annual,1395.0,head_education,Primary,35832.0,0.27003795490064747,11907.0,0.291257243638196,0.021219288737548525,
Annual,1395.0,head_education,Short_Cycle_Tertiary,35832.0,0.029191783880330432,11907.0,0.024775342235659695,-0.004416441644670737,
Annual,1395.0,head_education,Unofficial,35832.0,0.0473319937486046,11907.0,0.051482321323591165,0.004150327574986568,
Annual,1395.0,commodity_purchase_rate,11112 | غلات,35832.0,0.0649140433132395,,,,
Annual,1395.0,commodity_purchase_rate,11112 | غلات,,,11907.0,0.0534979423868312,,
Annual,1395.0,commodity_purchase_rate,11115 | غلات,35832.0,0.0390991292699263,,,,
Annual,1395.0,commodity_purchase_rate,11115 | غلات,,,11907.0,0.0377089107247837,,
Annual,1395.0,commodity_purchase_rate,11117 | غلات,35832.0,0.4063686090645233,,,,
Annual,1395.0,commodity_purchase_rate,11117 | غلات,,,11907.0,0.4286554127823969,,
Annual,1395.0,commodity_purchase_rate,11151 | انواع نان,35832.0,0.4415048001786113,,,,
Annual,1395.0,commodity_purchase_rate,11151 | انواع نان,,,11907.0,0.448559670781893,,
Annual,1395.0,commodity_purchase_rate,11211 | گوشت دام,35832.0,0.3730185309220808,,,,
Annual,1395.0,commodity_purchase_rate,11211 | گوشت دام,,,11907.0,0.3668430335097001,,
Annual,1395.0,commodity_purchase_rate,11212 | گوشت دام,35832.0,0.2674704175039071,,,,
Annual,1395.0,commodity_purchase_rate,11212 | گوشت دام,,,11907.0,0.2499370118417737,,
Annual,1395.0,commodity_purchase_rate,11216 | گوشت دام,35832.0,0.0144842598794373,,,,
Annual,1395.0,commodity_purchase_rate,11216 | گوشت دام,,,11907.0,0.0151171579743008,,
Annual,1395.0,commodity_purchase_rate,11231 | گوشت پرندگان,35832.0,0.7726334003125698,,,,
Annual,1395.0,commodity_purchase_rate,11231 | گوشت پرندگان,,,11907.0,0.7774418409339044,,
Annual,1395.0,commodity_purchase_rate,11412 | شیر,35832.0,0.3504409466398749,,,,
Annual,1395.0,commodity_purchase_rate,11412 | شیر,,,11907.0,0.3631477282270933,,
Annual,1395.0,commodity_purchase_rate,11428 | فراورده\u200cهای شیری (به جز کره),35832.0,0.6367771824067873,,,,
Annual,1395.0,commodity_purchase_rate,11428 | فراورده\u200cهای شیری (به جز کره),,,11907.0,0.6343327454438565,,
Annual,1395.0,commodity_purchase_rate,11441 | تخم پرندگان,35832.0,0.8215561509265461,,,,
Annual,1395.0,commodity_purchase_rate,11441 | تخم پرندگان,,,11907.0,0.7963382884017804,,
Annual,1395.0,commodity_purchase_rate,11531 | روغن\u200cهای نباتی,35832.0,0.3937820942174592,,,,
Annual,1395.0,commodity_purchase_rate,11531 | روغن\u200cهای نباتی,,,11907.0,0.4300831443688586,,
Annual,1395.0,commodity_purchase_rate,11533 | روغن\u200cهای نباتی,35832.0,0.5544206296048225,,,,
Annual,1395.0,commodity_purchase_rate,11533 | روغن\u200cهای نباتی,,,11907.0,0.5325438817502309,,
Annual,1395.0,commodity_purchase_rate,11611 | میوه\u200cهای درختی,35832.0,0.6309723152489395,,,,
Annual,1395.0,commodity_purchase_rate,11611 | میوه\u200cهای درختی,,,11907.0,0.6137566137566137,,
Annual,1395.0,commodity_purchase_rate,11724 | سبزی\u200cهای بوته\u200cای,35832.0,0.9135130609511052,,,,
Annual,1395.0,commodity_purchase_rate,11724 | سبزی\u200cهای بوته\u200cای,,,11907.0,0.9144200890232635,,
Annual,1395.0,commodity_purchase_rate,11731 | سبزی\u200cهای ریشه\u200cای,35832.0,0.91998772047332,,,,
Annual,1395.0,commodity_purchase_rate,11731 | سبزی\u200cهای ریشه\u200cای,,,11907.0,0.9231544469639708,,
Annual,1395.0,commodity_purchase_rate,11732 | سبزی\u200cهای ریشه\u200cای,35832.0,0.8815583835677606,,,,
Annual,1395.0,commodity_purchase_rate,11732 | سبزی\u200cهای ریشه\u200cای,,,11907.0,0.8728479045939364,,
Annual,1395.0,commodity_purchase_rate,11811 | قند و شکر,35832.0,0.6841370841705738,,,,
Annual,1395.0,commodity_purchase_rate,11811 | قند و شکر,,,11907.0,0.7081548668850256,,
Annual,1395.0,commodity_purchase_rate,11921 | چاشنی\u200cها و سایر ترکیب\u200cهای خوراکی,35832.0,0.6836905559276625,,,,
Annual,1395.0,commodity_purchase_rate,11921 | چاشنی\u200cها و سایر ترکیب\u200cهای خوراکی,,,11907.0,0.6946334089191232,,
Annual,1395.0,commodity_purchase_rate,12112 | چای، قهوه و کاکائو,35832.0,0.5572393391382005,,,,
Annual,1395.0,commodity_purchase_rate,12112 | چای، قهوه و کاکائو,,,11907.0,0.5798269925254053,,
Annual,1396.0,household_count,,35529.0,35529.0,5761.0,5761.0,-29768.0,
Annual,1396.0,household_size,mean,35529.0,3.546961636972614,5761.0,3.608574900190939,0.061613263218325276,0.04019663262875281
Annual,1396.0,household_size_median,All_Cross_Section,35529.0,4.0,35529.0,,,
Annual,1396.0,household_size_median,Panel_B,5761.0,4.0,5761.0,,,
Annual,1396.0,head_age,mean,35529.0,52.03065101747868,5761.0,53.088699878493316,1.0580488610146332,0.06921758213462798
Annual,1396.0,head_age_median,All_Cross_Section,35529.0,50.0,35529.0,,,
Annual,1396.0,head_age_median,Panel_B,5761.0,52.0,5761.0,,,
Annual,1396.0,food_exp_observed_total,mean,35529.0,5535563.824859129,5761.0,5561944.447366776,26380.62250764668,0.0068340007341619454
Annual,1396.0,food_exp_observed_total_median,All_Cross_Section,35529.0,4789000.0,35529.0,,,
Annual,1396.0,food_exp_observed_total_median,Panel_B,5761.0,4841500.0,5761.0,,,
Annual,1396.0,n_food_items_positive,mean,35529.0,33.198232429846044,5761.0,32.998437771220274,-0.19979465862576973,-0.01753452275908355
Annual,1396.0,n_food_items_positive_median,All_Cross_Section,35529.0,33.0,35529.0,,,
Annual,1396.0,n_food_items_positive_median,Panel_B,5761.0,33.0,5761.0,,,
Annual,1396.0,n_food_items_purchased,mean,35529.0,32.287286442061415,5761.0,31.880923450789794,-0.4063629912716209,-0.03514290508574032
Annual,1396.0,n_food_items_purchased_median,All_Cross_Section,35529.0,32.0,35529.0,,,
Annual,1396.0,n_food_items_purchased_median,Panel_B,5761.0,31.0,5761.0,,,
Annual,1396.0,urban_rural,Rural,35529.0,0.5127360747558333,5761.0,0.5714285714285714,0.058692496672738126,
Annual,1396.0,urban_rural,Urban,35529.0,0.48726392524416673,5761.0,0.42857142857142855,-0.05869249667273818,
Annual,1396.0,province_farsi,آذربایجان شرقی,35529.0,0.03506994286357623,5761.0,0.030376670716889428,-0.004693272146686803,
Annual,1396.0,province_farsi,آذربایجان غربی,35529.0,0.026063215964423427,5761.0,0.022739107793785802,-0.003324108170637625,
Annual,1396.0,province_farsi,اردبیل,35529.0,0.027583101128655464,5761.0,0.04113869119944454,0.013555590070789079,
Annual,1396.0,province_farsi,اصفهان,35529.0,0.036252075769090036,5761.0,0.03107099461898976,-0.0051810811501002765,
Annual,1396.0,province_farsi,البرز,35529.0,0.024881083058909622,5761.0,0.013365735115431349,-0.011515347943478273,
Annual,1396.0,province_farsi,ایلام,35529.0,0.026597990374060628,5761.0,0.031591737545565005,0.0049937471715043764,
Annual,1396.0,province_farsi,بوشهر,35529.0,0.031636128233274226,5761.0,0.024301336573511544,-0.007334791659762682,
Annual,1396.0,province_farsi,تهران,35529.0,0.04973402009625939,5761.0,0.026557889255337613,-0.02317613084092178,
Annual,1396.0,province_farsi,خراسان جنوبی,35529.0,0.033887809958062426,5761.0,0.04443672973442111,0.010548919776358683,
Annual,1396.0,province_farsi,خراسان رضوی,35529.0,0.04159981986546202,5761.0,0.04599895851414685,0.004399138648684832,
Annual,1396.0,province_farsi,خراسان شمالی,35529.0,0.03780010695488193,5761.0,0.036278423884742235,-0.0015216830701396955,
Annual,1396.0,province_farsi,خوزستان,35529.0,0.03658982802780827,5761.0,0.022218364867210554,-0.014371463160597713,
Annual,1396.0,province_farsi,زنجان,35529.0,0.03045399532776042,5761.0,0.018746745356708904,-0.011707249971051516,
Annual,1396.0,province_farsi,سمنان,35529.0,0.024909229080469476,5761.0,0.012497830237805936,-0.01241139884266354,
Annual,1396.0,province_farsi,سیستان و بلوچستان,35529.0,0.03712460243744547,5761.0,0.04478389168547127,0.007659289248025801,
Annual,1396.0,province_farsi,فارس,35529.0,0.03819415125671986,5761.0,0.03836139559104322,0.0001672443343233576,
Annual,1396.0,province_farsi,قزوین,35529.0,0.027442371020856202,5761.0,0.03679916681131748,0.009356795790461277,
Annual,1396.0,province_farsi,قم,35529.0,0.027667539193335023,5761.0,0.018573164381183824,-0.0090943748121512,
Annual,1396.0,province_farsi,لرستان,35529.0,0.029609614680964846,5761.0,0.04183301510154487,0.012223400420580025,
Annual,1396.0,province_farsi,مازندران,35529.0,0.03011624306904219,5761.0,0.040791529248394374,0.010675286179352185,
Annual,1396.0,province_farsi,مرکزی,35529.0,0.038109713192040304,5761.0,0.02048255511195973,-0.017627158080080575,
Annual,1396.0,province_farsi,هرمزگان,35529.0,0.03734977060992429,5761.0,0.04339524388127061,0.006045473271346323,
Annual,1396.0,province_farsi,همدان,35529.0,0.030144389090602044,5761.0,0.025169241451136956,-0.004975147639465088,
Annual,1396.0,province_farsi,چهارمحال و بختیاری,35529.0,0.02372709617495567,5761.0,0.04113869119944454,0.01741159502448887,
Annual,1396.0,province_farsi,کردستان,35529.0,0.0229390075712798,5761.0,0.03055025169241451,0.007611244121134713,
Annual,1396.0,province_farsi,کرمان,35529.0,0.031410960060795405,5761.0,0.016837354625933,-0.014573605434862406,
Annual,1396.0,province_farsi,کرمانشاه,35529.0,0.03239607081539025,5761.0,0.03679916681131748,0.004403095995927232,
Annual,1396.0,province_farsi,کهکیلویه و بویر احمد,35529.0,0.02921557037912691,5761.0,0.047734768269397675,0.018519197890270764,
Annual,1396.0,province_farsi,گلستان,35529.0,0.035661009316333134,5761.0,0.037840652664467976,0.0021796433481348423,
Annual,1396.0,province_farsi,گیلان,35529.0,0.033409327591544934,5761.0,0.03471619510501649,0.0013068675134715532,
Annual,1396.0,province_farsi,یزد,35529.0,0.0324242168369501,5761.0,0.04287450095469537,0.010450284117745269,
Annual,1396.0,head_sex,Female,35529.0,0.14033606349742464,5761.0,0.14424579066134352,0.00390972716391888,
Annual,1396.0,head_sex,Male,35529.0,0.8596639365025753,5761.0,0.8557542093386565,-0.003909727163918797,
Annual,1396.0,head_education,<missing>,35529.0,0.2759154493512342,5761.0,0.29647630619684084,0.020560856845606656,
Annual,1396.0,head_education,Bachelors,35529.0,0.05412479945959638,5761.0,0.04061794827286929,-0.013506851186727092,
Annual,1396.0,head_education,Doctoral,35529.0,0.002082805595429086,5761.0,0.0020829717063009894,1.6611087190346666e-07,
Annual,1396.0,head_education,Higher_Secondary,35529.0,0.010779926257423513,5761.0,0.00781114389862871,-0.0029687823587948034,
Annual,1396.0,head_education,Lower_Secondary,35529.0,0.15542233105350559,5761.0,0.1454608574900191,-0.009961473563486478,
Annual,1396.0,head_education,Masters,35529.0,0.015621041965718147,5761.0,0.009720534629404616,-0.00590050733631353,
Annual,1396.0,head_education,Pre_University,35529.0,0.1426721832868924,5761.0,0.12914424579066133,-0.013527937496231074,
Annual,1396.0,head_education,Primary,35529.0,0.2684567536378733,5761.0,0.29231036278423883,0.02385360914636553,
Annual,1396.0,head_education,Short_Cycle_Tertiary,35529.0,0.02966590672408455,5761.0,0.023780593646936295,-0.005885313077148256,
Annual,1396.0,head_education,Unofficial,35529.0,0.045258802668242844,5761.0,0.05259503558409998,0.007336232915857138,
Annual,1396.0,commodity_purchase_rate,11112 | غلات,35529.0,0.0622589996903937,,,,
Annual,1396.0,commodity_purchase_rate,11112 | غلات,,,5761.0,0.0475611872938725,,
Annual,1396.0,commodity_purchase_rate,11115 | غلات,35529.0,0.0385600495369979,,,,
Annual,1396.0,commodity_purchase_rate,11115 | غلات,,,5761.0,0.0374934907134178,,
Annual,1396.0,commodity_purchase_rate,11117 | غلات,35529.0,0.4119170255284415,,,,
Annual,1396.0,commodity_purchase_rate,11117 | غلات,,,5761.0,0.4238847422322513,,
Annual,1396.0,commodity_purchase_rate,11151 | انواع نان,35529.0,0.4559936952911706,,,,
Annual,1396.0,commodity_purchase_rate,11151 | انواع نان,,,5761.0,0.4561708036799167,,
Annual,1396.0,commodity_purchase_rate,11211 | گوشت دام,35529.0,0.3528103802527513,,,,
Annual,1396.0,commodity_purchase_rate,11211 | گوشت دام,,,5761.0,0.3457733032459642,,
Annual,1396.0,commodity_purchase_rate,11212 | گوشت دام,35529.0,0.2616735624419488,,,,
Annual,1396.0,commodity_purchase_rate,11212 | گوشت دام,,,5761.0,0.2461378232945669,,
Annual,1396.0,commodity_purchase_rate,11216 | گوشت دام,35529.0,0.0139041346505671,,,,
Annual,1396.0,commodity_purchase_rate,11216 | گوشت دام,,,5761.0,0.0137128970664815,,
Annual,1396.0,commodity_purchase_rate,11231 | گوشت پرندگان,35529.0,0.790846913788736,,,,
Annual,1396.0,commodity_purchase_rate,11231 | گوشت پرندگان,,,5761.0,0.791529248394376,,
Annual,1396.0,commodity_purchase_rate,11412 | شیر,35529.0,0.3774381491176222,,,,
Annual,1396.0,commodity_purchase_rate,11412 | شیر,,,5761.0,0.3889949661517097,,
Annual,1396.0,commodity_purchase_rate,11428 | فراورده\u200cهای شیری (به جز کره),35529.0,0.6374792423090996,,,,
Annual,1396.0,commodity_purchase_rate,11428 | فراورده\u200cهای شیری (به جز کره),,,5761.0,0.641902447491755,,
Annual,1396.0,commodity_purchase_rate,11441 | تخم پرندگان,35529.0,0.8192181035210673,,,,
Annual,1396.0,commodity_purchase_rate,11441 | تخم پرندگان,,,5761.0,0.7908349244922757,,
Annual,1396.0,commodity_purchase_rate,11531 | روغن\u200cهای نباتی,35529.0,0.374229502659799,,,,
Annual,1396.0,commodity_purchase_rate,11531 | روغن\u200cهای نباتی,,,5761.0,0.3922930046866863,,
Annual,1396.0,commodity_purchase_rate,11533 | روغن\u200cهای نباتی,35529.0,0.5895184215711109,,,,
Annual,1396.0,commodity_purchase_rate,11533 | روغن\u200cهای نباتی,,,5761.0,0.5669154660649193,,
Annual,1396.0,commodity_purchase_rate,11611 | میوه\u200cهای درختی,35529.0,0.628050325086549,,,,
Annual,1396.0,commodity_purchase_rate,11611 | میوه\u200cهای درختی,,,5761.0,0.6073598333622635,,
Annual,1396.0,commodity_purchase_rate,11724 | سبزی\u200cهای بوته\u200cای,35529.0,0.9195586703819416,,,,
Annual,1396.0,commodity_purchase_rate,11724 | سبزی\u200cهای بوته\u200cای,,,5761.0,0.9229300468668634,,
Annual,1396.0,commodity_purchase_rate,11731 | سبزی\u200cهای ریشه\u200cای,35529.0,0.9298601142728476,,,,
Annual,1396.0,commodity_purchase_rate,11731 | سبزی\u200cهای ریشه\u200cای,,,5761.0,0.9354278771046692,,
Annual,1396.0,commodity_purchase_rate,11732 | سبزی\u200cهای ریشه\u200cای,35529.0,0.9020236989501534,,,,
Annual,1396.0,commodity_purchase_rate,11732 | سبزی\u200cهای ریشه\u200cای,,,5761.0,0.8979343863912516,,
Annual,1396.0,commodity_purchase_rate,11811 | قند و شکر,35529.0,0.6933490951054069,,,,
Annual,1396.0,commodity_purchase_rate,11811 | قند و شکر,,,5761.0,0.7132442284325637,,
Annual,1396.0,commodity_purchase_rate,11921 | چاشنی\u200cها و سایر ترکیب\u200cهای خوراکی,35529.0,0.7003011624306904,,,,
Annual,1396.0,commodity_purchase_rate,11921 | چاشنی\u200cها و سایر ترکیب\u200cهای خوراکی,,,5761.0,0.6964068738066308,,
Annual,1396.0,commodity_purchase_rate,12112 | چای، قهوه و کاکائو,35529.0,0.5694784542204959,,,,
Annual,1396.0,commodity_purchase_rate,12112 | چای، قهوه و کاکائو,,,5761.0,0.580975525082451,,
Annual,1397.0,household_count,,38859.0,38859.0,5968.0,5968.0,-32891.0,
Annual,1397.0,household_size,mean,38859.0,3.491391955531537,5968.0,3.604725201072386,0.11333324554084889,0.07569231121678854
Annual,1397.0,household_size_median,All_Cross_Section,38859.0,3.0,38859.0,,,
Annual,1397.0,household_size_median,Panel_B,5968.0,4.0,5968.0,,,
Annual,1397.0,head_age,mean,38859.0,50.4050541702051,5968.0,50.8696380697051,0.4645838994999991,0.02972495238678764
Annual,1397.0,head_age_median,All_Cross_Section,38859.0,48.0,38859.0,,,
Annual,1397.0,head_age_median,Panel_B,5968.0,49.0,5968.0,,,
Annual,1397.0,food_exp_observed_total,mean,38859.0,6791445.255616459,5968.0,6757738.085288203,-33707.17032825574,-0.006760931761745861
Annual,1397.0,food_exp_observed_total_median,All_Cross_Section,38859.0,5722000.0,38859.0,,,
Annual,1397.0,food_exp_observed_total_median,Panel_B,5968.0,5742250.0,5968.0,,,
Annual,1397.0,n_food_items_positive,mean,38859.0,31.39926400576443,5968.0,31.1546581769437,-0.24460582882073112,-0.021860219147031706
Annual,1397.0,n_food_items_positive_median,All_Cross_Section,38859.0,31.0,38859.0,,,
Annual,1397.0,n_food_items_positive_median,Panel_B,5968.0,31.0,5968.0,,,
Annual,1397.0,n_food_items_purchased,mean,38859.0,30.57420417406521,5968.0,30.154155495978554,-0.4200486780866548,-0.03707672047949728
Annual,1397.0,n_food_items_purchased_median,All_Cross_Section,38859.0,30.0,38859.0,,,
Annual,1397.0,n_food_items_purchased_median,Panel_B,5968.0,30.0,5968.0,,,
Annual,1397.0,urban_rural,Rural,38859.0,0.47726395429630203,5968.0,0.5417225201072386,0.06445856581093662,
Annual,1397.0,urban_rural,Urban,38859.0,0.522736045703698,5968.0,0.4582774798927614,-0.06445856581093662,
Annual,1397.0,province_farsi,آذربایجان شرقی,38859.0,0.032913868087187007,5968.0,0.02262064343163539,-0.010293224655551617,
Annual,1397.0,province_farsi,آذربایجان غربی,38859.0,0.02936256723024267,5968.0,0.020777479892761394,-0.008585087337481277,
Annual,1397.0,province_farsi,اردبیل,38859.0,0.024704701613525823,5968.0,0.031668900804289545,0.006964199190763722,
Annual,1397.0,province_farsi,اصفهان,38859.0,0.03443217787385162,5968.0,0.021280160857908847,-0.01315201701594277,
Annual,1397.0,province_farsi,البرز,38859.0,0.02467896754934507,5968.0,0.01390750670241287,-0.0107714608469322,
Annual,1397.0,province_farsi,ایلام,38859.0,0.02591420263002136,5968.0,0.03602546916890081,0.010111266538879449,
Annual,1397.0,province_farsi,بوشهر,38859.0,0.02871921562572377,5968.0,0.02044235924932976,-0.008276856376394012,
Annual,1397.0,province_farsi,تهران,38859.0,0.051982809645127255,5968.0,0.02697721179624665,-0.025005597848880606,
Annual,1397.0,province_farsi,خراسان جنوبی,38859.0,0.03489539102910523,5968.0,0.05160857908847185,0.01671318805936662,
Annual,1397.0,province_farsi,خراسان رضوی,38859.0,0.041354641138475,5968.0,0.03971179624664879,-0.0016428448918262076,
Annual,1397.0,province_farsi,خراسان شمالی,38859.0,0.03620782830232379,5968.0,0.03937667560321716,0.003168847300893368,
Annual,1397.0,province_farsi,خوزستان,38859.0,0.035615944826166396,5968.0,0.029993297587131366,-0.005622647239035029,
Annual,1397.0,province_farsi,زنجان,38859.0,0.02879641781826604,5968.0,0.022788203753351208,-0.006008214064914832,
Annual,1397.0,province_farsi,سمنان,38859.0,0.02467896754934507,5968.0,0.0160857908847185,-0.00859317666462657,
Annual,1397.0,province_farsi,سیستان و بلوچستان,38859.0,0.03813788311588049,5968.0,0.05445710455764075,0.016319221441760262,
Annual,1397.0,province_farsi,فارس,38859.0,0.03824081937260351,5968.0,0.044906166219839144,0.006665346847235631,
Annual,1397.0,province_farsi,قزوین,38859.0,0.02539952134640624,5968.0,0.03133378016085791,0.005934258814451671,
Annual,1397.0,province_farsi,قم,38859.0,0.023906945623922385,5968.0,0.016420911528150135,-0.00748603409577225,
Annual,1397.0,province_farsi,لرستان,38859.0,0.026917831133070846,5968.0,0.038036193029490614,0.011118361896419768,
Annual,1397.0,province_farsi,مازندران,38859.0,0.026403149849455725,5968.0,0.03300938337801609,0.006606233528560362,
Annual,1397.0,province_farsi,مرکزی,38859.0,0.036876913971023446,5968.0,0.013739946380697051,-0.023136967590326393,
Annual,1397.0,province_farsi,هرمزگان,38859.0,0.040273810442883244,5968.0,0.036193029490616625,-0.004080780952266619,
Annual,1397.0,province_farsi,همدان,38859.0,0.03504979541418976,5968.0,0.014075067024128687,-0.020974728390061072,
Annual,1397.0,province_farsi,چهارمحال و بختیاری,38859.0,0.029980184770580818,5968.0,0.05227882037533512,0.022298635604754303,
Annual,1397.0,province_farsi,کردستان,38859.0,0.02112766669240073,5968.0,0.027479892761394103,0.0063522260689933725,
Annual,1397.0,province_farsi,کرمان,38859.0,0.028050129957024113,5968.0,0.036528150134048254,0.008478020177024141,
Annual,1397.0,province_farsi,کرمانشاه,38859.0,0.03533287012017808,5968.0,0.032506702412868634,-0.0028261677073094446,
Annual,1397.0,province_farsi,کهکیلویه و بویر احمد,38859.0,0.02897655626753133,5968.0,0.04909517426273458,0.02011861799520325,
Annual,1397.0,province_farsi,گلستان,38859.0,0.04498314418796161,5968.0,0.05931635388739946,0.014333209699437854,
Annual,1397.0,province_farsi,گیلان,38859.0,0.033840294397694225,5968.0,0.028150134048257374,-0.005690160349436851,
Annual,1397.0,province_farsi,یزد,38859.0,0.03224478241848735,5968.0,0.03920911528150134,0.00696433286301399,
Annual,1397.0,head_sex,Female,38859.0,0.13142386577112122,5968.0,0.12902144772117963,-0.002402418049941596,
Annual,1397.0,head_sex,Male,38859.0,0.8685761342288788,5968.0,0.8709785522788204,0.002402418049941568,
Annual,1397.0,head_education,<missing>,38859.0,0.2402274891273579,5968.0,0.2593833780160858,0.019155888888727907,
Annual,1397.0,head_education,Bachelors,38859.0,0.06816953601482283,5968.0,0.052613941018766756,-0.01555559499605607,
Annual,1397.0,head_education,Doctoral,38859.0,0.0014153735299415836,5968.0,0.0006702412868632708,-0.0007451322430783128,
Annual,1397.0,head_education,Higher_Secondary,38859.0,0.014050799042692812,5968.0,0.01306970509383378,-0.0009810939488590319,
Annual,1397.0,head_education,Lower_Secondary,38859.0,0.1651869579762732,5968.0,0.17208445040214476,0.006897492425871565,
Annual,1397.0,head_education,Masters,38859.0,0.021899688617823414,5968.0,0.014410187667560321,-0.0074895009502630935,
Annual,1397.0,head_education,Pre_University,38859.0,0.16384878663887387,5968.0,0.15046916890080428,-0.013379617738069588,
Annual,1397.0,head_education,Primary,38859.0,0.27813376566561154,5968.0,0.3001005361930295,0.021966770527417967,
Annual,1397.0,head_education,Short_Cycle_Tertiary,38859.0,0.03443217787385162,5968.0,0.025971849865951743,-0.008460328007899875,
Annual,1397.0,head_education,Unofficial,38859.0,0.012635425512751229,5968.0,0.011226541554959786,-0.001408883957791443,
Annual,1397.0,commodity_purchase_rate,11112 | غلات,38859.0,0.0675004503461231,,,,
Annual,1397.0,commodity_purchase_rate,11112 | غلات,,,5968.0,0.0541219839142091,,
Annual,1397.0,commodity_purchase_rate,11115 | غلات,38859.0,0.0466301242955299,,,,
Annual,1397.0,commodity_purchase_rate,11115 | غلات,,,5968.0,0.0489276139410187,,
Annual,1397.0,commodity_purchase_rate,11117 | غلات,38859.0,0.3530198924316117,,,,
Annual,1397.0,commodity_purchase_rate,11117 | غلات,,,5968.0,0.3753351206434316,,
Annual,1397.0,commodity_purchase_rate,11151 | انواع نان,38859.0,0.477572763066471,,,,
Annual,1397.0,commodity_purchase_rate,11151 | انواع نان,,,5968.0,0.4777144772117963,,
Annual,1397.0,commodity_purchase_rate,11211 | گوشت دام,38859.0,0.2777734887670809,,,,
Annual,1397.0,commodity_purchase_rate,11211 | گوشت دام,,,5968.0,0.2610589812332439,,
Annual,1397.0,commodity_purchase_rate,11212 | گوشت دام,38859.0,0.2214930904037674,,,,
Annual,1397.0,commodity_purchase_rate,11212 | گوشت دام,,,5968.0,0.2009048257372654,,
Annual,1397.0,commodity_purchase_rate,11216 | گوشت دام,38859.0,0.0112457860469904,,,,
Annual,1397.0,commodity_purchase_rate,11216 | گوشت دام,,,5968.0,0.013739946380697,,
Annual,1397.0,commodity_purchase_rate,11231 | گوشت پرندگان,38859.0,0.7697830618389562,,,,
Annual,1397.0,commodity_purchase_rate,11231 | گوشت پرندگان,,,5968.0,0.7620643431635389,,
Annual,1397.0,commodity_purchase_rate,11412 | شیر,38859.0,0.3864741758665946,,,,
Annual,1397.0,commodity_purchase_rate,11412 | شیر,,,5968.0,0.4093498659517426,,
Annual,1397.0,commodity_purchase_rate,11428 | فراورده\u200cهای شیری (به جز کره),38859.0,0.6128567384647058,,,,
Annual,1397.0,commodity_purchase_rate,11428 | فراورده\u200cهای شیری (به جز کره),,,5968.0,0.6255026809651475,,
Annual,1397.0,commodity_purchase_rate,11441 | تخم پرندگان,38859.0,0.8144573972567487,,,,
Annual,1397.0,commodity_purchase_rate,11441 | تخم پرندگان,,,5968.0,0.7801608579088471,,
Annual,1397.0,commodity_purchase_rate,11531 | روغن\u200cهای نباتی,38859.0,0.3357523353663244,,,,
Annual,1397.0,commodity_purchase_rate,11531 | روغن\u200cهای نباتی,,,5968.0,0.3622654155495978,,
Annual,1397.0,commodity_purchase_rate,11533 | روغن\u200cهای نباتی,38859.0,0.6099487892122802,,,,
Annual,1397.0,commodity_purchase_rate,11533 | روغن\u200cهای نباتی,,,5968.0,0.5931635388739946,,
Annual,1397.0,commodity_purchase_rate,11611 | میوه\u200cهای درختی,38859.0,0.5360920250135104,,,,
Annual,1397.0,commodity_purchase_rate,11611 | میوه\u200cهای درختی,,,5968.0,0.5167560321715817,,
Annual,1397.0,commodity_purchase_rate,11724 | سبزی\u200cهای بوته\u200cای,38859.0,0.9048868987879256,,,,
Annual,1397.0,commodity_purchase_rate,11724 | سبزی\u200cهای بوته\u200cای,,,5968.0,0.9113605898123324,,
Annual,1397.0,commodity_purchase_rate,11731 | سبزی\u200cهای ریشه\u200cای,38859.0,0.9298232069790782,,,,
Annual,1397.0,commodity_purchase_rate,11731 | سبزی\u200cهای ریشه\u200cای,,,5968.0,0.9369973190348524,,
Annual,1397.0,commodity_purchase_rate,11732 | سبزی\u200cهای ریشه\u200cای,38859.0,0.8952623587843228,,,,
Annual,1397.0,commodity_purchase_rate,11732 | سبزی\u200cهای ریشه\u200cای,,,5968.0,0.8920911528150134,,
Annual,1397.0,commodity_purchase_rate,11811 | قند و شکر,38859.0,0.6467227669265807,,,,
Annual,1397.0,commodity_purchase_rate,11811 | قند و شکر,,,5968.0,0.6905160857908847,,
Annual,1397.0,commodity_purchase_rate,11921 | چاشنی\u200cها و سایر ترکیب\u200cهای خوراکی,38859.0,0.6795594328212254,,,,
Annual,1397.0,commodity_purchase_rate,11921 | چاشنی\u200cها و سایر ترکیب\u200cهای خوراکی,,,5968.0,0.6933646112600537,,
Annual,1397.0,commodity_purchase_rate,12112 | چای، قهوه و کاکائو,38859.0,0.5218096193931908,,,,
Annual,1397.0,commodity_purchase_rate,12112 | چای، قهوه و کاکائو,,,5968.0,0.5400469168900804,,
Annual,1398.0,household_count,,36829.0,36829.0,11719.0,11719.0,-25110.0,
Annual,1398.0,household_size,mean,36829.0,3.4642265605908387,11719.0,3.5579827630343885,0.09375620244354987,0.06313576259198238
Annual,1398.0,household_size_median,All_Cross_Section,36829.0,3.0,36829.0,,,
Annual,1398.0,household_size_median,Panel_B,11719.0,4.0,11719.0,,,
Annual,1398.0,head_age,mean,36829.0,51.726845692253384,11719.0,51.56037204539636,-0.16647364685702115,-0.01075504945832291
Annual,1398.0,head_age_median,All_Cross_Section,36829.0,50.0,36829.0,,,
Annual,1398.0,head_age_median,Panel_B,11719.0,50.0,11719.0,,,
Annual,1398.0,food_exp_observed_total,mean,36829.0,8586326.437915772,11719.0,8533196.884119805,-53129.55379596725,-0.008347294186413093
Annual,1398.0,food_exp_observed_total_median,All_Cross_Section,36829.0,7268400.0,36829.0,,,
Annual,1398.0,food_exp_observed_total_median,Panel_B,11719.0,7238000.0,11719.0,,,
Annual,1398.0,n_food_items_positive,mean,36829.0,29.99446088680116,11719.0,29.863725573854424,-0.13073531294673657,-0.012265031409070332
Annual,1398.0,n_food_items_positive_median,All_Cross_Section,36829.0,29.0,36829.0,,,
Annual,1398.0,n_food_items_positive_median,Panel_B,11719.0,29.0,11719.0,,,
Annual,1398.0,n_food_items_purchased,mean,36829.0,29.210404844008796,11719.0,28.95835822169127,-0.2520466223175255,-0.02343350297965341
Annual,1398.0,n_food_items_purchased_median,All_Cross_Section,36829.0,28.0,36829.0,,,
Annual,1398.0,n_food_items_purchased_median,Panel_B,11719.0,28.0,11719.0,,,
Annual,1398.0,urban_rural,Rural,36829.0,0.4870346737625241,11719.0,0.5344312654663367,0.04739659170381261,
Annual,1398.0,urban_rural,Urban,36829.0,0.5129653262374759,11719.0,0.46556873453366326,-0.04739659170381266,
Annual,1398.0,province_farsi,آذربایجان شرقی,36829.0,0.03320752667734666,11719.0,0.023039508490485538,-0.010168018186861121,
Annual,1398.0,province_farsi,آذربایجان غربی,36829.0,0.031877053408998345,11719.0,0.02073555764143698,-0.011141495767561363,
Annual,1398.0,province_farsi,اردبیل,36829.0,0.02362268864210269,11719.0,0.03148732827033023,0.007864639628227543,
Annual,1398.0,province_farsi,اصفهان,36829.0,0.03605854082380733,11719.0,0.023807492106835054,-0.012251048716972274,
Annual,1398.0,province_farsi,البرز,36829.0,0.02302533329712998,11719.0,0.010837102141820975,-0.012188231155309004,
Annual,1398.0,province_farsi,ایلام,36829.0,0.02622933014743816,11719.0,0.035327246352077825,0.009097916204639664,
Annual,1398.0,province_farsi,بوشهر,36829.0,0.029406174482065763,11719.0,0.023039508490485538,-0.006366665991580225,
Annual,1398.0,province_farsi,تهران,36829.0,0.049336120991609875,11719.0,0.025428790852461813,-0.023907330139148062,
Annual,1398.0,province_farsi,خراسان جنوبی,36829.0,0.03624860843357137,11719.0,0.04932161447222459,0.013073006038653225,
Annual,1398.0,province_farsi,خراسان رضوی,36829.0,0.04015857069157457,11719.0,0.03754586568819865,-0.0026127050033759244,
Annual,1398.0,province_farsi,خراسان شمالی,36829.0,0.03641152352765484,11719.0,0.041812441334584866,0.005400917806930028,
Annual,1398.0,province_farsi,خوزستان,36829.0,0.03687311629422466,11719.0,0.030378018602269817,-0.006495097691954846,
Annual,1398.0,province_farsi,زنجان,36829.0,0.02929756441934345,11719.0,0.023039508490485538,-0.006258055928857913,
Annual,1398.0,province_farsi,سمنان,36829.0,0.025224687067256783,11719.0,0.016212987456267598,-0.009011699610989184,
Annual,1398.0,province_farsi,سیستان و بلوچستان,36829.0,0.03820358956257297,11719.0,0.05188155986005632,0.013677970297483348,
Annual,1398.0,province_farsi,فارس,36829.0,0.03700887887262755,11719.0,0.04556702790340473,0.00855814903077718,
Annual,1398.0,province_farsi,قزوین,36829.0,0.025822042412229494,11719.0,0.03413260517108968,0.008310562758860187,
Annual,1398.0,province_farsi,قم,36829.0,0.02362268864210269,11719.0,0.01723696561140029,-0.006385723030702398,
Annual,1398.0,province_farsi,لرستان,36829.0,0.02663661788264683,11719.0,0.03933782745968086,0.012701209577034033,
Annual,1398.0,province_farsi,مازندران,36829.0,0.024627331722284068,11719.0,0.03259663793839065,0.00796930621610658,
Annual,1398.0,province_farsi,مرکزی,36829.0,0.03804067446848951,11719.0,0.015359672326990358,-0.02268100214149915,
Annual,1398.0,province_farsi,هرمزگان,36829.0,0.03882809742322626,11719.0,0.03541257786500555,-0.0034155195582207115,
Annual,1398.0,province_farsi,همدان,36829.0,0.03641152352765484,11719.0,0.012287737861592285,-0.024123785666062554,
Annual,1398.0,province_farsi,چهارمحال و بختیاری,36829.0,0.02943332699774634,11719.0,0.05418551070910487,0.02475218371135853,
Annual,1398.0,province_farsi,کردستان,36829.0,0.0203100817290722,11719.0,0.027476747162727196,0.0071666654336549965,
Annual,1398.0,province_farsi,کرمان,36829.0,0.031361155611067365,11719.0,0.038143186278692724,0.006782030667625359,
Annual,1398.0,province_farsi,کرمانشاه,36829.0,0.034972440196584215,11719.0,0.03259663793839065,-0.002375802258193567,
Annual,1398.0,province_farsi,کهکیلویه و بویر احمد,36829.0,0.027804176056911673,11719.0,0.048724293881730524,0.02092011782481885,
Annual,1398.0,province_farsi,گلستان,36829.0,0.04466588829455049,11719.0,0.057428108200358395,0.012762219905807906,
Annual,1398.0,province_farsi,گیلان,36829.0,0.033180374161666075,11719.0,0.02798873624029354,-0.005191637921372536,
Annual,1398.0,province_farsi,یزد,36829.0,0.03209427353444297,11719.0,0.03763119720112638,0.005536923666683409,
Annual,1398.0,head_sex,Female,36829.0,0.14274077493279752,11719.0,0.13891970304633502,-0.003821071886462496,
Annual,1398.0,head_sex,Male,36829.0,0.8572592250672024,11719.0,0.861080296953665,0.0038210718864625237,
Annual,1398.0,head_education,<missing>,36829.0,0.24559450433082625,11719.0,0.25505589214096763,0.009461387810141386,
Annual,1398.0,head_education,Bachelors,36829.0,0.06402563197480246,11719.0,0.05324686406689991,-0.010778767907902553,
Annual,1398.0,head_education,Doctoral,36829.0,0.002090743707404491,11719.0,0.0012799726939158632,-0.0008107710134886276,
Annual,1398.0,head_education,Higher_Secondary,36829.0,0.012761682369871569,11719.0,0.011605085758170493,-0.0011565966117010763,
Annual,1398.0,head_education,Lower_Secondary,36829.0,0.1611230280485487,11719.0,0.1638365048212305,0.0027134767726818,
Annual,1398.0,head_education,Masters,36829.0,0.020120014119308152,11719.0,0.016298318969195324,-0.0038216951501128284,
Annual,1398.0,head_education,Pre_University,36829.0,0.1599011648429227,11719.0,0.14890349005887873,-0.010997674784043954,
Annual,1398.0,head_education,Primary,36829.0,0.2903146976567379,11719.0,0.3071081150268794,0.016793417370141506,
Annual,1398.0,head_education,Short_Cycle_Tertiary,36829.0,0.033859187053680524,11719.0,0.030890007679836164,-0.0029691793738443606,
Annual,1398.0,head_education,Unofficial,36829.0,0.010209345895897256,11719.0,0.01177574878402594,0.001566402888128685,
Annual,1398.0,commodity_purchase_rate,11112 | غلات,36829.0,0.055689809660865,,,,
Annual,1398.0,commodity_purchase_rate,11112 | غلات,,,11719.0,0.0462496800068265,,
Annual,1398.0,commodity_purchase_rate,11115 | غلات,36829.0,0.042249314398979,,,,
Annual,1398.0,commodity_purchase_rate,11115 | غلات,,,11719.0,0.0466763375714651,,
Annual,1398.0,commodity_purchase_rate,11117 | غلات,36829.0,0.3561052431507779,,,,
Annual,1398.0,commodity_purchase_rate,11117 | غلات,,,11719.0,0.3873197371789402,,
Annual,1398.0,commodity_purchase_rate,11151 | انواع نان,36829.0,0.5128024111433924,,,,
Annual,1398.0,commodity_purchase_rate,11151 | انواع نان,,,11719.0,0.5045652359416333,,
Annual,1398.0,commodity_purchase_rate,11211 | گوشت دام,36829.0,0.2418474571669065,,,,
Annual,1398.0,commodity_purchase_rate,11211 | گوشت دام,,,11719.0,0.2200699718406007,,
Annual,1398.0,commodity_purchase_rate,11212 | گوشت دام,36829.0,0.1956881805099242,,,,
Annual,1398.0,commodity_purchase_rate,11212 | گوشت دام,,,11719.0,0.1771482208379554,,
Annual,1398.0,commodity_purchase_rate,11216 | گوشت دام,36829.0,0.0075755518748812,,,,
Annual,1398.0,commodity_purchase_rate,11216 | گوشت دام,,,11719.0,0.0083624882669169,,
Annual,1398.0,commodity_purchase_rate,11231 | گوشت پرندگان,36829.0,0.7926090852317467,,,,
Annual,1398.0,commodity_purchase_rate,11231 | گوشت پرندگان,,,11719.0,0.7835992832152914,,
Annual,1398.0,commodity_purchase_rate,11412 | شیر,36829.0,0.4272448342338917,,,,
Annual,1398.0,commodity_purchase_rate,11412 | شیر,,,11719.0,0.4420172369656114,,
Annual,1398.0,commodity_purchase_rate,11428 | فراورده\u200cهای شیری (به جز کره),36829.0,0.6100898748269027,,,,
Annual,1398.0,commodity_purchase_rate,11428 | فراورده\u200cهای شیری (به جز کره),,,11719.0,0.6258213158119293,,
Annual,1398.0,commodity_purchase_rate,11441 | تخم پرندگان,36829.0,0.8360531103206712,,,,
Annual,1398.0,commodity_purchase_rate,11441 | تخم پرندگان,,,11719.0,0.8173052308217424,,
Annual,1398.0,commodity_purchase_rate,11531 | روغن\u200cهای نباتی,36829.0,0.3024790246816367,,,,
Annual,1398.0,commodity_purchase_rate,11531 | روغن\u200cهای نباتی,,,11719.0,0.3272463520778223,,
Annual,1398.0,commodity_purchase_rate,11533 | روغن\u200cهای نباتی,36829.0,0.6489722772814901,,,,
Annual,1398.0,commodity_purchase_rate,11533 | روغن\u200cهای نباتی,,,11719.0,0.6408396620872088,,
Annual,1398.0,commodity_purchase_rate,11611 | میوه\u200cهای درختی,36829.0,0.5894811154253442,,,,
Annual,1398.0,commodity_purchase_rate,11611 | میوه\u200cهای درختی,,,11719.0,0.5817902551412236,,
Annual,1398.0,commodity_purchase_rate,11724 | سبزی\u200cهای بوته\u200cای,36829.0,0.8750441228379809,,,,
Annual,1398.0,commodity_purchase_rate,11724 | سبزی\u200cهای بوته\u200cای,,,11719.0,0.886423756293199,,
Annual,1398.0,commodity_purchase_rate,11731 | سبزی\u200cهای ریشه\u200cای,36829.0,0.9199815362893372,,,,
Annual,1398.0,commodity_purchase_rate,11731 | سبزی\u200cهای ریشه\u200cای,,,11719.0,0.9237989589555424,,
Annual,1398.0,commodity_purchase_rate,11732 | سبزی\u200cهای ریشه\u200cای,36829.0,0.8772163240924271,,,,
Annual,1398.0,commodity_purchase_rate,11732 | سبزی\u200cهای ریشه\u200cای,,,11719.0,0.8731973717894018,,
Annual,1398.0,commodity_purchase_rate,11811 | قند و شکر,36829.0,0.6279290776290424,,,,
Annual,1398.0,commodity_purchase_rate,11811 | قند و شکر,,,11719.0,0.6625138663708507,,
Annual,1398.0,commodity_purchase_rate,11921 | چاشنی\u200cها و سایر ترکیب\u200cهای خوراکی,36829.0,0.614895870102365,,,,
Annual,1398.0,commodity_purchase_rate,11921 | چاشنی\u200cها و سایر ترکیب\u200cهای خوراکی,,,11719.0,0.6456182268111613,,
Annual,1398.0,commodity_purchase_rate,12112 | چای، قهوه و کاکائو,36829.0,0.4893697901110538,,,,
Annual,1398.0,commodity_purchase_rate,12112 | چای، قهوه و کاکائو,,,11719.0,0.5059305401484768,,
Annual,1399.0,household_count,,36416.0,36416.0,16973.0,16973.0,-19443.0,
Annual,1399.0,household_size,mean,36416.0,3.444090509666081,16973.0,3.5240676368349733,0.07997712716889227,0.054384704327621915
Annual,1399.0,household_size_median,All_Cross_Section,36416.0,3.0,36416.0,,,
Annual,1399.0,household_size_median,Panel_B,16973.0,4.0,16973.0,,,
Annual,1399.0,head_age,mean,36416.0,51.94941783831283,16973.0,52.26277028221293,0.31335244390009365,0.02064656854315471
Annual,1399.0,head_age_median,All_Cross_Section,36416.0,50.0,36416.0,,,
Annual,1399.0,head_age_median,Panel_B,16973.0,51.0,16973.0,,,
Annual,1399.0,food_exp_observed_total,mean,36416.0,11740025.226466388,16973.0,11563774.855240677,-176250.37122571096,-0.021269448682730067
Annual,1399.0,food_exp_observed_total_median,All_Cross_Section,36416.0,9997300.0,36416.0,,,
Annual,1399.0,food_exp_observed_total_median,Panel_B,16973.0,9920000.0,16973.0,,,
Annual,1399.0,n_food_items_positive,mean,36416.0,29.42802614235501,16973.0,29.14034054085901,-0.28768560149599764,-0.027535485178960217
Annual,1399.0,n_food_items_positive_median,All_Cross_Section,36416.0,29.0,36416.0,,,
Annual,1399.0,n_food_items_positive_median,Panel_B,16973.0,28.0,16973.0,,,
Annual,1399.0,n_food_items_purchased,mean,36416.0,28.720068101933215,16973.0,28.29552819183409,-0.4245399100991243,-0.040222385233368595
Annual,1399.0,n_food_items_purchased_median,All_Cross_Section,36416.0,28.0,36416.0,,,
Annual,1399.0,n_food_items_purchased_median,Panel_B,16973.0,27.0,16973.0,,,
Annual,1399.0,urban_rural,Rural,36416.0,0.4893728031634446,16973.0,0.5388558298474047,0.04948302668396004,
Annual,1399.0,urban_rural,Urban,36416.0,0.5106271968365553,16973.0,0.4611441701525953,-0.04948302668396004,
Annual,1399.0,province_farsi,آذربایجان شرقی,36416.0,0.033803822495606324,16973.0,0.02315442172862782,-0.010649400766978505,
Annual,1399.0,province_farsi,آذربایجان غربی,36416.0,0.026526801405975395,16973.0,0.02115124020503152,-0.005375561200943874,
Annual,1399.0,province_farsi,اردبیل,36416.0,0.020979789103690687,16973.0,0.0260413598067519,0.005061570703061215,
Annual,1399.0,province_farsi,اصفهان,36416.0,0.0359457381370826,16973.0,0.024686266423142637,-0.011259471713939963,
Annual,1399.0,province_farsi,البرز,36416.0,0.023396309314586996,16973.0,0.010663995757968538,-0.012732313556618458,
Annual,1399.0,province_farsi,ایلام,36416.0,0.026746485061511425,16973.0,0.03464325693748895,0.007896771875977527,
Annual,1399.0,province_farsi,بوشهر,36416.0,0.02954745166959578,16973.0,0.024214929594061158,-0.005332522075534623,
Annual,1399.0,province_farsi,تهران,36416.0,0.05146089630931459,16973.0,0.025098686148588935,-0.026362210160725652,
Annual,1399.0,province_farsi,خراسان جنوبی,36416.0,0.0367146309314587,16973.0,0.04984386967536676,0.013129238743908062,
Annual,1399.0,province_farsi,خراسان رضوی,36416.0,0.03998242530755712,16973.0,0.03381841748659636,-0.006164007820960764,
Annual,1399.0,province_farsi,خراسان شمالی,36416.0,0.03742860281195079,16973.0,0.04271490013550934,0.00528629732355855,
Annual,1399.0,province_farsi,خوزستان,36416.0,0.03479239894551845,16973.0,0.028456961055794497,-0.0063354378897239536,
Annual,1399.0,province_farsi,زنجان,36416.0,0.030426186291739894,16973.0,0.02291875331408708,-0.007507432977652814,
Annual,1399.0,province_farsi,سمنان,36416.0,0.026911247803163445,16973.0,0.01567194956695929,-0.011239298236204155,
Annual,1399.0,province_farsi,سیستان و بلوچستان,36416.0,0.03915861159929701,16973.0,0.052141636717138985,0.012983025117841974,
Annual,1399.0,province_farsi,فارس,36416.0,0.037703207381370826,16973.0,0.04536616979909268,0.0076629624177218525,
Annual,1399.0,province_farsi,قزوین,36416.0,0.027213312829525483,16973.0,0.03464325693748895,0.007429944107963469,
Annual,1399.0,province_farsi,قم,36416.0,0.024357425307557117,16973.0,0.01755729688328522,-0.006800128424271898,
Annual,1399.0,province_farsi,لرستان,36416.0,0.02696616871704745,16973.0,0.04094738702645378,0.013981218309406327,
Annual,1399.0,province_farsi,مازندران,36416.0,0.025318541300527242,16973.0,0.03381841748659636,0.008499876186069115,
Annual,1399.0,province_farsi,مرکزی,36416.0,0.03910369068541301,16973.0,0.015436281152418548,-0.02366740953299446,
Annual,1399.0,province_farsi,هرمزگان,36416.0,0.0375384446397188,16973.0,0.03464325693748895,-0.002895187702229851,
Annual,1399.0,province_farsi,همدان,36416.0,0.030783172231985942,16973.0,0.01213692334884817,-0.018646248883137772,
Annual,1399.0,province_farsi,چهارمحال و بختیاری,36416.0,0.030645869947275924,16973.0,0.0540859011371001,0.023440031189824177,
Annual,1399.0,province_farsi,کردستان,36416.0,0.02045804042179262,16973.0,0.02704295056855005,0.006584910146757432,
Annual,1399.0,province_farsi,کرمان,36416.0,0.03287016695957821,16973.0,0.04177222647734637,0.008902059517768166,
Annual,1399.0,province_farsi,کرمانشاه,36416.0,0.033336994727592266,16973.0,0.03128498203028339,-0.002052012697308876,
Annual,1399.0,province_farsi,کهکیلویه و بویر احمد,36416.0,0.02899824253075571,16973.0,0.050668709126259356,0.021670466595503646,
Annual,1399.0,province_farsi,گلستان,36416.0,0.04539213532513181,16973.0,0.05720850762976492,0.011816372304633109,
Annual,1399.0,province_farsi,گیلان,36416.0,0.032375878734622145,16973.0,0.028280209744888943,-0.004095668989733202,
Annual,1399.0,province_farsi,یزد,36416.0,0.03311731107205624,16973.0,0.03988687916102045,0.006769568088964208,
Annual,1399.0,head_sex,Female,36416.0,0.1453207381370826,16973.0,0.14334531314440582,-0.0019754249926767775,
Annual,1399.0,head_sex,Male,36416.0,0.8546792618629174,16973.0,0.8566546868555942,0.0019754249926767775,
Annual,1399.0,head_education,<missing>,36416.0,0.22945957820738136,16973.0,0.2512225299004301,0.021762951693048732,
Annual,1399.0,head_education,Bachelors,36416.0,0.06587763620386643,16973.0,0.0556766629352501,-0.010200973268616326,
Annual,1399.0,head_education,Doctoral,36416.0,0.0020046133567662564,16973.0,0.001237259176338891,-0.0007673541804273654,
Annual,1399.0,head_education,Higher_Secondary,36416.0,0.011258787346221441,16973.0,0.01213692334884817,0.0008781360026267285,
Annual,1399.0,head_education,Lower_Secondary,36416.0,0.16687719683655536,16973.0,0.16479113886761326,-0.0020860579689420955,
Annual,1399.0,head_education,Masters,36416.0,0.021446616871704745,16973.0,0.01679137453602781,-0.004655242335676935,
Annual,1399.0,head_education,Pre_University,36416.0,0.16292289103690685,16973.0,0.1482943498497614,-0.01462854118714546,
Annual,1399.0,head_education,Primary,36416.0,0.297039762741652,16973.0,0.3101396335356154,0.013099870793963408,
Annual,1399.0,head_education,Short_Cycle_Tertiary,36416.0,0.0335841388400703,16973.0,0.030342308372120427,-0.003241830467949871,
Annual,1399.0,head_education,Unofficial,36416.0,0.00952877855887522,16973.0,0.009367819477994461,-0.00016095908088075914,
Annual,1399.0,commodity_purchase_rate,11112 | غلات,36416.0,0.0587653778558875,,,,
Annual,1399.0,commodity_purchase_rate,11112 | غلات,,,16973.0,0.0475461026335945,,
Annual,1399.0,commodity_purchase_rate,11115 | غلات,36416.0,0.0667289103690685,,,,
Annual,1399.0,commodity_purchase_rate,11115 | غلات,,,16973.0,0.0731161256112649,,
Annual,1399.0,commodity_purchase_rate,11117 | غلات,36416.0,0.3084358523725835,,,,
Annual,1399.0,commodity_purchase_rate,11117 | غلات,,,16973.0,0.3374182525187061,,
Annual,1399.0,commodity_purchase_rate,11151 | انواع نان,36416.0,0.5216663005272407,,,,
Annual,1399.0,commodity_purchase_rate,11151 | انواع نان,,,16973.0,0.5094561951334472,,
Annual,1399.0,commodity_purchase_rate,11211 | گوشت دام,36416.0,0.2787510984182776,,,,
Annual,1399.0,commodity_purchase_rate,11211 | گوشت دام,,,16973.0,0.2615919401402227,,
Annual,1399.0,commodity_purchase_rate,11212 | گوشت دام,36416.0,0.2275373462214411,,,,
Annual,1399.0,commodity_purchase_rate,11212 | گوشت دام,,,16973.0,0.2070347021740411,,
Annual,1399.0,commodity_purchase_rate,11216 | گوشت دام,36416.0,0.008457820738137,,,,
Annual,1399.0,commodity_purchase_rate,11216 | گوشت دام,,,16973.0,0.0093089023743592,,
Annual,1399.0,commodity_purchase_rate,11231 | گوشت پرندگان,36416.0,0.7841333479789103,,,,
Annual,1399.0,commodity_purchase_rate,11231 | گوشت پرندگان,,,16973.0,0.7801802863371237,,
Annual,1399.0,commodity_purchase_rate,11412 | شیر,36416.0,0.4362642794376098,,,,
Annual,1399.0,commodity_purchase_rate,11412 | شیر,,,16973.0,0.450892594120073,,
Annual,1399.0,commodity_purchase_rate,11428 | فراورده\u200cهای شیری (به جز کره),36416.0,0.6116816783831283,,,,
Annual,1399.0,commodity_purchase_rate,11428 | فراورده\u200cهای شیری (به جز کره),,,16973.0,0.629882754963766,,
Annual,1399.0,commodity_purchase_rate,11441 | تخم پرندگان,36416.0,0.8525922671353251,,,,
Annual,1399.0,commodity_purchase_rate,11441 | تخم پرندگان,,,16973.0,0.831791669121546,,
Annual,1399.0,commodity_purchase_rate,11531 | روغن\u200cهای نباتی,36416.0,0.2274000439367311,,,,
Annual,1399.0,commodity_purchase_rate,11531 | روغن\u200cهای نباتی,,,16973.0,0.2405585341424615,,
Annual,1399.0,commodity_purchase_rate,11533 | روغن\u200cهای نباتی,36416.0,0.6913719244288224,,,,
Annual,1399.0,commodity_purchase_rate,11533 | روغن\u200cهای نباتی,,,16973.0,0.6860896718317328,,
Annual,1399.0,commodity_purchase_rate,11611 | میوه\u200cهای درختی,36416.0,0.5500878734622144,,,,
Annual,1399.0,commodity_purchase_rate,11611 | میوه\u200cهای درختی,,,16973.0,0.5340246273493195,,
Annual,1399.0,commodity_purchase_rate,11724 | سبزی\u200cهای بوته\u200cای,36416.0,0.8937005711775043,,,,
Annual,1399.0,commodity_purchase_rate,11724 | سبزی\u200cهای بوته\u200cای,,,16973.0,0.9022565250692276,,
Annual,1399.0,commodity_purchase_rate,11731 | سبزی\u200cهای ریشه\u200cای,36416.0,0.921078646748682,,,,
Annual,1399.0,commodity_purchase_rate,11731 | سبزی\u200cهای ریشه\u200cای,,,16973.0,0.9293583927414129,,
Annual,1399.0,commodity_purchase_rate,11732 | سبزی\u200cهای ریشه\u200cای,36416.0,0.8950461335676626,,,,
Annual,1399.0,commodity_purchase_rate,11732 | سبزی\u200cهای ریشه\u200cای,,,16973.0,0.8900017675131091,,
Annual,1399.0,commodity_purchase_rate,11811 | قند و شکر,36416.0,0.6341717926186292,,,,
Annual,1399.0,commodity_purchase_rate,11811 | قند و شکر,,,16973.0,0.671537147233842,,
Annual,1399.0,commodity_purchase_rate,11921 | چاشنی\u200cها و سایر ترکیب\u200cهای خوراکی,36416.0,0.5925692003514939,,,,
Annual,1399.0,commodity_purchase_rate,11921 | چاشنی\u200cها و سایر ترکیب\u200cهای خوراکی,,,16973.0,0.6263477287456548,,
Annual,1399.0,commodity_purchase_rate,12112 | چای، قهوه و کاکائو,36416.0,0.4713862038664323,,,,
Annual,1399.0,commodity_purchase_rate,12112 | چای، قهوه و کاکائو,,,16973.0,0.4822954103576268,,
Annual,1400.0,household_count,,36646.0,36646.0,16261.0,16261.0,-20385.0,
Annual,1400.0,household_size,mean,36646.0,3.401981116629373,16261.0,3.458151405202632,0.0561702885732589,0.03841517608716626
Annual,1400.0,household_size_median,All_Cross_Section,36646.0,3.0,36646.0,,,
Annual,1400.0,household_size_median,Panel_B,16261.0,3.0,16261.0,,,
Annual,1400.0,head_age,mean,36646.0,52.47830595426513,16261.0,52.93235348379559,0.454047529530456,0.03034599885370741
Annual,1400.0,head_age_median,All_Cross_Section,36646.0,51.0,36646.0,,,
Annual,1400.0,head_age_median,Panel_B,16261.0,52.0,16261.0,,,
Annual,1400.0,food_exp_observed_total,mean,36646.0,17699855.842902362,16261.0,17253588.65531025,-446267.1875921115,-0.03722662868512394
Annual,1400.0,food_exp_observed_total_median,All_Cross_Section,36646.0,15110000.0,36646.0,,,
Annual,1400.0,food_exp_observed_total_median,Panel_B,16261.0,14839600.0,16261.0,,,
Annual,1400.0,n_food_items_positive,mean,36646.0,29.749440593789227,16261.0,29.586126314494802,-0.16331427929442555,-0.015013039518859015
Annual,1400.0,n_food_items_positive_median,All_Cross_Section,36646.0,29.0,36646.0,,,
Annual,1400.0,n_food_items_positive_median,Panel_B,16261.0,29.0,16261.0,,,
Annual,1400.0,n_food_items_purchased,mean,36646.0,29.100420236860778,16261.0,28.82313510854191,-0.2772851283188693,-0.025332423378891647
Annual,1400.0,n_food_items_purchased_median,All_Cross_Section,36646.0,28.0,36646.0,,,
Annual,1400.0,n_food_items_purchased_median,Panel_B,16261.0,28.0,16261.0,,,
Annual,1400.0,urban_rural,Rural,36646.0,0.48660153904928233,16261.0,0.5320091015312711,0.045407562481988795,
Annual,1400.0,urban_rural,Urban,36646.0,0.5133984609507177,16261.0,0.4679908984687289,-0.04540756248198885,
Annual,1400.0,province_farsi,آذربایجان شرقی,36646.0,0.03471047317578999,16261.0,0.022323350347457107,-0.012387122828332885,
Annual,1400.0,province_farsi,آذربایجان غربی,36646.0,0.03121759537193691,16261.0,0.020847426357542588,-0.010370169014394321,
Annual,1400.0,province_farsi,اردبیل,36646.0,0.024068111117175134,16261.0,0.025275198327286145,0.001207087210111011,
Annual,1400.0,province_farsi,اصفهان,36646.0,0.03424657534246575,16261.0,0.02619765082098272,-0.008048924521483033,
Annual,1400.0,province_farsi,البرز,36646.0,0.023604213283850897,16261.0,0.010208474263575426,-0.01339573902027547,
Annual,1400.0,province_farsi,ایلام,36646.0,0.026060142989685096,16261.0,0.03357727077055531,0.007517127780870218,
Annual,1400.0,province_farsi,بوشهر,36646.0,0.02925285160726955,16261.0,0.025029210995633724,-0.004223640611635826,
Annual,1400.0,province_farsi,تهران,36646.0,0.04999181356764722,16261.0,0.022692331344935736,-0.02729948222271148,
Annual,1400.0,province_farsi,خراسان جنوبی,36646.0,0.03580199748949408,16261.0,0.0506733903203985,0.014871392830904419,
Annual,1400.0,province_farsi,خراسان رضوی,36646.0,0.03918572286197675,16261.0,0.029948957628682122,-0.009236765233294631,
Annual,1400.0,province_farsi,خراسان شمالی,36646.0,0.03746657206789281,16261.0,0.039111985732734764,0.0016454136648419507,
Annual,1400.0,province_farsi,خوزستان,36646.0,0.03506521857774382,16261.0,0.025890166656417194,-0.009175051921326626,
Annual,1400.0,province_farsi,زنجان,36646.0,0.030289799705288434,16261.0,0.02496771416272062,-0.005322085542567814,
Annual,1400.0,province_farsi,سمنان,36646.0,0.026660481362222342,16261.0,0.015374208228276244,-0.011286273133946098,
Annual,1400.0,province_farsi,سیستان و بلوچستان,36646.0,0.037630300714948425,16261.0,0.05221081114322612,0.014580510428277696,
Annual,1400.0,province_farsi,فارس,36646.0,0.03782131746984664,16261.0,0.046307115183568046,0.008485797713721405,
Annual,1400.0,province_farsi,قزوین,36646.0,0.0261147192053703,16261.0,0.03695959658077609,0.010844877375405793,
Annual,1400.0,province_farsi,قم,36646.0,0.02412268733286034,16261.0,0.01691162905110387,-0.007211058281756472,
Annual,1400.0,province_farsi,لرستان,36646.0,0.02723353162691699,16261.0,0.042986286206260375,0.015752754579343387,
Annual,1400.0,province_farsi,مازندران,36646.0,0.026469464607324127,16261.0,0.03388475493512084,0.007415290327796711,
Annual,1400.0,province_farsi,مرکزی,36646.0,0.03719369098946679,16261.0,0.015435705061189348,-0.02175798592827744,
Annual,1400.0,province_farsi,هرمزگان,36646.0,0.03350979643071549,16261.0,0.0321628436135539,-0.0013469528171615938,
Annual,1400.0,province_farsi,همدان,36646.0,0.034137422911095346,16261.0,0.011192423590185106,-0.02294499932091024,
Annual,1400.0,province_farsi,چهارمحال و بختیاری,36646.0,0.030835561862140478,16261.0,0.055900621118012424,0.025065059255871946,
Annual,1400.0,province_farsi,کردستان,36646.0,0.021066419254488895,16261.0,0.026505134985548243,0.005438715731059349,
Annual,1400.0,province_farsi,کرمان,36646.0,0.03432843966599356,16261.0,0.04839800750261362,0.014069567836620056,
Annual,1400.0,province_farsi,کرمانشاه,36646.0,0.030835561862140478,16261.0,0.028780517803333128,-0.0020550440588073503,
Annual,1400.0,province_farsi,کهکیلویه و بویر احمد,36646.0,0.029307427822954757,16261.0,0.05282577947235717,0.023518351649402414,
Annual,1400.0,province_farsi,گلستان,36646.0,0.045298259018719644,16261.0,0.05547014328762069,0.010171884268901046,
Annual,1400.0,province_farsi,گیلان,36646.0,0.033236915352289474,16261.0,0.02890351146915934,-0.0043334038831301346,
Annual,1400.0,province_farsi,یزد,36646.0,0.033236915352289474,16261.0,0.04304778303917348,0.009810867686884009,
Annual,1400.0,head_sex,Female,36646.0,0.15136713420291437,16261.0,0.14802287682184367,-0.003344257381070692,
Annual,1400.0,head_sex,Male,36646.0,0.8486328657970856,16261.0,0.8519771231781563,0.003344257381070692,
Annual,1400.0,head_education,<missing>,36646.0,0.2251268897014681,16261.0,0.2494311542955538,0.02430426459408569,
Annual,1400.0,head_education,Bachelors,36646.0,0.06805654095944987,16261.0,0.056454092614230365,-0.0116024483452195,
Annual,1400.0,head_education,Doctoral,36646.0,0.0026196583528898107,16261.0,0.0012914334911752045,-0.0013282248617146062,
Annual,1400.0,head_education,Higher_Secondary,36646.0,0.011351852862522513,16261.0,0.01076194575979337,-0.0005899071027291418,
Annual,1400.0,head_education,Lower_Secondary,36646.0,0.16618457676144735,16261.0,0.16511899637168687,-0.0010655803897604843,
Annual,1400.0,head_education,Masters,36646.0,0.021721333842711348,16261.0,0.01691162905110387,-0.004809704791607479,
Annual,1400.0,head_education,Pre_University,36646.0,0.1655569502810675,16261.0,0.1509747248016727,-0.014582225479394806,
Annual,1400.0,head_education,Primary,36646.0,0.2987502046608088,16261.0,0.3077301518971773,0.008979947236368468,
Annual,1400.0,head_education,Short_Cycle_Tertiary,36646.0,0.03266386508759483,16261.0,0.0321628436135539,-0.0005010214740409288,
Annual,1400.0,head_education,Unofficial,36646.0,0.00796812749003984,16261.0,0.009163028104052642,0.0011949006140128011,
Annual,1400.0,commodity_purchase_rate,11112 | غلات,36646.0,0.0555858756753806,,,,
Annual,1400.0,commodity_purchase_rate,11112 | غلات,,,16261.0,0.0448311911936535,,
Annual,1400.0,commodity_purchase_rate,11115 | غلات,36646.0,0.062353326420346,,,,
Annual,1400.0,commodity_purchase_rate,11115 | غلات,,,16261.0,0.0742881741590308,,
Annual,1400.0,commodity_purchase_rate,11117 | غلات,36646.0,0.306554603503793,,,,
Annual,1400.0,commodity_purchase_rate,11117 | غلات,,,16261.0,0.3324518787282455,,
Annual,1400.0,commodity_purchase_rate,11151 | انواع نان,36646.0,0.5394313158325602,,,,
Annual,1400.0,commodity_purchase_rate,11151 | انواع نان,,,16261.0,0.5215546399360433,,
Annual,1400.0,commodity_purchase_rate,11211 | گوشت دام,36646.0,0.342711346395241,,,,
Annual,1400.0,commodity_purchase_rate,11211 | گوشت دام,,,16261.0,0.3348502552118566,,
Annual,1400.0,commodity_purchase_rate,11212 | گوشت دام,36646.0,0.2399989084756863,,,,
Annual,1400.0,commodity_purchase_rate,11212 | گوشت دام,,,16261.0,0.2189902220035668,,
Annual,1400.0,commodity_purchase_rate,11216 | گوشت دام,36646.0,0.0098237188233367,,,,
Annual,1400.0,commodity_purchase_rate,11216 | گوشت دام,,,16261.0,0.0098394932660967,,
Annual,1400.0,commodity_purchase_rate,11231 | گوشت پرندگان,36646.0,0.8148501882879441,,,,
Annual,1400.0,commodity_purchase_rate,11231 | گوشت پرندگان,,,16261.0,0.8188918270709058,,
Annual,1400.0,commodity_purchase_rate,11412 | شیر,36646.0,0.4426676854226928,,,,
Annual,1400.0,commodity_purchase_rate,11412 | شیر,,,16261.0,0.4577209273722403,,
Annual,1400.0,commodity_purchase_rate,11428 | فراورده\u200cهای شیری (به جز کره),36646.0,0.5994105768705998,,,,
Annual,1400.0,commodity_purchase_rate,11428 | فراورده\u200cهای شیری (به جز کره),,,16261.0,0.6234548920730583,,
Annual,1400.0,commodity_purchase_rate,11441 | تخم پرندگان,36646.0,0.8665065764339901,,,,
Annual,1400.0,commodity_purchase_rate,11441 | تخم پرندگان,,,16261.0,0.8465654018818031,,
Annual,1400.0,commodity_purchase_rate,11531 | روغن\u200cهای نباتی,36646.0,0.2376794193090651,,,,
Annual,1400.0,commodity_purchase_rate,11531 | روغن\u200cهای نباتی,,,16261.0,0.2377467560420638,,
Annual,1400.0,commodity_purchase_rate,11533 | روغن\u200cهای نباتی,36646.0,0.6845221852316761,,,,
Annual,1400.0,commodity_purchase_rate,11533 | روغن\u200cهای نباتی,,,16261.0,0.6927003259332144,,
Annual,1400.0,commodity_purchase_rate,11611 | میوه\u200cهای درختی,36646.0,0.6306554603503793,,,,
Annual,1400.0,commodity_purchase_rate,11611 | میوه\u200cهای درختی,,,16261.0,0.6149683291310497,,
Annual,1400.0,commodity_purchase_rate,11724 | سبزی\u200cهای بوته\u200cای,36646.0,0.9095126343939312,,,,
Annual,1400.0,commodity_purchase_rate,11724 | سبزی\u200cهای بوته\u200cای,,,16261.0,0.920300104544616,,
Annual,1400.0,commodity_purchase_rate,11731 | سبزی\u200cهای ریشه\u200cای,36646.0,0.9346722698248104,,,,
Annual,1400.0,commodity_purchase_rate,11731 | سبزی\u200cهای ریشه\u200cای,,,16261.0,0.9435459073857696,,
Annual,1400.0,commodity_purchase_rate,11732 | سبزی\u200cهای ریشه\u200cای,36646.0,0.9025541668940676,,,,
Annual,1400.0,commodity_purchase_rate,11732 | سبزی\u200cهای ریشه\u200cای,,,16261.0,0.9005596211795093,,
Annual,1400.0,commodity_purchase_rate,11811 | قند و شکر,36646.0,0.6329203733013153,,,,
Annual,1400.0,commodity_purchase_rate,11811 | قند و شکر,,,16261.0,0.6657032162843614,,
Annual,1400.0,commodity_purchase_rate,11921 | چاشنی\u200cها و سایر ترکیب\u200cهای خوراکی,36646.0,0.6323200349287781,,,,
Annual,1400.0,commodity_purchase_rate,11921 | چاشنی\u200cها و سایر ترکیب\u200cهای خوراکی,,,16261.0,0.6681630896008856,,
Annual,1400.0,commodity_purchase_rate,12112 | چای، قهوه و کاکائو,36646.0,0.4683730830104241,,,,
Annual,1400.0,commodity_purchase_rate,12112 | چای، قهوه و کاکائو,,,16261.0,0.468667363630773,,
Annual,1401.0,household_count,,36364.0,36364.0,15891.0,15891.0,-20473.0,
Annual,1401.0,household_size,mean,36364.0,3.3376966230337697,15891.0,3.397143036939148,0.059446413905378304,0.04089696382551488
Annual,1401.0,household_size_median,All_Cross_Section,36364.0,3.0,36364.0,,,
Annual,1401.0,household_size_median,Panel_B,15891.0,3.0,15891.0,,,
Annual,1401.0,head_age,mean,36364.0,53.20047299527005,15891.0,53.442011201308915,0.241538206038868,0.016208707653446335
Annual,1401.0,head_age_median,All_Cross_Section,36364.0,52.0,36364.0,,,
Annual,1401.0,head_age_median,Panel_B,15891.0,52.0,15891.0,,,
Annual,1401.0,food_exp_observed_total,mean,36364.0,27570186.46711033,15891.0,27205235.228557047,-364951.2385532819,-0.018703613114378875
Annual,1401.0,food_exp_observed_total_median,All_Cross_Section,36364.0,23760000.0,36364.0,,,
Annual,1401.0,food_exp_observed_total_median,Panel_B,15891.0,23570000.0,15891.0,,,
Annual,1401.0,n_food_items_positive,mean,36364.0,28.457870421295787,15891.0,28.43439682839343,-0.023473592902355733,-0.002197584360284941
Annual,1401.0,n_food_items_positive_median,All_Cross_Section,36364.0,28.0,36364.0,,,
Annual,1401.0,n_food_items_positive_median,Panel_B,15891.0,28.0,15891.0,,,
Annual,1401.0,n_food_items_purchased,mean,36364.0,27.853013969860303,15891.0,27.716569127178907,-0.13644484268139578,-0.012713029316664626
Annual,1401.0,n_food_items_purchased_median,All_Cross_Section,36364.0,27.0,36364.0,,,
Annual,1401.0,n_food_items_purchased_median,Panel_B,15891.0,27.0,15891.0,,,
Annual,1401.0,urban_rural,Rural,36364.0,0.48834011659883403,15891.0,0.5343276068214713,0.04598749022263726,
Annual,1401.0,urban_rural,Urban,36364.0,0.511659883401166,15891.0,0.4656723931785287,-0.04598749022263726,
Annual,1401.0,province_farsi,آذربایجان شرقی,36364.0,0.03445715542844571,15891.0,0.021836259517966146,-0.012620895910479567,
Annual,1401.0,province_farsi,آذربایجان غربی,36364.0,0.02986470135298647,15891.0,0.019382040148511737,-0.010482661204474733,
Annual,1401.0,province_farsi,اردبیل,36364.0,0.026262237377626223,15891.0,0.026618840853313196,0.0003566034756869729,
Annual,1401.0,province_farsi,اصفهان,36364.0,0.034787152128478716,15891.0,0.025423195519476433,-0.009363956609002282,
Annual,1401.0,province_farsi,البرز,36364.0,0.023787262127378726,15891.0,0.010697879302749983,-0.013089382824628742,
Annual,1401.0,province_farsi,ایلام,36364.0,0.024199758002419976,15891.0,0.032408281417154364,0.008208523414734388,
Annual,1401.0,province_farsi,بوشهر,36364.0,0.02991970080299197,15891.0,0.024668051098105846,-0.005251649704886122,
Annual,1401.0,province_farsi,تهران,36364.0,0.048427015729842704,15891.0,0.019633754955635265,-0.02879326077420744,
Annual,1401.0,province_farsi,خراسان جنوبی,36364.0,0.036657133428665716,15891.0,0.0517903215656661,0.015133188137000382,
Annual,1401.0,province_farsi,خراسان رضوی,36364.0,0.04036959630403696,15891.0,0.02756277138002643,-0.012806824924010533,
Annual,1401.0,province_farsi,خراسان شمالی,36364.0,0.03778462215377846,15891.0,0.03372978415455289,-0.004054837999225569,
Annual,1401.0,province_farsi,خوزستان,36364.0,0.034704652953470465,15891.0,0.025171480712352905,-0.00953317224111756,
Annual,1401.0,province_farsi,زنجان,36364.0,0.03019469805301947,15891.0,0.025989553835504373,-0.004205144217515097,
Annual,1401.0,province_farsi,سمنان,36364.0,0.025767242327576725,15891.0,0.016613177270152917,-0.009154065057423808,
Annual,1401.0,province_farsi,سیستان و بلوچستان,36364.0,0.03756462435375646,15891.0,0.052734252092379336,0.015169627738622876,
Annual,1401.0,province_farsi,فارس,36364.0,0.03715212847871521,15891.0,0.051161034547857275,0.014008906069142062,
Annual,1401.0,province_farsi,قزوین,36364.0,0.025959740402595972,15891.0,0.03838650808633818,0.012426767683742207,
Annual,1401.0,province_farsi,قم,36364.0,0.023814761852381475,15891.0,0.015417531936316153,-0.008397229916065322,
Annual,1401.0,province_farsi,لرستان,36364.0,0.027417225827741722,15891.0,0.042225158894972,0.014807933067230276,
Annual,1401.0,province_farsi,مازندران,36364.0,0.025959740402595972,15891.0,0.03486250078660877,0.008902760384012796,
Annual,1401.0,province_farsi,مرکزی,36364.0,0.03893961060389396,15891.0,0.015669246743439683,-0.02327036386045428,
Annual,1401.0,province_farsi,هرمزگان,36364.0,0.02934220657793422,15891.0,0.028569630608520545,-0.0007725759694136754,
Annual,1401.0,province_farsi,همدان,36364.0,0.03662963370366296,15891.0,0.011075451513435277,-0.025554182190227686,
Annual,1401.0,province_farsi,چهارمحال و بختیاری,36364.0,0.030992190078099217,15891.0,0.05776854823484991,0.026776358156750696,
Annual,1401.0,province_farsi,کردستان,36364.0,0.02120228797712023,15891.0,0.026492983449751432,0.005290695472631203,
Annual,1401.0,province_farsi,کرمان,36364.0,0.03511714882851171,15891.0,0.05361525391731169,0.018498105088799975,
Annual,1401.0,province_farsi,کرمانشاه,36364.0,0.03159718402815972,15891.0,0.026430054747970548,-0.00516712928018917,
Annual,1401.0,province_farsi,کهکیلویه و بویر احمد,36364.0,0.02972720272797272,15891.0,0.05531432886539551,0.025587126137422787,
Annual,1401.0,province_farsi,گلستان,36364.0,0.044164558354416454,15891.0,0.05292303819772198,0.00875847984330553,
Annual,1401.0,province_farsi,گیلان,36364.0,0.03390716092839072,15891.0,0.02869548801208231,-0.005211672916308408,
Annual,1401.0,province_farsi,یزد,36364.0,0.03332966670333297,15891.0,0.047133597633880815,0.013803930930547846,
Annual,1401.0,head_sex,<missing>,36364.0,5.4999450005499945e-05,15891.0,0.0,-5.4999450005499945e-05,
Annual,1401.0,head_sex,Female,36364.0,0.16175338246617535,15891.0,0.1536089610471336,-0.008144421419041759,
Annual,1401.0,head_sex,Male,36364.0,0.8381916180838191,15891.0,0.8463910389528664,0.008199420869047236,
Annual,1401.0,head_education,<missing>,36364.0,0.2303651963480365,15891.0,0.24347114719023347,0.013105950842196956,
Annual,1401.0,head_education,Bachelors,36364.0,0.06718182818171818,15891.0,0.059530551884714615,-0.007651276297003566,
Annual,1401.0,head_education,Doctoral,36364.0,0.0024749752502474976,15891.0,0.001447360140960292,-0.0010276151092872055,
Annual,1401.0,head_education,Higher_Secondary,36364.0,0.014079859201407986,15891.0,0.014662387514945566,0.0005825283135375801,
Annual,1401.0,head_education,Lower_Secondary,36364.0,0.16472335276647235,15891.0,0.1653766282801586,0.0006532755136862411,
Annual,1401.0,head_education,Masters,36364.0,0.021999780002199976,15891.0,0.016172676357686742,-0.005827103644513235,
Annual,1401.0,head_education,Pre_University,36364.0,0.16557584424155758,15891.0,0.15845447108426153,-0.0071213731572960515,
Annual,1401.0,head_education,Primary,36364.0,0.2957320426795732,15891.0,0.30444905921590837,0.008717016536335165,
Annual,1401.0,head_education,Short_Cycle_Tertiary,36364.0,0.03266967330326697,15891.0,0.03001699074948084,-0.0026526825537861315,
Annual,1401.0,head_education,Unofficial,36364.0,0.005197448025519745,15891.0,0.00641872758164999,0.0012212795561302456,
Annual,1401.0,commodity_purchase_rate,11112 | غلات,36364.0,0.0429270707292927,,,,
Annual,1401.0,commodity_purchase_rate,11112 | غلات,,,15891.0,0.0339814989616764,,
Annual,1401.0,commodity_purchase_rate,11115 | غلات,36364.0,0.0464195358046419,,,,
Annual,1401.0,commodity_purchase_rate,11115 | غلات,,,15891.0,0.052356679881694,,
Annual,1401.0,commodity_purchase_rate,11117 | غلات,36364.0,0.3257067429325707,,,,
Annual,1401.0,commodity_purchase_rate,11117 | غلات,,,15891.0,0.3515197281480083,,
Annual,1401.0,commodity_purchase_rate,11151 | انواع نان,36364.0,0.5308821911780882,,,,
Annual,1401.0,commodity_purchase_rate,11151 | انواع نان,,,15891.0,0.514693851865836,,
Annual,1401.0,commodity_purchase_rate,11211 | گوشت دام,36364.0,0.3513639863601364,,,,
Annual,1401.0,commodity_purchase_rate,11211 | گوشت دام,,,15891.0,0.3534705179032156,,
Annual,1401.0,commodity_purchase_rate,11212 | گوشت دام,36364.0,0.2191453085469145,,,,
Annual,1401.0,commodity_purchase_rate,11212 | گوشت دام,,,15891.0,0.2030079919451261,,
Annual,1401.0,commodity_purchase_rate,11216 | گوشت دام,36364.0,0.0112198878011219,,,,
Annual,1401.0,commodity_purchase_rate,11216 | گوشت دام,,,15891.0,0.0109495941098735,,
Annual,1401.0,commodity_purchase_rate,11231 | گوشت پرندگان,36364.0,0.8009294907050929,,,,
Annual,1401.0,commodity_purchase_rate,11231 | گوشت پرندگان,,,15891.0,0.8105216789377635,,
Annual,1401.0,commodity_purchase_rate,11412 | شیر,36364.0,0.4176658233417666,,,,
Annual,1401.0,commodity_purchase_rate,11412 | شیر,,,15891.0,0.4328236108489082,,
Annual,1401.0,commodity_purchase_rate,11428 | فراورده\u200cهای شیری (به جز کره),36364.0,0.5815916840831592,,,,
Annual,1401.0,commodity_purchase_rate,11428 | فراورده\u200cهای شیری (به جز کره),,,15891.0,0.6045560380089359,,
Annual,1401.0,commodity_purchase_rate,11441 | تخم پرندگان,36364.0,0.8625838741612584,,,,
Annual,1401.0,commodity_purchase_rate,11441 | تخم پرندگان,,,15891.0,0.844440249197659,,
Annual,1401.0,commodity_purchase_rate,11531 | روغن\u200cهای نباتی,36364.0,0.270789792102079,,,,
Annual,1401.0,commodity_purchase_rate,11531 | روغن\u200cهای نباتی,,,15891.0,0.2783965766786231,,
Annual,1401.0,commodity_purchase_rate,11533 | روغن\u200cهای نباتی,36364.0,0.5852766472335277,,,,
Annual,1401.0,commodity_purchase_rate,11533 | روغن\u200cهای نباتی,,,15891.0,0.5902082940028948,,
Annual,1401.0,commodity_purchase_rate,11611 | میوه\u200cهای درختی,36364.0,0.5579419205807942,,,,
Annual,1401.0,commodity_purchase_rate,11611 | میوه\u200cهای درختی,,,15891.0,0.5423824806494242,,
Annual,1401.0,commodity_purchase_rate,11724 | سبزی\u200cهای بوته\u200cای,36364.0,0.9118908810911892,,,,
Annual,1401.0,commodity_purchase_rate,11724 | سبزی\u200cهای بوته\u200cای,,,15891.0,0.9188849034044428,,
Annual,1401.0,commodity_purchase_rate,11731 | سبزی\u200cهای ریشه\u200cای,36364.0,0.932460675393246,,,,
Annual,1401.0,commodity_purchase_rate,11731 | سبزی\u200cهای ریشه\u200cای,,,15891.0,0.9366307973066516,,
Annual,1401.0,commodity_purchase_rate,11732 | سبزی\u200cهای ریشه\u200cای,36364.0,0.8862061379386206,,,,
Annual,1401.0,commodity_purchase_rate,11732 | سبزی\u200cهای ریشه\u200cای,,,15891.0,0.878170033352212,,
Annual,1401.0,commodity_purchase_rate,11811 | قند و شکر,36364.0,0.6167088329116709,,,,
Annual,1401.0,commodity_purchase_rate,11811 | قند و شکر,,,15891.0,0.6445786923415769,,
Annual,1401.0,commodity_purchase_rate,11921 | چاشنی\u200cها و سایر ترکیب\u200cهای خوراکی,36364.0,0.6323561764382356,,,,
Annual,1401.0,commodity_purchase_rate,11921 | چاشنی\u200cها و سایر ترکیب\u200cهای خوراکی,,,15891.0,0.6678623120005034,,
Annual,1401.0,commodity_purchase_rate,12112 | چای، قهوه و کاکائو,36364.0,0.4615828841711583,,,,
Annual,1401.0,commodity_purchase_rate,12112 | چای، قهوه و کاکائو,,,15891.0,0.4556038008935875,,
Annual,1402.0,household_count,,36023.0,36023.0,10614.0,10614.0,-25409.0,
Annual,1402.0,household_size,mean,36023.0,3.2751020181550676,10614.0,3.3517052948935366,0.076603276738469,0.052436185267290915
Annual,1402.0,household_size_median,All_Cross_Section,36023.0,3.0,36023.0,,,
Annual,1402.0,household_size_median,Panel_B,10614.0,3.0,10614.0,,,
Annual,1402.0,head_age,mean,36023.0,53.92807373067207,10614.0,54.15545505935557,0.22738132868349936,0.01533642292269519
Annual,1402.0,head_age_median,All_Cross_Section,36023.0,52.0,36023.0,,,
Annual,1402.0,head_age_median,Panel_B,10614.0,53.0,10614.0,,,
Annual,1402.0,food_exp_observed_total,mean,36023.0,37537584.805790745,10614.0,37551921.51158847,14336.705797724426,0.0005497854163349717
Annual,1402.0,food_exp_observed_total_median,All_Cross_Section,36023.0,32410000.0,36023.0,,,
Annual,1402.0,food_exp_observed_total_median,Panel_B,10614.0,32430000.0,10614.0,,,
Annual,1402.0,n_food_items_positive,mean,36023.0,28.730755350748133,10614.0,28.788863764838894,0.05810841409076062,0.005452001736091168
Annual,1402.0,n_food_items_positive_median,All_Cross_Section,36023.0,28.0,36023.0,,,
Annual,1402.0,n_food_items_positive_median,Panel_B,10614.0,28.0,10614.0,,,
Annual,1402.0,n_food_items_purchased,mean,36023.0,28.024123476667686,10614.0,27.956284153005466,-0.0678393236622199,-0.006314562317310203
Annual,1402.0,n_food_items_purchased_median,All_Cross_Section,36023.0,27.0,36023.0,,,
Annual,1402.0,n_food_items_purchased_median,Panel_B,10614.0,27.0,10614.0,,,
Annual,1402.0,urban_rural,Rural,36023.0,0.485550898037365,10614.0,0.5272281891840965,0.04167729114673152,
Annual,1402.0,urban_rural,Urban,36023.0,0.5144491019626349,10614.0,0.4727718108159035,-0.04167729114673141,
Annual,1402.0,province_farsi,آذربایجان شرقی,36023.0,0.035144213419204394,10614.0,0.020915771622385528,-0.014228441796818866,
Annual,1402.0,province_farsi,آذربایجان غربی,36023.0,0.027704522110873608,10614.0,0.017806670435274168,-0.00989785167559944,
Annual,1402.0,province_farsi,اردبیل,36023.0,0.027704522110873608,10614.0,0.03250423968343697,0.004799717572563363,
Annual,1402.0,province_farsi,اصفهان,36023.0,0.034672292701884905,10614.0,0.02496702468437912,-0.009705268017505785,
Annual,1402.0,province_farsi,البرز,36023.0,0.022457874135968687,10614.0,0.010834746561145657,-0.01162312757482303,
Annual,1402.0,province_farsi,ایلام,36023.0,0.025039558060128253,10614.0,0.03212737893348408,0.007087820873355827,
Annual,1402.0,province_farsi,بوشهر,36023.0,0.03048052633040002,10614.0,0.023648012059543998,-0.006832514270856023,
Annual,1402.0,province_farsi,تهران,36023.0,0.04569302945340477,10614.0,0.017335594497833052,-0.028357434955571716,
Annual,1402.0,province_farsi,خراسان جنوبی,36023.0,0.03636565527579602,10614.0,0.05210099868098737,0.01573534340519135,
Annual,1402.0,province_farsi,خراسان رضوی,36023.0,0.04227854426338728,10614.0,0.028641416996419825,-0.013637127266967454,
Annual,1402.0,province_farsi,خراسان شمالی,36023.0,0.03719845654165394,10614.0,0.028358771433955154,-0.008839685107698787,
Annual,1402.0,province_farsi,خوزستان,36023.0,0.03575493434750021,10614.0,0.025626530996796685,-0.010128403350703526,
Annual,1402.0,province_farsi,زنجان,36023.0,0.030841406878938455,10614.0,0.027699265121537593,-0.003142141757400862,
Annual,1402.0,province_farsi,سمنان,36023.0,0.026122199705743553,10614.0,0.017712455247785943,-0.00840974445795761,
Annual,1402.0,province_farsi,سیستان و بلوچستان,36023.0,0.038003497765316606,10614.0,0.05285472018089316,0.014851222415576557,
Annual,1402.0,province_farsi,فارس,36023.0,0.03778141742775449,10614.0,0.054550593555681176,0.016769176127926687,
Annual,1402.0,province_farsi,قزوین,36023.0,0.02598339949476723,10614.0,0.03975880912003015,0.01377540962526292,
Annual,1402.0,province_farsi,قم,36023.0,0.023568275823779253,10614.0,0.01394384774825702,-0.009624428075522233,
Annual,1402.0,province_farsi,لرستان,36023.0,0.02803764261721678,10614.0,0.041172036932353495,0.013134394315136716,
Annual,1402.0,province_farsi,مازندران,36023.0,0.025872359325986177,10614.0,0.03372903712078387,0.007856677794797696,
Annual,1402.0,province_farsi,مرکزی,36023.0,0.03928045970629875,10614.0,0.01573393631053326,-0.023546523395765493,
Annual,1402.0,province_farsi,هرمزگان,36023.0,0.026677400549648834,10614.0,0.026380252496702467,-0.0002971480529463666,
Annual,1402.0,province_farsi,همدان,36023.0,0.03594925464286706,10614.0,0.010269455436216319,-0.02567979920665074,
Annual,1402.0,province_farsi,چهارمحال و بختیاری,36023.0,0.032035088693334816,10614.0,0.059826644055021666,0.02779155536168685,
Annual,1402.0,province_farsi,کردستان,36023.0,0.021319712405962858,10614.0,0.026757113246655362,0.005437400840692504,
Annual,1402.0,province_farsi,کرمان,36023.0,0.03408933181578436,10614.0,0.05558696061805163,0.02149762880226727,
Annual,1402.0,province_farsi,کرمانشاه,36023.0,0.034061571773589094,10614.0,0.02553231580930846,-0.008529255964280634,
Annual,1402.0,province_farsi,کهکیلویه و بویر احمد,36023.0,0.028148682785997834,10614.0,0.05558696061805163,0.027438277832053794,
Annual,1402.0,province_farsi,گلستان,36023.0,0.044443827554617885,10614.0,0.05115884680610514,0.006715019251487257,
Annual,1402.0,province_farsi,گیلان,36023.0,0.03353413097187908,10614.0,0.028641416996419825,-0.004892713975459255,
Annual,1402.0,province_farsi,یزد,36023.0,0.03375621130944119,10614.0,0.04823817599397023,0.014481964684529038,
Annual,1402.0,head_sex,Female,36023.0,0.16769841490159065,10614.0,0.15978895798002637,-0.007909456921564278,
Annual,1402.0,head_sex,Male,36023.0,0.8323015850984093,10614.0,0.8402110420199737,0.007909456921564306,
Annual,1402.0,head_education,<missing>,36023.0,0.23143547178191712,10614.0,0.24439419634445073,0.012958724562533608,
Annual,1402.0,head_education,Bachelors,36023.0,0.06862282430669295,10614.0,0.059543998492557,-0.009078825814135945,
Annual,1402.0,head_education,Doctoral,36023.0,0.0019432029536684897,10614.0,0.0013190126248351234,-0.0006241903288333663,
Annual,1402.0,head_education,Higher_Secondary,36023.0,0.012963939705188351,10614.0,0.013849632560768797,0.0008856928555804455,
Annual,1402.0,head_education,Lower_Secondary,36023.0,0.16764289481720013,10614.0,0.17156585641605426,0.0039229615988541355,
Annual,1402.0,head_education,Masters,36023.0,0.021847153207672877,10614.0,0.016864518560391936,-0.00498263464728094,
Annual,1402.0,head_education,Pre_University,36023.0,0.1693640174333065,10614.0,0.1590352364801206,-0.010328780953185901,
Annual,1402.0,head_education,Primary,36023.0,0.2907586819531966,10614.0,0.29866214433766725,0.00790346238447065,
Annual,1402.0,head_education,Short_Cycle_Tertiary,36023.0,0.0318130083557727,10614.0,0.029112492933860937,-0.002700515421911763,
Annual,1402.0,head_education,Unofficial,36023.0,0.003608805485384338,10614.0,0.005652911249293386,0.0020441057639090485,
Annual,1402.0,commodity_purchase_rate,11112 | غلات,36023.0,0.0486078338839075,,,,
Annual,1402.0,commodity_purchase_rate,11112 | غلات,,,10614.0,0.0356133408705483,,
Annual,1402.0,commodity_purchase_rate,11115 | غلات,36023.0,0.0563806456985814,,,,
Annual,1402.0,commodity_purchase_rate,11115 | غلات,,,10614.0,0.0672696438665912,,
Annual,1402.0,commodity_purchase_rate,11117 | غلات,36023.0,0.2875940371429364,,,,
Annual,1402.0,commodity_purchase_rate,11117 | غلات,,,10614.0,0.314207650273224,,
Annual,1402.0,commodity_purchase_rate,11151 | انواع نان,36023.0,0.5220831135663326,,,,
Annual,1402.0,commodity_purchase_rate,11151 | انواع نان,,,10614.0,0.5041454682494818,,
Annual,1402.0,commodity_purchase_rate,11211 | گوشت دام,36023.0,0.3074979873969408,,,,
Annual,1402.0,commodity_purchase_rate,11211 | گوشت دام,,,10614.0,0.3170341058978707,,
Annual,1402.0,commodity_purchase_rate,11212 | گوشت دام,36023.0,0.1877689254087666,,,,
Annual,1402.0,commodity_purchase_rate,11212 | گوشت دام,,,10614.0,0.1802336536649708,,
Annual,1402.0,commodity_purchase_rate,11216 | گوشت دام,36023.0,0.0062460094939344,,,,
Annual,1402.0,commodity_purchase_rate,11216 | گوشت دام,,,10614.0,0.0064066327491991,,
Annual,1402.0,commodity_purchase_rate,11231 | گوشت پرندگان,36023.0,0.8040418621436305,,,,
Annual,1402.0,commodity_purchase_rate,11231 | گوشت پرندگان,,,10614.0,0.8111927642736009,,
Annual,1402.0,commodity_purchase_rate,11412 | شیر,36023.0,0.3902784332232185,,,,
Annual,1402.0,commodity_purchase_rate,11412 | شیر,,,10614.0,0.410495571886188,,
Annual,1402.0,commodity_purchase_rate,11428 | فراورده\u200cهای شیری (به جز کره),36023.0,0.6228520667351415,,,,
Annual,1402.0,commodity_purchase_rate,11428 | فراورده\u200cهای شیری (به جز کره),,,10614.0,0.6341624269832297,,
Annual,1402.0,commodity_purchase_rate,11441 | تخم پرندگان,36023.0,0.8597007467451351,,,,
Annual,1402.0,commodity_purchase_rate,11441 | تخم پرندگان,,,10614.0,0.8355002826455624,,
Annual,1402.0,commodity_purchase_rate,11531 | روغن\u200cهای نباتی,36023.0,0.2713266524165116,,,,
Annual,1402.0,commodity_purchase_rate,11531 | روغن\u200cهای نباتی,,,10614.0,0.2781232334652346,,
Annual,1402.0,commodity_purchase_rate,11533 | روغن\u200cهای نباتی,36023.0,0.5977569885906227,,,,
Annual,1402.0,commodity_purchase_rate,11533 | روغن\u200cهای نباتی,,,10614.0,0.5919540229885057,,
Annual,1402.0,commodity_purchase_rate,11611 | میوه\u200cهای درختی,36023.0,0.5530910806984427,,,,
Annual,1402.0,commodity_purchase_rate,11611 | میوه\u200cهای درختی,,,10614.0,0.5429621254946297,,
Annual,1402.0,commodity_purchase_rate,11724 | سبزی\u200cهای بوته\u200cای,36023.0,0.9171917941315272,,,,
Annual,1402.0,commodity_purchase_rate,11724 | سبزی\u200cهای بوته\u200cای,,,10614.0,0.921895609572263,,
Annual,1402.0,commodity_purchase_rate,11731 | سبزی\u200cهای ریشه\u200cای,36023.0,0.9345418205035672,,,,
Annual,1402.0,commodity_purchase_rate,11731 | سبزی\u200cهای ریشه\u200cای,,,10614.0,0.9365931788204258,,
Annual,1402.0,commodity_purchase_rate,11732 | سبزی\u200cهای ریشه\u200cای,36023.0,0.8896538322738251,,,,
Annual,1402.0,commodity_purchase_rate,11732 | سبزی\u200cهای ریشه\u200cای,,,10614.0,0.8775202562653099,,
Annual,1402.0,commodity_purchase_rate,11811 | قند و شکر,36023.0,0.592232740193765,,,,
Annual,1402.0,commodity_purchase_rate,11811 | قند و شکر,,,10614.0,0.6285095157339363,,
Annual,1402.0,commodity_purchase_rate,11921 | چاشنی\u200cها و سایر ترکیب\u200cهای خوراکی,36023.0,0.6191044610387808,,,,
Annual,1402.0,commodity_purchase_rate,11921 | چاشنی\u200cها و سایر ترکیب\u200cهای خوراکی,,,10614.0,0.6517806670435274,,
Annual,1402.0,commodity_purchase_rate,12112 | چای، قهوه و کاکائو,36023.0,0.4464647586264331,,,,
Annual,1402.0,commodity_purchase_rate,12112 | چای، قهوه و کاکائو,,,10614.0,0.4414923685698134,,
Annual,1403.0,household_count,,35733.0,35733.0,5367.0,5367.0,-30366.0,
Annual,1403.0,household_size,mean,35733.0,3.234265245011614,5367.0,3.307061673188001,0.0727964281763871,0.050749612625982085
Annual,1403.0,household_size_median,All_Cross_Section,35733.0,3.0,35733.0,,,
Annual,1403.0,household_size_median,Panel_B,5367.0,3.0,5367.0,,,
Annual,1403.0,head_age,mean,35733.0,54.45674866370022,5367.0,54.67896403950065,0.22221537580043105,0.015097701395715254
Annual,1403.0,head_age_median,All_Cross_Section,35733.0,53.0,35733.0,,,
Annual,1403.0,head_age_median,Panel_B,5367.0,53.0,5367.0,,,
Annual,1403.0,food_exp_observed_total,mean,35733.0,47216498.50040579,5367.0,48099552.050493754,883053.550087966,0.026485828961290776
Annual,1403.0,food_exp_observed_total_median,All_Cross_Section,35733.0,40302500.0,35733.0,,,
Annual,1403.0,food_exp_observed_total_median,Panel_B,5367.0,41025000.0,5367.0,,,
Annual,1403.0,n_food_items_positive,mean,35733.0,28.256513586880473,5367.0,28.573504751257687,0.31699116437721386,0.030302265948793438
Annual,1403.0,n_food_items_positive_median,All_Cross_Section,35733.0,27.0,35733.0,,,
Annual,1403.0,n_food_items_positive_median,Panel_B,5367.0,28.0,5367.0,,,
Annual,1403.0,n_food_items_purchased,mean,35733.0,27.457252399742536,5367.0,27.683994782932736,0.22674238319019935,0.02153324187989487
Annual,1403.0,n_food_items_purchased_median,All_Cross_Section,35733.0,27.0,35733.0,,,
Annual,1403.0,n_food_items_purchased_median,Panel_B,5367.0,27.0,5367.0,,,
Annual,1403.0,urban_rural,Rural,35733.0,0.4878963423166261,5367.0,0.5334451276318241,0.04554878531519796,
Annual,1403.0,urban_rural,Urban,35733.0,0.512103657683374,5367.0,0.4665548723681759,-0.04554878531519807,
Annual,1403.0,province_farsi,آذربایجان شرقی,35733.0,0.035205552290599726,5367.0,0.021427240544065584,-0.013778311746534141,
Annual,1403.0,province_farsi,آذربایجان غربی,35733.0,0.03179134133713934,5367.0,0.016396497111980622,-0.015394844225158716,
Annual,1403.0,province_farsi,اردبیل,35733.0,0.028796910418940475,5367.0,0.035587851686230666,0.006790941267290192,
Annual,1403.0,province_farsi,اصفهان,35733.0,0.033834270842078754,5367.0,0.02422209800633501,-0.009612172835743744,
Annual,1403.0,province_farsi,البرز,35733.0,0.02174460582654689,5367.0,0.008943543879262158,-0.012801061947284732,
Annual,1403.0,province_farsi,ایلام,35733.0,0.02504687543727087,5367.0,0.03130240357741755,0.006255528140146682,
Annual,1403.0,province_farsi,بوشهر,35733.0,0.031119693280720902,5367.0,0.024781069498788895,-0.006338623781932007,
Annual,1403.0,province_farsi,تهران,35733.0,0.04172613550499538,5367.0,0.014905906465436929,-0.026820229039558455,
Annual,1403.0,province_farsi,خراسان جنوبی,35733.0,0.03708056978143453,5367.0,0.04993478665921371,0.012854216877779184,
Annual,1403.0,province_farsi,خراسان رضوی,35733.0,0.041418296812470265,5367.0,0.02869386994596609,-0.012724426866504174,
Annual,1403.0,province_farsi,خراسان شمالی,35733.0,0.03738840847395965,5367.0,0.028880193776784052,-0.008508214697175595,
Annual,1403.0,province_farsi,خوزستان,35733.0,0.03646489239638429,5367.0,0.029066517607602014,-0.007398374788782278,
Annual,1403.0,province_farsi,زنجان,35733.0,0.031147678616405005,5367.0,0.025899012483696665,-0.00524866613270834,
Annual,1403.0,province_farsi,سمنان,35733.0,0.026558083564212354,5367.0,0.020122973728339856,-0.006435109835872498,
Annual,1403.0,province_farsi,سیستان و بلوچستان,35733.0,0.03727646713122324,5367.0,0.050493758151667595,0.013217291020444354,
Annual,1403.0,province_farsi,فارس,35733.0,0.038871631265217026,5367.0,0.06092789267747345,0.022056261412256424,
Annual,1403.0,province_farsi,قزوین,35733.0,0.02627823020737134,5367.0,0.04136389044158748,0.015085660234216144,
Annual,1403.0,province_farsi,قم,35733.0,0.02356365264601349,5367.0,0.01378796348052916,-0.00977568916548433,
Annual,1403.0,province_farsi,لرستان,35733.0,0.027341672963367196,5367.0,0.038382709148500095,0.0110410361851329,
Annual,1403.0,province_farsi,مازندران,35733.0,0.027145775613578484,5367.0,0.033910937208869014,0.006765161595290531,
Annual,1403.0,province_farsi,مرکزی,35733.0,0.03954327932163546,5367.0,0.017887087758524316,-0.021656191563111146,
Annual,1403.0,province_farsi,هرمزگان,35733.0,0.024067388688327317,5367.0,0.024594745667970933,0.0005273569796436159,
Annual,1403.0,province_farsi,همدان,35733.0,0.03582122967564996,5367.0,0.009875163033351966,-0.025946066642297996,
Annual,1403.0,province_farsi,چهارمحال و بختیاری,35733.0,0.03170738533008703,5367.0,0.061673188000745296,0.029965802670658265,
Annual,1403.0,province_farsi,کردستان,35733.0,0.019841603000027984,5367.0,0.02757592696105832,0.0077343239610303365,
Annual,1403.0,province_farsi,کرمان,35733.0,0.033554417485237735,5367.0,0.05477920626048072,0.021224788775242982,
Annual,1403.0,province_farsi,کرمانشاه,35733.0,0.034981669605126914,5367.0,0.026085336314514627,-0.008896333290612287,
Annual,1403.0,province_farsi,کهکیلویه و بویر احمد,35733.0,0.02834914504799485,5367.0,0.055524501583752564,0.027175356535757714,
Annual,1403.0,province_farsi,گلستان,35733.0,0.04500041978003526,5367.0,0.048071548351034096,0.003071128570998838,
Annual,1403.0,province_farsi,گیلان,35733.0,0.03335852013544902,5367.0,0.02757592696105832,-0.005782593174390702,
Annual,1403.0,province_farsi,یزد,35733.0,0.03397419752049926,5367.0,0.04732625302776225,0.01335205550726299,
Annual,1403.0,head_sex,<missing>,35733.0,2.7985335684101532e-05,5367.0,0.0001863238308179616,0.00015833849513386007,
Annual,1403.0,head_sex,Female,35733.0,0.17127025438670138,5367.0,0.1656418855971679,-0.005628368789533489,
Annual,1403.0,head_sex,Male,35733.0,0.8287017602776146,5367.0,0.8341717905720142,0.00547003029439963,
Annual,1403.0,head_education,<missing>,35733.0,0.23082304872246942,5367.0,0.23923979877026272,0.008416750047793298,
Annual,1403.0,head_education,Bachelors,35733.0,0.07057901659530406,5367.0,0.06484069312465064,-0.0057383234706534225,
Annual,1403.0,head_education,Doctoral,35733.0,0.002266812190412224,5367.0,0.0013042668157257314,-0.0009625453746864928,
Annual,1403.0,head_education,Higher_Secondary,35733.0,0.01553186130467635,5367.0,0.016582820942798584,0.0010509596381222345,
Annual,1403.0,head_education,Lower_Secondary,35733.0,0.1648056418436739,5367.0,0.17551704863051984,0.010711406786845928,
Annual,1403.0,head_education,Masters,35733.0,0.021800576497915093,5367.0,0.015464877957890814,-0.0063356985400242795,
Annual,1403.0,head_education,Pre_University,35733.0,0.16785604343324098,5367.0,0.1593068753493572,-0.008549168083883785,
Annual,1403.0,head_education,Primary,35733.0,0.2924747432345451,5367.0,0.2964412148313769,0.003966471596831833,
Annual,1403.0,head_education,Short_Cycle_Tertiary,35733.0,0.030951781266616293,5367.0,0.026830631637786474,-0.004121149628829819,
Annual,1403.0,head_education,Unofficial,35733.0,0.0029104749111465594,5367.0,0.004471771939631079,0.0015612970284845195,
Annual,1403.0,commodity_purchase_rate,11112 | غلات,35733.0,0.053479976492318,,,,
Annual,1403.0,commodity_purchase_rate,11112 | غلات,,,5367.0,0.038755356810136,,
Annual,1403.0,commodity_purchase_rate,11115 | غلات,35733.0,0.0752245823188649,,,,
Annual,1403.0,commodity_purchase_rate,11115 | غلات,,,5367.0,0.0898080864542575,,
Annual,1403.0,commodity_purchase_rate,11117 | غلات,35733.0,0.2744801723896678,,,,
Annual,1403.0,commodity_purchase_rate,11117 | غلات,,,5367.0,0.3005403391093721,,
Annual,1403.0,commodity_purchase_rate,11151 | انواع نان,35733.0,0.5422438642151513,,,,
Annual,1403.0,commodity_purchase_rate,11151 | انواع نان,,,5367.0,0.5274827650456494,,
Annual,1403.0,commodity_purchase_rate,11211 | گوشت دام,35733.0,0.2921109338706518,,,,
Annual,1403.0,commodity_purchase_rate,11211 | گوشت دام,,,5367.0,0.3147009502515371,,
Annual,1403.0,commodity_purchase_rate,11212 | گوشت دام,35733.0,0.1967369098592337,,,,
Annual,1403.0,commodity_purchase_rate,11212 | گوشت دام,,,5367.0,0.1827836780324203,,
Annual,1403.0,commodity_purchase_rate,11216 | گوشت دام,35733.0,0.004141829681247,,,,
Annual,1403.0,commodity_purchase_rate,11216 | گوشت دام,,,5367.0,0.0040991242779951,,
Annual,1403.0,commodity_purchase_rate,11231 | گوشت پرندگان,35733.0,0.8179553913749196,,,,
Annual,1403.0,commodity_purchase_rate,11231 | گوشت پرندگان,,,5367.0,0.8147941121669462,,
Annual,1403.0,commodity_purchase_rate,11412 | شیر,35733.0,0.3852181456916576,,,,
Annual,1403.0,commodity_purchase_rate,11412 | شیر,,,5367.0,0.412520961430967,,
Annual,1403.0,commodity_purchase_rate,11428 | فراورده\u200cهای شیری (به جز کره),35733.0,0.6153695463577086,,,,
Annual,1403.0,commodity_purchase_rate,11428 | فراورده\u200cهای شیری (به جز کره),,,5367.0,0.6320104341345258,,
Annual,1403.0,commodity_purchase_rate,11441 | تخم پرندگان,35733.0,0.858590098788235,,,,
Annual,1403.0,commodity_purchase_rate,11441 | تخم پرندگان,,,5367.0,0.839761505496553,,
Annual,1403.0,commodity_purchase_rate,11531 | روغن\u200cهای نباتی,35733.0,0.2429406990736854,,,,
Annual,1403.0,commodity_purchase_rate,11531 | روغن\u200cهای نباتی,,,5367.0,0.2420346562325321,,
Annual,1403.0,commodity_purchase_rate,11533 | روغن\u200cهای نباتی,35733.0,0.5973749755128313,,,,
Annual,1403.0,commodity_purchase_rate,11533 | روغن\u200cهای نباتی,,,5367.0,0.6141233463760015,,
Annual,1403.0,commodity_purchase_rate,11611 | میوه\u200cهای درختی,35733.0,0.5481767553801807,,,,
Annual,1403.0,commodity_purchase_rate,11611 | میوه\u200cهای درختی,,,5367.0,0.5407117570337246,,
Annual,1403.0,commodity_purchase_rate,11724 | سبزی\u200cهای بوته\u200cای,35733.0,0.90904765902667,,,,
Annual,1403.0,commodity_purchase_rate,11724 | سبزی\u200cهای بوته\u200cای,,,5367.0,0.922675610210546,,
Annual,1403.0,commodity_purchase_rate,11731 | سبزی\u200cهای ریشه\u200cای,35733.0,0.9359975372904598,,,,
Annual,1403.0,commodity_purchase_rate,11731 | سبزی\u200cهای ریشه\u200cای,,,5367.0,0.9403763741382524,,
Annual,1403.0,commodity_purchase_rate,11732 | سبزی\u200cهای ریشه\u200cای,35733.0,0.8976856127389248,,,,
Annual,1403.0,commodity_purchase_rate,11732 | سبزی\u200cهای ریشه\u200cای,,,5367.0,0.8872740823551333,,
Annual,1403.0,commodity_purchase_rate,11811 | قند و شکر,35733.0,0.5658914728682171,,,,
Annual,1403.0,commodity_purchase_rate,11811 | قند و شکر,,,5367.0,0.6087199552822806,,
Annual,1403.0,commodity_purchase_rate,11921 | چاشنی\u200cها و سایر ترکیب\u200cهای خوراکی,35733.0,0.607757535051633,,,,
Annual,1403.0,commodity_purchase_rate,11921 | چاشنی\u200cها و سایر ترکیب\u200cهای خوراکی,,,5367.0,0.6463573691075089,,
Annual,1403.0,commodity_purchase_rate,12112 | چای، قهوه و کاکائو,35733.0,0.4310301402065318,,,,
Annual,1403.0,commodity_purchase_rate,12112 | چای، قهوه و کاکائو,,,5367.0,0.4374883547605738,,
Pooled,,household_count,,438577.0,438577.0,138621.0,138621.0,-299956.0,
Pooled,,household_size,mean,438577.0,3.4747968999742347,138621.0,3.555615671507203,0.08081877153296846,0.05333948613378158
Pooled,,household_size_median,All_Cross_Section,438577.0,3.0,438577.0,,,
Pooled,,household_size_median,Panel_B,138621.0,4.0,138621.0,,,
Pooled,,head_age,mean,438576.0,51.75903834227135,138621.0,52.279806089986366,0.5207677477150128,0.03386567473382869
Pooled,,head_age_median,All_Cross_Section,438577.0,50.0,438577.0,,,
Pooled,,head_age_median,Panel_B,138621.0,51.0,138621.0,,,
Pooled,,food_exp_observed_total,mean,438577.0,14992782.324682826,138621.0,14269271.059524026,-723511.2651588004,-0.0381807599039129
Pooled,,food_exp_observed_total_median,All_Cross_Section,438577.0,7313000.0,438577.0,,,
Pooled,,food_exp_observed_total_median,Panel_B,138621.0,7735500.0,138621.0,,,
Pooled,,n_food_items_positive,mean,438577.0,30.50544374191989,138621.0,30.29575605427749,-0.20968768764240053,-0.01902779217302742
Pooled,,n_food_items_positive_median,All_Cross_Section,438577.0,30.0,438577.0,,,
Pooled,,n_food_items_positive_median,Panel_B,138621.0,30.0,138621.0,,,
Pooled,,n_food_items_purchased,mean,438577.0,29.69896278190603,138621.0,29.368493951132944,-0.33046883077308564,-0.029730219821677045
Pooled,,n_food_items_purchased_median,All_Cross_Section,438577.0,29.0,438577.0,,,
Pooled,,n_food_items_purchased_median,Panel_B,138621.0,29.0,138621.0,,,
Pooled,,urban_rural,Rural,438577.0,0.4964943442086566,138621.0,0.5515181682429069,0.05502382403425027,
Pooled,,urban_rural,Urban,438577.0,0.5035056557913433,138621.0,0.4484818317570931,-0.05502382403425021,
Pooled,,province_farsi,آذربایجان شرقی,438577.0,0.034057873531899756,138621.0,0.026287503336435317,-0.0077703701954644384,
Pooled,,province_farsi,آذربایجان غربی,438577.0,0.029135134765388974,138621.0,0.022846466264130255,-0.006288668501258719,
Pooled,,province_farsi,اردبیل,438577.0,0.026453735604010244,138621.0,0.03376111844525721,0.007307382841246969,
Pooled,,province_farsi,اصفهان,438577.0,0.03587511429007905,138621.0,0.02856710022290995,-0.007308014067169102,
Pooled,,province_farsi,البرز,438577.0,0.023918262927604503,138621.0,0.013187035153403885,-0.010731227774200618,
Pooled,,province_farsi,ایلام,438577.0,0.026143641823442632,138621.0,0.0313516711032239,0.005208029279781267,
Pooled,,province_farsi,بوشهر,438577.0,0.030001573269916114,138621.0,0.025970091111736315,-0.0040314821581797985,
Pooled,,province_farsi,تهران,438577.0,0.048429352200411786,138621.0,0.02633800073581925,-0.022091351464592537,
Pooled,,province_farsi,خراسان جنوبی,438577.0,0.035640263853325645,138621.0,0.05043968807035009,0.014799424217024446,
Pooled,,province_farsi,خراسان رضوی,438577.0,0.041520645177471685,138621.0,0.0374113590292957,-0.004109286148175982,
Pooled,,province_farsi,خراسان شمالی,438577.0,0.03714285062828192,138621.0,0.03813275044906616,0.0009898998207842416,
Pooled,,province_farsi,خوزستان,438577.0,0.03579759084493715,138621.0,0.025356908404931433,-0.010440682440005719,
Pooled,,province_farsi,زنجان,438577.0,0.030120138538956672,138621.0,0.021822090448056213,-0.00829804809090046,
Pooled,,province_farsi,سمنان,438577.0,0.02568534145657433,138621.0,0.01618802345964897,-0.00949731799692536,
Pooled,,province_farsi,سیستان و بلوچستان,438577.0,0.03752362755000832,138621.0,0.04961008793761407,0.012086460387605746,
Pooled,,province_farsi,فارس,438577.0,0.03771971626419078,138621.0,0.04365139481031013,0.005931678546119347,
Pooled,,province_farsi,قزوین,438577.0,0.026430934590733212,138621.0,0.035687233536044326,0.009256298945311114,
Pooled,,province_farsi,قم,438577.0,0.025279483420243196,138621.0,0.016209665202242086,-0.00906981821800111,
Pooled,,province_farsi,لرستان,438577.0,0.028077167749334782,138621.0,0.03856558530092843,0.010488417551593646,
Pooled,,province_farsi,مازندران,438577.0,0.02749346180944281,138621.0,0.03674767892310689,0.009254217113664077,
Pooled,,province_farsi,مرکزی,438577.0,0.0382646604815118,138621.0,0.018936524768974398,-0.019328135712537404,
Pooled,,province_farsi,هرمزگان,438577.0,0.03453897491204509,138621.0,0.03431658983848046,-0.0002223850735646321,
Pooled,,province_farsi,همدان,438577.0,0.03343996607209224,138621.0,0.017176329704734494,-0.01626363636735775,
Pooled,,province_farsi,چهارمحال و بختیاری,438577.0,0.028337099300692923,138621.0,0.049155611343158684,0.02081851204246576,
Pooled,,province_farsi,کردستان,438577.0,0.02164728200521231,138621.0,0.02659770164693661,0.0049504196417243,
Pooled,,province_farsi,کرمان,438577.0,0.03280837800431851,138621.0,0.03630763015704691,0.0034992521527284007,
Pooled,,province_farsi,کرمانشاه,438577.0,0.03331684060039628,138621.0,0.032505897374856624,-0.0008109432255396579,
Pooled,,province_farsi,کهکیلویه و بویر احمد,438577.0,0.028681394601176077,138621.0,0.04817451901227087,0.019493124411094794,
Pooled,,province_farsi,گلستان,438577.0,0.040836614779160785,138621.0,0.04803745464251448,0.007200839863353695,
Pooled,,province_farsi,گیلان,438577.0,0.033093390670281386,138621.0,0.029201924672307946,-0.00389146599797344,
Pooled,,province_farsi,یزد,438577.0,0.03258948827685902,138621.0,0.04145836489420795,0.008868876617348927,
Pooled,,head_sex,<missing>,438577.0,9.120405310812013e-06,138621.0,7.213914197704533e-06,-1.9064911131074806e-06,
Pooled,,head_sex,Female,438577.0,0.1450212847458941,138621.0,0.14233774103490812,-0.002683543710985975,
Pooled,,head_sex,Male,438577.0,0.8549695948487951,138621.0,0.8576550450508942,0.0026854502020990934,
Pooled,,commodity_purchase_rate,11112 | غلات,38241.0,0.0410554117308647,,,,
Pooled,,commodity_purchase_rate,11112 | غلات,,,6699.0,0.0392595909837289,,
Pooled,,commodity_purchase_rate,11115 | غلات,38241.0,0.032347480452917,,,,
Pooled,,commodity_purchase_rate,11115 | غلات,,,6699.0,0.0285117181668905,,
Pooled,,commodity_purchase_rate,11117 | غلات,38241.0,0.4225569415025758,,,,
Pooled,,commodity_purchase_rate,11117 | غلات,,,6699.0,0.4305120167189132,,
Pooled,,commodity_purchase_rate,11151 | انواع نان,38241.0,0.3761669412410763,,,,
Pooled,,commodity_purchase_rate,11151 | انواع نان,,,6699.0,0.38722197342887,,
Pooled,,commodity_purchase_rate,11211 | گوشت دام,38241.0,0.3337778823775529,,,,
Pooled,,commodity_purchase_rate,11211 | گوشت دام,,,6699.0,0.3249738766980146,,
Pooled,,commodity_purchase_rate,11212 | گوشت دام,38241.0,0.2939515180042363,,,,
Pooled,,commodity_purchase_rate,11212 | گوشت دام,,,6699.0,0.283325869532766,,
Pooled,,commodity_purchase_rate,11216 | گوشت دام,38241.0,0.0158468659292382,,,,
Pooled,,commodity_purchase_rate,11216 | گوشت دام,,,6699.0,0.0176145693387072,,
Pooled,,commodity_purchase_rate,11231 | گوشت پرندگان,38241.0,0.7518893334379331,,,,
Pooled,,commodity_purchase_rate,11231 | گوشت پرندگان,,,6699.0,0.7429467084639498,,
Pooled,,commodity_purchase_rate,11412 | شیر,38241.0,0.284380638581627,,,,
Pooled,,commodity_purchase_rate,11412 | شیر,,,6699.0,0.3057172712345126,,
Pooled,,commodity_purchase_rate,11428 | فراورده\u200cهای شیری (به جز کره),38241.0,0.6333516382939777,,,,
Pooled,,commodity_purchase_rate,11428 | فراورده\u200cهای شیری (به جز کره),,,6699.0,0.6263621436035229,,
Pooled,,commodity_purchase_rate,11441 | تخم پرندگان,38241.0,0.7878193561883842,,,,
Pooled,,commodity_purchase_rate,11441 | تخم پرندگان,,,6699.0,0.7589192416778624,,
Pooled,,commodity_purchase_rate,11531 | روغن\u200cهای نباتی,38241.0,0.4856306058941973,,,,
Pooled,,commodity_purchase_rate,11531 | روغن\u200cهای نباتی,,,6699.0,0.522913867741454,,
Pooled,,commodity_purchase_rate,11533 | روغن\u200cهای نباتی,38241.0,0.4519756282523992,,,,
Pooled,,commodity_purchase_rate,11533 | روغن\u200cهای نباتی,,,6699.0,0.4315569487983281,,
Pooled,,commodity_purchase_rate,11611 | میوه\u200cهای درختی,38241.0,0.5387149917627677,,,,
Pooled,,commodity_purchase_rate,11611 | میوه\u200cهای درختی,,,6699.0,0.5221674876847291,,
Pooled,,commodity_purchase_rate,11724 | سبزی\u200cهای بوته\u200cای,38241.0,0.8659292382521377,,,,
Pooled,,commodity_purchase_rate,11724 | سبزی\u200cهای بوته\u200cای,,,6699.0,0.8677414539483504,,
Pooled,,commodity_purchase_rate,11731 | سبزی\u200cهای ریشه\u200cای,38241.0,0.9042389058863524,,,,
Pooled,,commodity_purchase_rate,11731 | سبزی\u200cهای ریشه\u200cای,,,6699.0,0.909538737124944,,
Pooled,,commodity_purchase_rate,11732 | سبزی\u200cهای ریشه\u200cای,38241.0,0.8660076880834706,,,,
Pooled,,commodity_purchase_rate,11732 | سبزی\u200cهای ریشه\u200cای,,,6699.0,0.8660994178235557,,
Pooled,,commodity_purchase_rate,11811 | قند و شکر,38241.0,0.6857299756805523,,,,
Pooled,,commodity_purchase_rate,11811 | قند و شکر,,,6699.0,0.7045827735482908,,
Pooled,,commodity_purchase_rate,11921 | چاشنی\u200cها و سایر ترکیب\u200cهای خوراکی,38241.0,0.706649930702649,,,,
Pooled,,commodity_purchase_rate,11921 | چاشنی\u200cها و سایر ترکیب\u200cهای خوراکی,,,6699.0,0.7187639946260636,,
Pooled,,commodity_purchase_rate,12112 | چای، قهوه و کاکائو,38241.0,0.582359247927617,,,,
Pooled,,commodity_purchase_rate,12112 | چای، قهوه و کاکائو,,,6699.0,0.6051649499925362,,
Pooled,,commodity_purchase_rate,11112 | غلات,36064.0,0.0455856255545696,,,,
Pooled,,commodity_purchase_rate,11112 | غلات,,,12852.0,0.0374260815437286,,
Pooled,,commodity_purchase_rate,11115 | غلات,36064.0,0.0394021739130434,,,,
Pooled,,commodity_purchase_rate,11115 | غلات,,,12852.0,0.0350140056022409,,
Pooled,,commodity_purchase_rate,11117 | غلات,36064.0,0.4289873558118899,,,,
Pooled,,commodity_purchase_rate,11117 | غلات,,,12852.0,0.4447556800497977,,
Pooled,,commodity_purchase_rate,11151 | انواع نان,36064.0,0.3989296805678793,,,,
Pooled,,commodity_purchase_rate,11151 | انواع نان,,,12852.0,0.4067849361967009,,
Pooled,,commodity_purchase_rate,11211 | گوشت دام,36064.0,0.3656277728482697,,,,
Pooled,,commodity_purchase_rate,11211 | گوشت دام,,,12852.0,0.3530189853719265,,
Pooled,,commodity_purchase_rate,11212 | گوشت دام,36064.0,0.2882930346051464,,,,
Pooled,,commodity_purchase_rate,11212 | گوشت دام,,,12852.0,0.2757547463429816,,
Pooled,,commodity_purchase_rate,11216 | گوشت دام,36064.0,0.014751552795031,,,,
Pooled,,commodity_purchase_rate,11216 | گوشت دام,,,12852.0,0.0159508247743541,,
Pooled,,commodity_purchase_rate,11231 | گوشت پرندگان,36064.0,0.7641415261756876,,,,
Pooled,,commodity_purchase_rate,11231 | گوشت پرندگان,,,12852.0,0.7555244319950203,,
Pooled,,commodity_purchase_rate,11412 | شیر,36064.0,0.3102539929015084,,,,
Pooled,,commodity_purchase_rate,11412 | شیر,,,12852.0,0.3242296918767507,,
Pooled,,commodity_purchase_rate,11428 | فراورده\u200cهای شیری (به جز کره),36064.0,0.6590228482697427,,,,
Pooled,,commodity_purchase_rate,11428 | فراورده\u200cهای شیری (به جز کره),,,12852.0,0.6594304388422035,,
Pooled,,commodity_purchase_rate,11441 | تخم پرندگان,36064.0,0.8092280390417036,,,,
Pooled,,commodity_purchase_rate,11441 | تخم پرندگان,,,12852.0,0.7850918145035792,,
Pooled,,commodity_purchase_rate,11531 | روغن\u200cهای نباتی,36064.0,0.4573258651286601,,,,
Pooled,,commodity_purchase_rate,11531 | روغن\u200cهای نباتی,,,12852.0,0.4859943977591036,,
Pooled,,commodity_purchase_rate,11533 | روغن\u200cهای نباتی,36064.0,0.4913209849157054,,,,
Pooled,,commodity_purchase_rate,11533 | روغن\u200cهای نباتی,,,12852.0,0.4643635231870526,,
Pooled,,commodity_purchase_rate,11611 | میوه\u200cهای درختی,36064.0,0.6125776397515528,,,,
Pooled,,commodity_purchase_rate,11611 | میوه\u200cهای درختی,,,12852.0,0.590958605664488,,
Pooled,,commodity_purchase_rate,11724 | سبزی\u200cهای بوته\u200cای,36064.0,0.8757486690328306,,,,
Pooled,,commodity_purchase_rate,11724 | سبزی\u200cهای بوته\u200cای,,,12852.0,0.8783068783068783,,
Pooled,,commodity_purchase_rate,11731 | سبزی\u200cهای ریشه\u200cای,36064.0,0.9166204525288376,,,,
Pooled,,commodity_purchase_rate,11731 | سبزی\u200cهای ریشه\u200cای,,,12852.0,0.9159663865546218,,
Pooled,,commodity_purchase_rate,11732 | سبزی\u200cهای ریشه\u200cای,36064.0,0.8649622892635315,,,,
Pooled,,commodity_purchase_rate,11732 | سبزی\u200cهای ریشه\u200cای,,,12852.0,0.8560535325241208,,
Pooled,,commodity_purchase_rate,11811 | قند و شکر,36064.0,0.6840339396628217,,,,
Pooled,,commodity_purchase_rate,11811 | قند و شکر,,,12852.0,0.697556800497977,,
Pooled,,commodity_purchase_rate,11921 | چاشنی\u200cها و سایر ترکیب\u200cهای خوراکی,36064.0,0.7008928571428571,,,,
Pooled,,commodity_purchase_rate,11921 | چاشنی\u200cها و سایر ترکیب\u200cهای خوراکی,,,12852.0,0.6992685963274199,,
Pooled,,commodity_purchase_rate,12112 | چای، قهوه و کاکائو,36064.0,0.547166149068323,,,,
Pooled,,commodity_purchase_rate,12112 | چای، قهوه و کاکائو,,,12852.0,0.5711173358232182,,
Pooled,,commodity_purchase_rate,11112 | غلات,36041.0,0.0580450043006575,,,,
Pooled,,commodity_purchase_rate,11112 | غلات,,,18609.0,0.0459992476758557,,
Pooled,,commodity_purchase_rate,11115 | غلات,36041.0,0.0424516522848977,,,,
Pooled,,commodity_purchase_rate,11115 | غلات,,,18609.0,0.0400343919608791,,
Pooled,,commodity_purchase_rate,11117 | غلات,36041.0,0.4032074581726367,,,,
Pooled,,commodity_purchase_rate,11117 | غلات,,,18609.0,0.4232898060078456,,
Pooled,,commodity_purchase_rate,11151 | انواع نان,36041.0,0.4212702200271913,,,,
Pooled,,commodity_purchase_rate,11151 | انواع نان,,,18609.0,0.4236659680799613,,
Pooled,,commodity_purchase_rate,11211 | گوشت دام,36041.0,0.3907216780888433,,,,
Pooled,,commodity_purchase_rate,11211 | گوشت دام,,,18609.0,0.3825568273416089,,
Pooled,,commodity_purchase_rate,11212 | گوشت دام,36041.0,0.2679725867761716,,,,
Pooled,,commodity_purchase_rate,11212 | گوشت دام,,,18609.0,0.2475683808909667,,
Pooled,,commodity_purchase_rate,11216 | گوشت دام,36041.0,0.0177853000749146,,,,
Pooled,,commodity_purchase_rate,11216 | گوشت دام,,,18609.0,0.020903863721855,,
Pooled,,commodity_purchase_rate,11231 | گوشت پرندگان,36041.0,0.7794178851863156,,,,
Pooled,,commodity_purchase_rate,11231 | گوشت پرندگان,,,18609.0,0.7801601375678435,,
Pooled,,commodity_purchase_rate,11412 | شیر,36041.0,0.3366443772370356,,,,
Pooled,,commodity_purchase_rate,11412 | شیر,,,18609.0,0.3445107206190553,,
Pooled,,commodity_purchase_rate,11428 | فراورده\u200cهای شیری (به جز کره),36041.0,0.648872117865764,,,,
Pooled,,commodity_purchase_rate,11428 | فراورده\u200cهای شیری (به جز کره),,,18609.0,0.6476436133053899,,
Pooled,,commodity_purchase_rate,11441 | تخم پرندگان,36041.0,0.8232568463694127,,,,
Pooled,,commodity_purchase_rate,11441 | تخم پرندگان,,,18609.0,0.8002579397065935,,
Pooled,,commodity_purchase_rate,11531 | روغن\u200cهای نباتی,36041.0,0.4384728503648622,,,,
Pooled,,commodity_purchase_rate,11531 | روغن\u200cهای نباتی,,,18609.0,0.4738567359879628,,
Pooled,,commodity_purchase_rate,11533 | روغن\u200cهای نباتی,36041.0,0.5312560694764297,,,,
Pooled,,commodity_purchase_rate,11533 | روغن\u200cهای نباتی,,,18609.0,0.5065290988231501,,
Pooled,,commodity_purchase_rate,11611 | میوه\u200cهای درختی,36041.0,0.6232069032490775,,,,
Pooled,,commodity_purchase_rate,11611 | میوه\u200cهای درختی,,,18609.0,0.612982965231877,,
Pooled,,commodity_purchase_rate,11724 | سبزی\u200cهای بوته\u200cای,36041.0,0.8908187897117172,,,,
Pooled,,commodity_purchase_rate,11724 | سبزی\u200cهای بوته\u200cای,,,18609.0,0.8905368370143479,,
Pooled,,commodity_purchase_rate,11731 | سبزی\u200cهای ریشه\u200cای,36041.0,0.916345273438584,,,,
Pooled,,commodity_purchase_rate,11731 | سبزی\u200cهای ریشه\u200cای,,,18609.0,0.9161158579182116,,
Pooled,,commodity_purchase_rate,11732 | سبزی\u200cهای ریشه\u200cای,36041.0,0.87392136733165,,,,
Pooled,,commodity_purchase_rate,11732 | سبزی\u200cهای ریشه\u200cای,,,18609.0,0.8642592294051266,,
Pooled,,commodity_purchase_rate,11811 | قند و شکر,36041.0,0.6949030271080159,,,,
Pooled,,commodity_purchase_rate,11811 | قند و شکر,,,18609.0,0.7166424848191735,,
Pooled,,commodity_purchase_rate,11921 | چاشنی\u200cها و سایر ترکیب\u200cهای خوراکی,36041.0,0.6998695929635693,,,,
Pooled,,commodity_purchase_rate,11921 | چاشنی\u200cها و سایر ترکیب\u200cهای خوراکی,,,18609.0,0.7037454994894944,,
Pooled,,commodity_purchase_rate,12112 | چای، قهوه و کاکائو,36041.0,0.5736244832274354,,,,
Pooled,,commodity_purchase_rate,12112 | چای، قهوه و کاکائو,,,18609.0,0.5989574936858509,,
Pooled,,commodity_purchase_rate,11112 | غلات,35832.0,0.0649140433132395,,,,
Pooled,,commodity_purchase_rate,11112 | غلات,,,11907.0,0.0534979423868312,,
Pooled,,commodity_purchase_rate,11115 | غلات,35832.0,0.0390991292699263,,,,
Pooled,,commodity_purchase_rate,11115 | غلات,,,11907.0,0.0377089107247837,,
Pooled,,commodity_purchase_rate,11117 | غلات,35832.0,0.4063686090645233,,,,
Pooled,,commodity_purchase_rate,11117 | غلات,,,11907.0,0.4286554127823969,,
Pooled,,commodity_purchase_rate,11151 | انواع نان,35832.0,0.4415048001786113,,,,
Pooled,,commodity_purchase_rate,11151 | انواع نان,,,11907.0,0.448559670781893,,
Pooled,,commodity_purchase_rate,11211 | گوشت دام,35832.0,0.3730185309220808,,,,
Pooled,,commodity_purchase_rate,11211 | گوشت دام,,,11907.0,0.3668430335097001,,
Pooled,,commodity_purchase_rate,11212 | گوشت دام,35832.0,0.2674704175039071,,,,
Pooled,,commodity_purchase_rate,11212 | گوشت دام,,,11907.0,0.2499370118417737,,
Pooled,,commodity_purchase_rate,11216 | گوشت دام,35832.0,0.0144842598794373,,,,
Pooled,,commodity_purchase_rate,11216 | گوشت دام,,,11907.0,0.0151171579743008,,
Pooled,,commodity_purchase_rate,11231 | گوشت پرندگان,35832.0,0.7726334003125698,,,,
Pooled,,commodity_purchase_rate,11231 | گوشت پرندگان,,,11907.0,0.7774418409339044,,
Pooled,,commodity_purchase_rate,11412 | شیر,35832.0,0.3504409466398749,,,,
Pooled,,commodity_purchase_rate,11412 | شیر,,,11907.0,0.3631477282270933,,
Pooled,,commodity_purchase_rate,11428 | فراورده\u200cهای شیری (به جز کره),35832.0,0.6367771824067873,,,,
Pooled,,commodity_purchase_rate,11428 | فراورده\u200cهای شیری (به جز کره),,,11907.0,0.6343327454438565,,
Pooled,,commodity_purchase_rate,11441 | تخم پرندگان,35832.0,0.8215561509265461,,,,
Pooled,,commodity_purchase_rate,11441 | تخم پرندگان,,,11907.0,0.7963382884017804,,
Pooled,,commodity_purchase_rate,11531 | روغن\u200cهای نباتی,35832.0,0.3937820942174592,,,,
Pooled,,commodity_purchase_rate,11531 | روغن\u200cهای نباتی,,,11907.0,0.4300831443688586,,
Pooled,,commodity_purchase_rate,11533 | روغن\u200cهای نباتی,35832.0,0.5544206296048225,,,,
Pooled,,commodity_purchase_rate,11533 | روغن\u200cهای نباتی,,,11907.0,0.5325438817502309,,
Pooled,,commodity_purchase_rate,11611 | میوه\u200cهای درختی,35832.0,0.6309723152489395,,,,
Pooled,,commodity_purchase_rate,11611 | میوه\u200cهای درختی,,,11907.0,0.6137566137566137,,
Pooled,,commodity_purchase_rate,11724 | سبزی\u200cهای بوته\u200cای,35832.0,0.9135130609511052,,,,
Pooled,,commodity_purchase_rate,11724 | سبزی\u200cهای بوته\u200cای,,,11907.0,0.9144200890232635,,
Pooled,,commodity_purchase_rate,11731 | سبزی\u200cهای ریشه\u200cای,35832.0,0.91998772047332,,,,
Pooled,,commodity_purchase_rate,11731 | سبزی\u200cهای ریشه\u200cای,,,11907.0,0.9231544469639708,,
Pooled,,commodity_purchase_rate,11732 | سبزی\u200cهای ریشه\u200cای,35832.0,0.8815583835677606,,,,
Pooled,,commodity_purchase_rate,11732 | سبزی\u200cهای ریشه\u200cای,,,11907.0,0.8728479045939364,,
Pooled,,commodity_purchase_rate,11811 | قند و شکر,35832.0,0.6841370841705738,,,,
Pooled,,commodity_purchase_rate,11811 | قند و شکر,,,11907.0,0.7081548668850256,,
Pooled,,commodity_purchase_rate,11921 | چاشنی\u200cها و سایر ترکیب\u200cهای خوراکی,35832.0,0.6836905559276625,,,,
Pooled,,commodity_purchase_rate,11921 | چاشنی\u200cها و سایر ترکیب\u200cهای خوراکی,,,11907.0,0.6946334089191232,,
Pooled,,commodity_purchase_rate,12112 | چای، قهوه و کاکائو,35832.0,0.5572393391382005,,,,
Pooled,,commodity_purchase_rate,12112 | چای، قهوه و کاکائو,,,11907.0,0.5798269925254053,,
Pooled,,commodity_purchase_rate,11112 | غلات,35529.0,0.0622589996903937,,,,
Pooled,,commodity_purchase_rate,11112 | غلات,,,5761.0,0.0475611872938725,,
Pooled,,commodity_purchase_rate,11115 | غلات,35529.0,0.0385600495369979,,,,
Pooled,,commodity_purchase_rate,11115 | غلات,,,5761.0,0.0374934907134178,,
Pooled,,commodity_purchase_rate,11117 | غلات,35529.0,0.4119170255284415,,,,
Pooled,,commodity_purchase_rate,11117 | غلات,,,5761.0,0.4238847422322513,,
Pooled,,commodity_purchase_rate,11151 | انواع نان,35529.0,0.4559936952911706,,,,
Pooled,,commodity_purchase_rate,11151 | انواع نان,,,5761.0,0.4561708036799167,,
Pooled,,commodity_purchase_rate,11211 | گوشت دام,35529.0,0.3528103802527513,,,,
Pooled,,commodity_purchase_rate,11211 | گوشت دام,,,5761.0,0.3457733032459642,,
Pooled,,commodity_purchase_rate,11212 | گوشت دام,35529.0,0.2616735624419488,,,,
Pooled,,commodity_purchase_rate,11212 | گوشت دام,,,5761.0,0.2461378232945669,,
Pooled,,commodity_purchase_rate,11216 | گوشت دام,35529.0,0.0139041346505671,,,,
Pooled,,commodity_purchase_rate,11216 | گوشت دام,,,5761.0,0.0137128970664815,,
Pooled,,commodity_purchase_rate,11231 | گوشت پرندگان,35529.0,0.790846913788736,,,,
Pooled,,commodity_purchase_rate,11231 | گوشت پرندگان,,,5761.0,0.791529248394376,,
Pooled,,commodity_purchase_rate,11412 | شیر,35529.0,0.3774381491176222,,,,
Pooled,,commodity_purchase_rate,11412 | شیر,,,5761.0,0.3889949661517097,,
Pooled,,commodity_purchase_rate,11428 | فراورده\u200cهای شیری (به جز کره),35529.0,0.6374792423090996,,,,
Pooled,,commodity_purchase_rate,11428 | فراورده\u200cهای شیری (به جز کره),,,5761.0,0.641902447491755,,
Pooled,,commodity_purchase_rate,11441 | تخم پرندگان,35529.0,0.8192181035210673,,,,
Pooled,,commodity_purchase_rate,11441 | تخم پرندگان,,,5761.0,0.7908349244922757,,
Pooled,,commodity_purchase_rate,11531 | روغن\u200cهای نباتی,35529.0,0.374229502659799,,,,
Pooled,,commodity_purchase_rate,11531 | روغن\u200cهای نباتی,,,5761.0,0.3922930046866863,,
Pooled,,commodity_purchase_rate,11533 | روغن\u200cهای نباتی,35529.0,0.5895184215711109,,,,
Pooled,,commodity_purchase_rate,11533 | روغن\u200cهای نباتی,,,5761.0,0.5669154660649193,,
Pooled,,commodity_purchase_rate,11611 | میوه\u200cهای درختی,35529.0,0.628050325086549,,,,
Pooled,,commodity_purchase_rate,11611 | میوه\u200cهای درختی,,,5761.0,0.6073598333622635,,
Pooled,,commodity_purchase_rate,11724 | سبزی\u200cهای بوته\u200cای,35529.0,0.9195586703819416,,,,
Pooled,,commodity_purchase_rate,11724 | سبزی\u200cهای بوته\u200cای,,,5761.0,0.9229300468668634,,
Pooled,,commodity_purchase_rate,11731 | سبزی\u200cهای ریشه\u200cای,35529.0,0.9298601142728476,,,,
Pooled,,commodity_purchase_rate,11731 | سبزی\u200cهای ریشه\u200cای,,,5761.0,0.9354278771046692,,
Pooled,,commodity_purchase_rate,11732 | سبزی\u200cهای ریشه\u200cای,35529.0,0.9020236989501534,,,,
Pooled,,commodity_purchase_rate,11732 | سبزی\u200cهای ریشه\u200cای,,,5761.0,0.8979343863912516,,
Pooled,,commodity_purchase_rate,11811 | قند و شکر,35529.0,0.6933490951054069,,,,
Pooled,,commodity_purchase_rate,11811 | قند و شکر,,,5761.0,0.7132442284325637,,
Pooled,,commodity_purchase_rate,11921 | چاشنی\u200cها و سایر ترکیب\u200cهای خوراکی,35529.0,0.7003011624306904,,,,
Pooled,,commodity_purchase_rate,11921 | چاشنی\u200cها و سایر ترکیب\u200cهای خوراکی,,,5761.0,0.6964068738066308,,
Pooled,,commodity_purchase_rate,12112 | چای، قهوه و کاکائو,35529.0,0.5694784542204959,,,,
Pooled,,commodity_purchase_rate,12112 | چای، قهوه و کاکائو,,,5761.0,0.580975525082451,,
Pooled,,commodity_purchase_rate,11112 | غلات,38859.0,0.0675004503461231,,,,
Pooled,,commodity_purchase_rate,11112 | غلات,,,5968.0,0.0541219839142091,,
Pooled,,commodity_purchase_rate,11115 | غلات,38859.0,0.0466301242955299,,,,
Pooled,,commodity_purchase_rate,11115 | غلات,,,5968.0,0.0489276139410187,,
Pooled,,commodity_purchase_rate,11117 | غلات,38859.0,0.3530198924316117,,,,
Pooled,,commodity_purchase_rate,11117 | غلات,,,5968.0,0.3753351206434316,,
Pooled,,commodity_purchase_rate,11151 | انواع نان,38859.0,0.477572763066471,,,,
Pooled,,commodity_purchase_rate,11151 | انواع نان,,,5968.0,0.4777144772117963,,
Pooled,,commodity_purchase_rate,11211 | گوشت دام,38859.0,0.2777734887670809,,,,
Pooled,,commodity_purchase_rate,11211 | گوشت دام,,,5968.0,0.2610589812332439,,
Pooled,,commodity_purchase_rate,11212 | گوشت دام,38859.0,0.2214930904037674,,,,
Pooled,,commodity_purchase_rate,11212 | گوشت دام,,,5968.0,0.2009048257372654,,
Pooled,,commodity_purchase_rate,11216 | گوشت دام,38859.0,0.0112457860469904,,,,
Pooled,,commodity_purchase_rate,11216 | گوشت دام,,,5968.0,0.013739946380697,,
Pooled,,commodity_purchase_rate,11231 | گوشت پرندگان,38859.0,0.7697830618389562,,,,
Pooled,,commodity_purchase_rate,11231 | گوشت پرندگان,,,5968.0,0.7620643431635389,,
Pooled,,commodity_purchase_rate,11412 | شیر,38859.0,0.3864741758665946,,,,
Pooled,,commodity_purchase_rate,11412 | شیر,,,5968.0,0.4093498659517426,,
Pooled,,commodity_purchase_rate,11428 | فراورده\u200cهای شیری (به جز کره),38859.0,0.6128567384647058,,,,
Pooled,,commodity_purchase_rate,11428 | فراورده\u200cهای شیری (به جز کره),,,5968.0,0.6255026809651475,,
Pooled,,commodity_purchase_rate,11441 | تخم پرندگان,38859.0,0.8144573972567487,,,,
Pooled,,commodity_purchase_rate,11441 | تخم پرندگان,,,5968.0,0.7801608579088471,,
Pooled,,commodity_purchase_rate,11531 | روغن\u200cهای نباتی,38859.0,0.3357523353663244,,,,
Pooled,,commodity_purchase_rate,11531 | روغن\u200cهای نباتی,,,5968.0,0.3622654155495978,,
Pooled,,commodity_purchase_rate,11533 | روغن\u200cهای نباتی,38859.0,0.6099487892122802,,,,
Pooled,,commodity_purchase_rate,11533 | روغن\u200cهای نباتی,,,5968.0,0.5931635388739946,,
Pooled,,commodity_purchase_rate,11611 | میوه\u200cهای درختی,38859.0,0.5360920250135104,,,,
Pooled,,commodity_purchase_rate,11611 | میوه\u200cهای درختی,,,5968.0,0.5167560321715817,,
Pooled,,commodity_purchase_rate,11724 | سبزی\u200cهای بوته\u200cای,38859.0,0.9048868987879256,,,,
Pooled,,commodity_purchase_rate,11724 | سبزی\u200cهای بوته\u200cای,,,5968.0,0.9113605898123324,,
Pooled,,commodity_purchase_rate,11731 | سبزی\u200cهای ریشه\u200cای,38859.0,0.9298232069790782,,,,
Pooled,,commodity_purchase_rate,11731 | سبزی\u200cهای ریشه\u200cای,,,5968.0,0.9369973190348524,,
Pooled,,commodity_purchase_rate,11732 | سبزی\u200cهای ریشه\u200cای,38859.0,0.8952623587843228,,,,
Pooled,,commodity_purchase_rate,11732 | سبزی\u200cهای ریشه\u200cای,,,5968.0,0.8920911528150134,,
Pooled,,commodity_purchase_rate,11811 | قند و شکر,38859.0,0.6467227669265807,,,,
Pooled,,commodity_purchase_rate,11811 | قند و شکر,,,5968.0,0.6905160857908847,,
Pooled,,commodity_purchase_rate,11921 | چاشنی\u200cها و سایر ترکیب\u200cهای خوراکی,38859.0,0.6795594328212254,,,,
Pooled,,commodity_purchase_rate,11921 | چاشنی\u200cها و سایر ترکیب\u200cهای خوراکی,,,5968.0,0.6933646112600537,,
Pooled,,commodity_purchase_rate,12112 | چای، قهوه و کاکائو,38859.0,0.5218096193931908,,,,
Pooled,,commodity_purchase_rate,12112 | چای، قهوه و کاکائو,,,5968.0,0.5400469168900804,,
Pooled,,commodity_purchase_rate,11112 | غلات,36829.0,0.055689809660865,,,,
Pooled,,commodity_purchase_rate,11112 | غلات,,,11719.0,0.0462496800068265,,
Pooled,,commodity_purchase_rate,11115 | غلات,36829.0,0.042249314398979,,,,
Pooled,,commodity_purchase_rate,11115 | غلات,,,11719.0,0.0466763375714651,,
Pooled,,commodity_purchase_rate,11117 | غلات,36829.0,0.3561052431507779,,,,
Pooled,,commodity_purchase_rate,11117 | غلات,,,11719.0,0.3873197371789402,,
Pooled,,commodity_purchase_rate,11151 | انواع نان,36829.0,0.5128024111433924,,,,
Pooled,,commodity_purchase_rate,11151 | انواع نان,,,11719.0,0.5045652359416333,,
Pooled,,commodity_purchase_rate,11211 | گوشت دام,36829.0,0.2418474571669065,,,,
Pooled,,commodity_purchase_rate,11211 | گوشت دام,,,11719.0,0.2200699718406007,,
Pooled,,commodity_purchase_rate,11212 | گوشت دام,36829.0,0.1956881805099242,,,,
Pooled,,commodity_purchase_rate,11212 | گوشت دام,,,11719.0,0.1771482208379554,,
Pooled,,commodity_purchase_rate,11216 | گوشت دام,36829.0,0.0075755518748812,,,,
Pooled,,commodity_purchase_rate,11216 | گوشت دام,,,11719.0,0.0083624882669169,,
Pooled,,commodity_purchase_rate,11231 | گوشت پرندگان,36829.0,0.7926090852317467,,,,
Pooled,,commodity_purchase_rate,11231 | گوشت پرندگان,,,11719.0,0.7835992832152914,,
Pooled,,commodity_purchase_rate,11412 | شیر,36829.0,0.4272448342338917,,,,
Pooled,,commodity_purchase_rate,11412 | شیر,,,11719.0,0.4420172369656114,,
Pooled,,commodity_purchase_rate,11428 | فراورده\u200cهای شیری (به جز کره),36829.0,0.6100898748269027,,,,
Pooled,,commodity_purchase_rate,11428 | فراورده\u200cهای شیری (به جز کره),,,11719.0,0.6258213158119293,,
Pooled,,commodity_purchase_rate,11441 | تخم پرندگان,36829.0,0.8360531103206712,,,,
Pooled,,commodity_purchase_rate,11441 | تخم پرندگان,,,11719.0,0.8173052308217424,,
Pooled,,commodity_purchase_rate,11531 | روغن\u200cهای نباتی,36829.0,0.3024790246816367,,,,
Pooled,,commodity_purchase_rate,11531 | روغن\u200cهای نباتی,,,11719.0,0.3272463520778223,,
Pooled,,commodity_purchase_rate,11533 | روغن\u200cهای نباتی,36829.0,0.6489722772814901,,,,
Pooled,,commodity_purchase_rate,11533 | روغن\u200cهای نباتی,,,11719.0,0.6408396620872088,,
Pooled,,commodity_purchase_rate,11611 | میوه\u200cهای درختی,36829.0,0.5894811154253442,,,,
Pooled,,commodity_purchase_rate,11611 | میوه\u200cهای درختی,,,11719.0,0.5817902551412236,,
Pooled,,commodity_purchase_rate,11724 | سبزی\u200cهای بوته\u200cای,36829.0,0.8750441228379809,,,,
Pooled,,commodity_purchase_rate,11724 | سبزی\u200cهای بوته\u200cای,,,11719.0,0.886423756293199,,
Pooled,,commodity_purchase_rate,11731 | سبزی\u200cهای ریشه\u200cای,36829.0,0.9199815362893372,,,,
Pooled,,commodity_purchase_rate,11731 | سبزی\u200cهای ریشه\u200cای,,,11719.0,0.9237989589555424,,
Pooled,,commodity_purchase_rate,11732 | سبزی\u200cهای ریشه\u200cای,36829.0,0.8772163240924271,,,,
Pooled,,commodity_purchase_rate,11732 | سبزی\u200cهای ریشه\u200cای,,,11719.0,0.8731973717894018,,
Pooled,,commodity_purchase_rate,11811 | قند و شکر,36829.0,0.6279290776290424,,,,
Pooled,,commodity_purchase_rate,11811 | قند و شکر,,,11719.0,0.6625138663708507,,
Pooled,,commodity_purchase_rate,11921 | چاشنی\u200cها و سایر ترکیب\u200cهای خوراکی,36829.0,0.614895870102365,,,,
Pooled,,commodity_purchase_rate,11921 | چاشنی\u200cها و سایر ترکیب\u200cهای خوراکی,,,11719.0,0.6456182268111613,,
Pooled,,commodity_purchase_rate,12112 | چای، قهوه و کاکائو,36829.0,0.4893697901110538,,,,
Pooled,,commodity_purchase_rate,12112 | چای، قهوه و کاکائو,,,11719.0,0.5059305401484768,,
Pooled,,commodity_purchase_rate,11112 | غلات,36416.0,0.0587653778558875,,,,
Pooled,,commodity_purchase_rate,11112 | غلات,,,16973.0,0.0475461026335945,,
Pooled,,commodity_purchase_rate,11115 | غلات,36416.0,0.0667289103690685,,,,
Pooled,,commodity_purchase_rate,11115 | غلات,,,16973.0,0.0731161256112649,,
Pooled,,commodity_purchase_rate,11117 | غلات,36416.0,0.3084358523725835,,,,
Pooled,,commodity_purchase_rate,11117 | غلات,,,16973.0,0.3374182525187061,,
Pooled,,commodity_purchase_rate,11151 | انواع نان,36416.0,0.5216663005272407,,,,
Pooled,,commodity_purchase_rate,11151 | انواع نان,,,16973.0,0.5094561951334472,,
Pooled,,commodity_purchase_rate,11211 | گوشت دام,36416.0,0.2787510984182776,,,,
Pooled,,commodity_purchase_rate,11211 | گوشت دام,,,16973.0,0.2615919401402227,,
Pooled,,commodity_purchase_rate,11212 | گوشت دام,36416.0,0.2275373462214411,,,,
Pooled,,commodity_purchase_rate,11212 | گوشت دام,,,16973.0,0.2070347021740411,,
Pooled,,commodity_purchase_rate,11216 | گوشت دام,36416.0,0.008457820738137,,,,
Pooled,,commodity_purchase_rate,11216 | گوشت دام,,,16973.0,0.0093089023743592,,
Pooled,,commodity_purchase_rate,11231 | گوشت پرندگان,36416.0,0.7841333479789103,,,,
Pooled,,commodity_purchase_rate,11231 | گوشت پرندگان,,,16973.0,0.7801802863371237,,
Pooled,,commodity_purchase_rate,11412 | شیر,36416.0,0.4362642794376098,,,,
Pooled,,commodity_purchase_rate,11412 | شیر,,,16973.0,0.450892594120073,,
Pooled,,commodity_purchase_rate,11428 | فراورده\u200cهای شیری (به جز کره),36416.0,0.6116816783831283,,,,
Pooled,,commodity_purchase_rate,11428 | فراورده\u200cهای شیری (به جز کره),,,16973.0,0.629882754963766,,
Pooled,,commodity_purchase_rate,11441 | تخم پرندگان,36416.0,0.8525922671353251,,,,
Pooled,,commodity_purchase_rate,11441 | تخم پرندگان,,,16973.0,0.831791669121546,,
Pooled,,commodity_purchase_rate,11531 | روغن\u200cهای نباتی,36416.0,0.2274000439367311,,,,
Pooled,,commodity_purchase_rate,11531 | روغن\u200cهای نباتی,,,16973.0,0.2405585341424615,,
Pooled,,commodity_purchase_rate,11533 | روغن\u200cهای نباتی,36416.0,0.6913719244288224,,,,
Pooled,,commodity_purchase_rate,11533 | روغن\u200cهای نباتی,,,16973.0,0.6860896718317328,,
Pooled,,commodity_purchase_rate,11611 | میوه\u200cهای درختی,36416.0,0.5500878734622144,,,,
Pooled,,commodity_purchase_rate,11611 | میوه\u200cهای درختی,,,16973.0,0.5340246273493195,,
Pooled,,commodity_purchase_rate,11724 | سبزی\u200cهای بوته\u200cای,36416.0,0.8937005711775043,,,,
Pooled,,commodity_purchase_rate,11724 | سبزی\u200cهای بوته\u200cای,,,16973.0,0.9022565250692276,,
Pooled,,commodity_purchase_rate,11731 | سبزی\u200cهای ریشه\u200cای,36416.0,0.921078646748682,,,,
Pooled,,commodity_purchase_rate,11731 | سبزی\u200cهای ریشه\u200cای,,,16973.0,0.9293583927414129,,
Pooled,,commodity_purchase_rate,11732 | سبزی\u200cهای ریشه\u200cای,36416.0,0.8950461335676626,,,,
Pooled,,commodity_purchase_rate,11732 | سبزی\u200cهای ریشه\u200cای,,,16973.0,0.8900017675131091,,
Pooled,,commodity_purchase_rate,11811 | قند و شکر,36416.0,0.6341717926186292,,,,
Pooled,,commodity_purchase_rate,11811 | قند و شکر,,,16973.0,0.671537147233842,,
Pooled,,commodity_purchase_rate,11921 | چاشنی\u200cها و سایر ترکیب\u200cهای خوراکی,36416.0,0.5925692003514939,,,,
Pooled,,commodity_purchase_rate,11921 | چاشنی\u200cها و سایر ترکیب\u200cهای خوراکی,,,16973.0,0.6263477287456548,,
Pooled,,commodity_purchase_rate,12112 | چای، قهوه و کاکائو,36416.0,0.4713862038664323,,,,
Pooled,,commodity_purchase_rate,12112 | چای، قهوه و کاکائو,,,16973.0,0.4822954103576268,,
Pooled,,commodity_purchase_rate,11112 | غلات,36646.0,0.0555858756753806,,,,
Pooled,,commodity_purchase_rate,11112 | غلات,,,16261.0,0.0448311911936535,,
Pooled,,commodity_purchase_rate,11115 | غلات,36646.0,0.062353326420346,,,,
Pooled,,commodity_purchase_rate,11115 | غلات,,,16261.0,0.0742881741590308,,
Pooled,,commodity_purchase_rate,11117 | غلات,36646.0,0.306554603503793,,,,
Pooled,,commodity_purchase_rate,11117 | غلات,,,16261.0,0.3324518787282455,,
Pooled,,commodity_purchase_rate,11151 | انواع نان,36646.0,0.5394313158325602,,,,
Pooled,,commodity_purchase_rate,11151 | انواع نان,,,16261.0,0.5215546399360433,,
Pooled,,commodity_purchase_rate,11211 | گوشت دام,36646.0,0.342711346395241,,,,
Pooled,,commodity_purchase_rate,11211 | گوشت دام,,,16261.0,0.3348502552118566,,
Pooled,,commodity_purchase_rate,11212 | گوشت دام,36646.0,0.2399989084756863,,,,
Pooled,,commodity_purchase_rate,11212 | گوشت دام,,,16261.0,0.2189902220035668,,
Pooled,,commodity_purchase_rate,11216 | گوشت دام,36646.0,0.0098237188233367,,,,
Pooled,,commodity_purchase_rate,11216 | گوشت دام,,,16261.0,0.0098394932660967,,
Pooled,,commodity_purchase_rate,11231 | گوشت پرندگان,36646.0,0.8148501882879441,,,,
Pooled,,commodity_purchase_rate,11231 | گوشت پرندگان,,,16261.0,0.8188918270709058,,
Pooled,,commodity_purchase_rate,11412 | شیر,36646.0,0.4426676854226928,,,,
Pooled,,commodity_purchase_rate,11412 | شیر,,,16261.0,0.4577209273722403,,
Pooled,,commodity_purchase_rate,11428 | فراورده\u200cهای شیری (به جز کره),36646.0,0.5994105768705998,,,,
Pooled,,commodity_purchase_rate,11428 | فراورده\u200cهای شیری (به جز کره),,,16261.0,0.6234548920730583,,
Pooled,,commodity_purchase_rate,11441 | تخم پرندگان,36646.0,0.8665065764339901,,,,
Pooled,,commodity_purchase_rate,11441 | تخم پرندگان,,,16261.0,0.8465654018818031,,
Pooled,,commodity_purchase_rate,11531 | روغن\u200cهای نباتی,36646.0,0.2376794193090651,,,,
Pooled,,commodity_purchase_rate,11531 | روغن\u200cهای نباتی,,,16261.0,0.2377467560420638,,
Pooled,,commodity_purchase_rate,11533 | روغن\u200cهای نباتی,36646.0,0.6845221852316761,,,,
Pooled,,commodity_purchase_rate,11533 | روغن\u200cهای نباتی,,,16261.0,0.6927003259332144,,
Pooled,,commodity_purchase_rate,11611 | میوه\u200cهای درختی,36646.0,0.6306554603503793,,,,
Pooled,,commodity_purchase_rate,11611 | میوه\u200cهای درختی,,,16261.0,0.6149683291310497,,
Pooled,,commodity_purchase_rate,11724 | سبزی\u200cهای بوته\u200cای,36646.0,0.9095126343939312,,,,
Pooled,,commodity_purchase_rate,11724 | سبزی\u200cهای بوته\u200cای,,,16261.0,0.920300104544616,,
Pooled,,commodity_purchase_rate,11731 | سبزی\u200cهای ریشه\u200cای,36646.0,0.9346722698248104,,,,
Pooled,,commodity_purchase_rate,11731 | سبزی\u200cهای ریشه\u200cای,,,16261.0,0.9435459073857696,,
Pooled,,commodity_purchase_rate,11732 | سبزی\u200cهای ریشه\u200cای,36646.0,0.9025541668940676,,,,
Pooled,,commodity_purchase_rate,11732 | سبزی\u200cهای ریشه\u200cای,,,16261.0,0.9005596211795093,,
Pooled,,commodity_purchase_rate,11811 | قند و شکر,36646.0,0.6329203733013153,,,,
Pooled,,commodity_purchase_rate,11811 | قند و شکر,,,16261.0,0.6657032162843614,,
Pooled,,commodity_purchase_rate,11921 | چاشنی\u200cها و سایر ترکیب\u200cهای خوراکی,36646.0,0.6323200349287781,,,,
Pooled,,commodity_purchase_rate,11921 | چاشنی\u200cها و سایر ترکیب\u200cهای خوراکی,,,16261.0,0.6681630896008856,,
Pooled,,commodity_purchase_rate,12112 | چای، قهوه و کاکائو,36646.0,0.4683730830104241,,,,
Pooled,,commodity_purchase_rate,12112 | چای، قهوه و کاکائو,,,16261.0,0.468667363630773,,
Pooled,,commodity_purchase_rate,11112 | غلات,36364.0,0.0429270707292927,,,,
Pooled,,commodity_purchase_rate,11112 | غلات,,,15891.0,0.0339814989616764,,
Pooled,,commodity_purchase_rate,11115 | غلات,36364.0,0.0464195358046419,,,,
Pooled,,commodity_purchase_rate,11115 | غلات,,,15891.0,0.052356679881694,,
Pooled,,commodity_purchase_rate,11117 | غلات,36364.0,0.3257067429325707,,,,
Pooled,,commodity_purchase_rate,11117 | غلات,,,15891.0,0.3515197281480083,,
Pooled,,commodity_purchase_rate,11151 | انواع نان,36364.0,0.5308821911780882,,,,
Pooled,,commodity_purchase_rate,11151 | انواع نان,,,15891.0,0.514693851865836,,
Pooled,,commodity_purchase_rate,11211 | گوشت دام,36364.0,0.3513639863601364,,,,
Pooled,,commodity_purchase_rate,11211 | گوشت دام,,,15891.0,0.3534705179032156,,
Pooled,,commodity_purchase_rate,11212 | گوشت دام,36364.0,0.2191453085469145,,,,
Pooled,,commodity_purchase_rate,11212 | گوشت دام,,,15891.0,0.2030079919451261,,
Pooled,,commodity_purchase_rate,11216 | گوشت دام,36364.0,0.0112198878011219,,,,
Pooled,,commodity_purchase_rate,11216 | گوشت دام,,,15891.0,0.0109495941098735,,
Pooled,,commodity_purchase_rate,11231 | گوشت پرندگان,36364.0,0.8009294907050929,,,,
Pooled,,commodity_purchase_rate,11231 | گوشت پرندگان,,,15891.0,0.8105216789377635,,
Pooled,,commodity_purchase_rate,11412 | شیر,36364.0,0.4176658233417666,,,,
Pooled,,commodity_purchase_rate,11412 | شیر,,,15891.0,0.4328236108489082,,
Pooled,,commodity_purchase_rate,11428 | فراورده\u200cهای شیری (به جز کره),36364.0,0.5815916840831592,,,,
Pooled,,commodity_purchase_rate,11428 | فراورده\u200cهای شیری (به جز کره),,,15891.0,0.6045560380089359,,
Pooled,,commodity_purchase_rate,11441 | تخم پرندگان,36364.0,0.8625838741612584,,,,
Pooled,,commodity_purchase_rate,11441 | تخم پرندگان,,,15891.0,0.844440249197659,,
Pooled,,commodity_purchase_rate,11531 | روغن\u200cهای نباتی,36364.0,0.270789792102079,,,,
Pooled,,commodity_purchase_rate,11531 | روغن\u200cهای نباتی,,,15891.0,0.2783965766786231,,
Pooled,,commodity_purchase_rate,11533 | روغن\u200cهای نباتی,36364.0,0.5852766472335277,,,,
Pooled,,commodity_purchase_rate,11533 | روغن\u200cهای نباتی,,,15891.0,0.5902082940028948,,
Pooled,,commodity_purchase_rate,11611 | میوه\u200cهای درختی,36364.0,0.5579419205807942,,,,
Pooled,,commodity_purchase_rate,11611 | میوه\u200cهای درختی,,,15891.0,0.5423824806494242,,
Pooled,,commodity_purchase_rate,11724 | سبزی\u200cهای بوته\u200cای,36364.0,0.9118908810911892,,,,
Pooled,,commodity_purchase_rate,11724 | سبزی\u200cهای بوته\u200cای,,,15891.0,0.9188849034044428,,
Pooled,,commodity_purchase_rate,11731 | سبزی\u200cهای ریشه\u200cای,36364.0,0.932460675393246,,,,
Pooled,,commodity_purchase_rate,11731 | سبزی\u200cهای ریشه\u200cای,,,15891.0,0.9366307973066516,,
Pooled,,commodity_purchase_rate,11732 | سبزی\u200cهای ریشه\u200cای,36364.0,0.8862061379386206,,,,
Pooled,,commodity_purchase_rate,11732 | سبزی\u200cهای ریشه\u200cای,,,15891.0,0.878170033352212,,
Pooled,,commodity_purchase_rate,11811 | قند و شکر,36364.0,0.6167088329116709,,,,
Pooled,,commodity_purchase_rate,11811 | قند و شکر,,,15891.0,0.6445786923415769,,
Pooled,,commodity_purchase_rate,11921 | چاشنی\u200cها و سایر ترکیب\u200cهای خوراکی,36364.0,0.6323561764382356,,,,
Pooled,,commodity_purchase_rate,11921 | چاشنی\u200cها و سایر ترکیب\u200cهای خوراکی,,,15891.0,0.6678623120005034,,
Pooled,,commodity_purchase_rate,12112 | چای، قهوه و کاکائو,36364.0,0.4615828841711583,,,,
Pooled,,commodity_purchase_rate,12112 | چای، قهوه و کاکائو,,,15891.0,0.4556038008935875,,
Pooled,,commodity_purchase_rate,11112 | غلات,36023.0,0.0486078338839075,,,,
Pooled,,commodity_purchase_rate,11112 | غلات,,,10614.0,0.0356133408705483,,
Pooled,,commodity_purchase_rate,11115 | غلات,36023.0,0.0563806456985814,,,,
Pooled,,commodity_purchase_rate,11115 | غلات,,,10614.0,0.0672696438665912,,
Pooled,,commodity_purchase_rate,11117 | غلات,36023.0,0.2875940371429364,,,,
Pooled,,commodity_purchase_rate,11117 | غلات,,,10614.0,0.314207650273224,,
Pooled,,commodity_purchase_rate,11151 | انواع نان,36023.0,0.5220831135663326,,,,
Pooled,,commodity_purchase_rate,11151 | انواع نان,,,10614.0,0.5041454682494818,,
Pooled,,commodity_purchase_rate,11211 | گوشت دام,36023.0,0.3074979873969408,,,,
Pooled,,commodity_purchase_rate,11211 | گوشت دام,,,10614.0,0.3170341058978707,,
Pooled,,commodity_purchase_rate,11212 | گوشت دام,36023.0,0.1877689254087666,,,,
Pooled,,commodity_purchase_rate,11212 | گوشت دام,,,10614.0,0.1802336536649708,,
Pooled,,commodity_purchase_rate,11216 | گوشت دام,36023.0,0.0062460094939344,,,,
Pooled,,commodity_purchase_rate,11216 | گوشت دام,,,10614.0,0.0064066327491991,,
Pooled,,commodity_purchase_rate,11231 | گوشت پرندگان,36023.0,0.8040418621436305,,,,
Pooled,,commodity_purchase_rate,11231 | گوشت پرندگان,,,10614.0,0.8111927642736009,,
Pooled,,commodity_purchase_rate,11412 | شیر,36023.0,0.3902784332232185,,,,
Pooled,,commodity_purchase_rate,11412 | شیر,,,10614.0,0.410495571886188,,
Pooled,,commodity_purchase_rate,11428 | فراورده\u200cهای شیری (به جز کره),36023.0,0.6228520667351415,,,,
Pooled,,commodity_purchase_rate,11428 | فراورده\u200cهای شیری (به جز کره),,,10614.0,0.6341624269832297,,
Pooled,,commodity_purchase_rate,11441 | تخم پرندگان,36023.0,0.8597007467451351,,,,
Pooled,,commodity_purchase_rate,11441 | تخم پرندگان,,,10614.0,0.8355002826455624,,
Pooled,,commodity_purchase_rate,11531 | روغن\u200cهای نباتی,36023.0,0.2713266524165116,,,,
Pooled,,commodity_purchase_rate,11531 | روغن\u200cهای نباتی,,,10614.0,0.2781232334652346,,
Pooled,,commodity_purchase_rate,11533 | روغن\u200cهای نباتی,36023.0,0.5977569885906227,,,,
Pooled,,commodity_purchase_rate,11533 | روغن\u200cهای نباتی,,,10614.0,0.5919540229885057,,
Pooled,,commodity_purchase_rate,11611 | میوه\u200cهای درختی,36023.0,0.5530910806984427,,,,
Pooled,,commodity_purchase_rate,11611 | میوه\u200cهای درختی,,,10614.0,0.5429621254946297,,
Pooled,,commodity_purchase_rate,11724 | سبزی\u200cهای بوته\u200cای,36023.0,0.9171917941315272,,,,
Pooled,,commodity_purchase_rate,11724 | سبزی\u200cهای بوته\u200cای,,,10614.0,0.921895609572263,,
Pooled,,commodity_purchase_rate,11731 | سبزی\u200cهای ریشه\u200cای,36023.0,0.9345418205035672,,,,
Pooled,,commodity_purchase_rate,11731 | سبزی\u200cهای ریشه\u200cای,,,10614.0,0.9365931788204258,,
Pooled,,commodity_purchase_rate,11732 | سبزی\u200cهای ریشه\u200cای,36023.0,0.8896538322738251,,,,
Pooled,,commodity_purchase_rate,11732 | سبزی\u200cهای ریشه\u200cای,,,10614.0,0.8775202562653099,,
Pooled,,commodity_purchase_rate,11811 | قند و شکر,36023.0,0.592232740193765,,,,
Pooled,,commodity_purchase_rate,11811 | قند و شکر,,,10614.0,0.6285095157339363,,
Pooled,,commodity_purchase_rate,11921 | چاشنی\u200cها و سایر ترکیب\u200cهای خوراکی,36023.0,0.6191044610387808,,,,
Pooled,,commodity_purchase_rate,11921 | چاشنی\u200cها و سایر ترکیب\u200cهای خوراکی,,,10614.0,0.6517806670435274,,
Pooled,,commodity_purchase_rate,12112 | چای، قهوه و کاکائو,36023.0,0.4464647586264331,,,,
Pooled,,commodity_purchase_rate,12112 | چای، قهوه و کاکائو,,,10614.0,0.4414923685698134,,
Pooled,,commodity_purchase_rate,11112 | غلات,35733.0,0.053479976492318,,,,
Pooled,,commodity_purchase_rate,11112 | غلات,,,5367.0,0.038755356810136,,
Pooled,,commodity_purchase_rate,11115 | غلات,35733.0,0.0752245823188649,,,,
Pooled,,commodity_purchase_rate,11115 | غلات,,,5367.0,0.0898080864542575,,
Pooled,,commodity_purchase_rate,11117 | غلات,35733.0,0.2744801723896678,,,,
Pooled,,commodity_purchase_rate,11117 | غلات,,,5367.0,0.3005403391093721,,
Pooled,,commodity_purchase_rate,11151 | انواع نان,35733.0,0.5422438642151513,,,,
Pooled,,commodity_purchase_rate,11151 | انواع نان,,,5367.0,0.5274827650456494,,
Pooled,,commodity_purchase_rate,11211 | گوشت دام,35733.0,0.2921109338706518,,,,
Pooled,,commodity_purchase_rate,11211 | گوشت دام,,,5367.0,0.3147009502515371,,
Pooled,,commodity_purchase_rate,11212 | گوشت دام,35733.0,0.1967369098592337,,,,
Pooled,,commodity_purchase_rate,11212 | گوشت دام,,,5367.0,0.1827836780324203,,
Pooled,,commodity_purchase_rate,11216 | گوشت دام,35733.0,0.004141829681247,,,,
Pooled,,commodity_purchase_rate,11216 | گوشت دام,,,5367.0,0.0040991242779951,,
Pooled,,commodity_purchase_rate,11231 | گوشت پرندگان,35733.0,0.8179553913749196,,,,
Pooled,,commodity_purchase_rate,11231 | گوشت پرندگان,,,5367.0,0.8147941121669462,,
Pooled,,commodity_purchase_rate,11412 | شیر,35733.0,0.3852181456916576,,,,
Pooled,,commodity_purchase_rate,11412 | شیر,,,5367.0,0.412520961430967,,
Pooled,,commodity_purchase_rate,11428 | فراورده\u200cهای شیری (به جز کره),35733.0,0.6153695463577086,,,,
Pooled,,commodity_purchase_rate,11428 | فراورده\u200cهای شیری (به جز کره),,,5367.0,0.6320104341345258,,
Pooled,,commodity_purchase_rate,11441 | تخم پرندگان,35733.0,0.858590098788235,,,,
Pooled,,commodity_purchase_rate,11441 | تخم پرندگان,,,5367.0,0.839761505496553,,
Pooled,,commodity_purchase_rate,11531 | روغن\u200cهای نباتی,35733.0,0.2429406990736854,,,,
Pooled,,commodity_purchase_rate,11531 | روغن\u200cهای نباتی,,,5367.0,0.2420346562325321,,
Pooled,,commodity_purchase_rate,11533 | روغن\u200cهای نباتی,35733.0,0.5973749755128313,,,,
Pooled,,commodity_purchase_rate,11533 | روغن\u200cهای نباتی,,,5367.0,0.6141233463760015,,
Pooled,,commodity_purchase_rate,11611 | میوه\u200cهای درختی,35733.0,0.5481767553801807,,,,
Pooled,,commodity_purchase_rate,11611 | میوه\u200cهای درختی,,,5367.0,0.5407117570337246,,
Pooled,,commodity_purchase_rate,11724 | سبزی\u200cهای بوته\u200cای,35733.0,0.90904765902667,,,,
Pooled,,commodity_purchase_rate,11724 | سبزی\u200cهای بوته\u200cای,,,5367.0,0.922675610210546,,
Pooled,,commodity_purchase_rate,11731 | سبزی\u200cهای ریشه\u200cای,35733.0,0.9359975372904598,,,,
Pooled,,commodity_purchase_rate,11731 | سبزی\u200cهای ریشه\u200cای,,,5367.0,0.9403763741382524,,
Pooled,,commodity_purchase_rate,11732 | سبزی\u200cهای ریشه\u200cای,35733.0,0.8976856127389248,,,,
Pooled,,commodity_purchase_rate,11732 | سبزی\u200cهای ریشه\u200cای,,,5367.0,0.8872740823551333,,
Pooled,,commodity_purchase_rate,11811 | قند و شکر,35733.0,0.5658914728682171,,,,
Pooled,,commodity_purchase_rate,11811 | قند و شکر,,,5367.0,0.6087199552822806,,
Pooled,,commodity_purchase_rate,11921 | چاشنی\u200cها و سایر ترکیب\u200cهای خوراکی,35733.0,0.607757535051633,,,,
Pooled,,commodity_purchase_rate,11921 | چاشنی\u200cها و سایر ترکیب\u200cهای خوراکی,,,5367.0,0.6463573691075089,,
Pooled,,commodity_purchase_rate,12112 | چای، قهوه و کاکائو,35733.0,0.4310301402065318,,,,
Pooled,,commodity_purchase_rate,12112 | چای، قهوه و کاکائو,,,5367.0,0.4374883547605738,,
