Year,Table,Column,Data_Type
1392,R92Data,Address,Text (11)
1392,R92Data,MahMorajeh,Text (2)
1392,R92Data,ShoghlSarparast,Text (50)
1392,R92Data,NoeKhn,Text (1)
1392,R92Data,Takmil,Text (1)
1392,R92Data,TakmilDescA,Text (1)
1392,R92Data,TakmilDescB,Text (1)
1392,R92Data,TakmilDescC,Text (100)
1392,R92Data,Jaygozin,Text (1)
1392,R92Data,JaygozinDescA,Text (1)
1392,R92Data,JaygozinDescB,Text (1)
1392,R92Data,JaygozinDescC,Text (100)
1392,R92Data,BlkAbdJaygozin,Text (6)
1392,R92Data,RadifJaygozin,Text (3)
1392,R92Data,fStat,Text (1)
1392,R92Data,fEnt,Long Integer
1392,R92Data,fvfy,Long Integer
1392,R92Data,user1,Text (50)
1392,R92Data,user2,Text (50)
1392,R92Data,user3,Text (50)
1392,R92Data,user4,Text (50)
1392,R92Data,Tekrari,Text (1)
1392,R92Data,Bakhsh,Text (2)
1392,R92Data,ShrDeh,Text (4)
1392,R92Data,Hozeh,Text (3)
1392,R92Data,BlkAbd,Text (6)
1392,R92Data,AbdName,Text (255)
1392,R92KarBargh1,Address,Text (11)
1392,R92KarBargh1,DYCOL01,Text (2)
1392,R92KarBargh1,DYCOL02,Text (4)
1392,R92KarBargh1,DYCOL03,Text (12)
1392,R92KarBargh2,Address,Text (11)
1392,R92KarBargh2,DYCOL01,Text (2)
1392,R92KarBargh2,DYCOL02,Text (4)
1392,R92KarBargh2,DYCOL03,Text (5)
1392,R92KarBargh2,DYCOL04,Text (1)
1392,R92KarBargh2,DYCOL05,Text (10)
1392,R92KarBargh2,DYCOL06,Text (1)
1392,R92KarBargh2,DYCOL07,Text (10)
1392,R92KarBargh2,DYCOL08,Text (1)
1392,R92KarBargh2,DYCOL09,Text (10)
1392,R92KarBargh2,DYCOL10,Text (10)
1392,R92KarBargh2,DYCOL11,Text (1)
1392,R92KarBargh2,DYCOL12,Text (10)
1392,R92KarBargh2,DYCOL13,Text (1)
1392,R92KarBargh2,DYCOL14,Text (10)
1392,R92KarBargh2,DYCOL15,Text (1)
1392,R92KarBargh2,DYCOL16,Text (10)
1392,R92KarBargh2,DYCOL17,Text (10)
1392,R92KarBargh2,DYCOL18,Text (10)
1392,R92KarBargh2,DYCOL19,Text (10)
1392,R92KarBargh2,DYCOL20,Text (10)
1392,R92KarBargh2,DYCOL21,Text (10)
1392,R92KarBargh2,DYCOL22,Text (10)
1392,R92KarBargh2,DYCOL23,Text (10)
1392,R92KarBargh2,DYCOL24,Text (10)
1392,R92KarBargh2,DYCOL25,Text (10)
1392,R92KarBargh2,DYCOL26,Text (14)
1392,R92KarBargh2,DYCOL27,Text (10)
1392,R92KarBargh2,DYCOL28,Text (10)
1392,R92KarBargh2,DYCOL29,Text (10)
1392,R92KarBargh2,DYCOL30,Text (10)
1392,R92KarBargh2,DYCOL31,Text (10)
1392,R92KarBargh2,DYCOL32,Text (10)
1392,R92KarBargh2,DYCOL33,Text (10)
1392,R92KarBargh2,DYCOL34,Text (10)
1392,R92KarBargh2,DYCOL35,Text (10)
1392,R92KarBargh2,DYCOL36,Text (10)
1392,R92KarBargh2,DYCOL37,Text (10)
1392,R92KarBargh2,DYCOL38,Text (10)
1392,R92KarBargh2,DYCOL39,Text (10)
1392,R92KarBargh2,DYCOL40,Text (10)
1392,R92KarBargh2,DYCOL41,Text (10)
1392,R92KarBargh2,DYCOL42,Text (10)
1392,R92KarBargh2,DYCOL43,Text (10)
1392,R92KarBargh2,DYCOL44,Text (10)
1392,R92KarBargh2,DYCOL45,Text (10)
1392,R92KarBargh2,DYCOL46,Text (14)
1392,R92KarBargh2,DYCOL47,Text (10)
1392,R92KarBargh2,DYCOL48,Text (10)
1392,R92KarBargh2,DYCOL49,Text (10)
1392,R92KarBargh2,DYCOL50,Text (10)
1392,R92KarBargh2,DYCOL51,Text (10)
1392,R92KarBargh2,DYCOL52,Text (10)
1392,R92KarBargh2,DYCOL53,Text (10)
1392,R92KarBargh2,DYCOL54,Text (10)
1392,R92KarBargh2,DYCOL55,Text (14)
1392,R92KarBargh2,DYCOL56,Text (10)
1392,R92KarBargh2,DYCOL57,Text (10)
1392,R92KarBargh2,DYCOL58,Text (10)
1392,R92KarBargh2,DYCOL59,Text (10)
1392,R92KarBargh2,DYCOL60,Text (10)
1392,R92KarBargh2,DYCOL61,Text (10)
1392,R92KarBargh2,DYCOL62,Text (10)
1392,R92KarBargh2,DYCOL63,Text (10)
1392,R92KarBargh2,DYCOL64,Text (10)
1392,R92KarBargh2,DYCOL65,Text (10)
1392,R92KarBargh2,DYCOL66,Text (10)
1392,R92KarBargh2,DYCOL67,Text (10)
1392,R92KarBargh2,DYCOL68,Text (14)
1392,R92KarBargh2,DYCOL69,Text (14)
1392,R92KarBargh2,DYCOL70,Text (10)
1392,R92KarBargh2,DYCOL71,Text (10)
1392,R92KarBargh2,DYCOL72,Text (10)
1392,R92KarBargh2,DYCOL73,Text (10)
1392,R92KarBargh2,DYCOL74,Text (10)
1392,R92KarBargh2,DYCOL75,Text (10)
1392,R92KarBargh2,DYCOL76,Text (10)
1392,R92KarBargh2,DYCOL77,Text (14)
1392,R92KarBargh2,DYCOL78,Text (10)
1392,R92KarBargh2,DYCOL79,Text (10)
1392,R92KarBargh2,DYCOL80,Text (10)
1392,R92KarBargh2,DYCOL81,Text (10)
1392,R92KarBargh2,DYCOL82,Text (10)
1392,R92KarBargh2,DYCOL83,Text (10)
1392,R92KarBargh2,DYCOL84,Text (14)
1392,R92KarBargh2,DYCOL85,Text (10)
1392,R92KarBargh2,DYCOL86,Text (10)
1392,R92KarBargh2,DYCOL87,Text (10)
1392,R92KarBargh2,DYCOL88,Text (10)
1392,R92KarBargh2,DYCOL89,Text (10)
1392,R92KarBargh2,DYCOL90,Text (10)
1392,R92KarBargh2,DYCOL91,Text (10)
1392,R92KarBargh2,DYCOL92,Text (10)
1392,R92KarBargh2,DYCOL93,Text (10)
1392,R92KarBargh2,DYCOL94,Text (14)
1392,R92P1,Address,Text (11)
1392,R92P1,DYCOL01,Text (2)
1392,R92P1,DYCOL03,Text (1)
1392,R92P1,DYCOL04,Text (1)
1392,R92P1,DYCOL05,Text (2)
1392,R92P1,DYCOL06,Text (1)
1392,R92P1,DYCOL07,Text (1)
1392,R92P1,DYCOL08,Text (3)
1392,R92P1,DYCOL09,Text (1)
1392,R92P1,DYCOL10,Text (1)
1392,R92P2,Address,Text (11)
1392,R92P2,DYCOL01,Text (1)
1392,R92P2,DYCOL02,Text (50)
1392,R92P2,DYCOL03,Text (2)
1392,R92P2,DYCOL04,Text (3)
1392,R92P2,DYCOL05,Text (1)
1392,R92P2,DYCOL06,Text (2)
1392,R92P2,DYCOL07,Text (1)
1392,R92P2,DYCOL08,Text (1)
1392,R92P2,DYCOL09,Text (1)
1392,R92P2,DYCOL10,Text (1)
1392,R92P2,DYCOL11,Text (1)
1392,R92P2,DYCOL12,Text (1)
1392,R92P2,DYCOL13,Text (1)
1392,R92P2,DYCOL14,Text (1)
1392,R92P2,DYCOL15,Text (1)
1392,R92P2,DYCOL16,Text (1)
1392,R92P2,DYCOL17,Text (1)
1392,R92P2,DYCOL18,Text (1)
1392,R92P2,DYCOL19,Text (1)
1392,R92P2,DYCOL20,Text (1)
1392,R92P2,DYCOL21,Text (1)
1392,R92P2,DYCOL22,Text (1)
1392,R92P2,DYCOL23,Text (1)
1392,R92P2,DYCOL24,Text (1)
1392,R92P2,DYCOL25,Text (1)
1392,R92P2,DYCOL26,Text (1)
1392,R92P2,DYCOL27,Text (1)
1392,R92P2,DYCOL28,Text (1)
1392,R92P2,DYCOL29,Text (1)
1392,R92P2,DYCOL30,Text (1)
1392,R92P2,DYCOL31,Text (1)
1392,R92P2,DYCOL32,Text (1)
1392,R92P2,DYCOL33,Text (1)
1392,R92P2,DYCOL34,Text (1)
1392,R92P2,DYCOL35,Text (1)
1392,R92P2,DYCOL36,Text (1)
1392,R92P2,DYCOL37,Text (1)
1392,R92P2,DYCOL38,Text (1)
1392,R92P2,DYCOL39,Text (1)
1392,R92P2,DYCOL40,Text (1)
1392,R92P2,DYCOL41,Text (1)
1392,R92P2,DYCOL42,Text (1)
1392,R92P2,DYCOL43,Text (2)
1392,R92P2,DYCOL44,Text (2)
1392,R92P2,DYCOL45,Text (2)
1392,R92P2,DYCOL46,Text (1)
1392,R92P2,DYCOL47,Text (1)
1392,R92P2,DYCOL48,Text (1)
1392,R92P2,DYCOL49,Text (1)
1392,R92P2,DYCOL50,Text (1)
1392,R92P2,DYCOL51,Text (1)
1392,R92P2,DYCOL52,Text (1)
1392,R92P2,DYCOL53,Text (1)
1392,R92P2,DYCOL54,Text (1)
1392,R92P2,DYCOL55,Text (1)
1392,R92P2,DYCOL56,Text (1)
1392,R92P2,DYCOL57,Text (1)
1392,R92P2,DYCOL58,Text (1)
1392,R92P2,DYCOL59,Text (1)
1392,R92P2,DYCOL60,Text (100)
1392,R92P2,DYCOL61,Text (1)
1392,R92P3S01,Address,Text (11)
1392,R92P3S01,DYCOL01,Text (6)
1392,R92P3S01,DYCOL02,Text (1)
1392,R92P3S01,DYCOL03,Text (3)
1392,R92P3S01,DYCOL04,Text (5)
1392,R92P3S01,DYCOL05,Text (10)
1392,R92P3S01,DYCOL06,Text (10)
1392,R92P3S02,Address,Text (11)
1392,R92P3S02,DYCOL01,Text (6)
1392,R92P3S02,DYCOL02,Text (1)
1392,R92P3S02,DYCOL03,Text (3)
1392,R92P3S02,DYCOL04,Text (5)
1392,R92P3S02,DYCOL05,Text (10)
1392,R92P3S02,DYCOL06,Text (10)
1392,R92P3S03,Address,Text (11)
1392,R92P3S03,DYCOL01,Text (6)
1392,R92P3S03,DYCOL02,Text (1)
1392,R92P3S03,DYCOL03,Text (10)
1392,R92P3S04,Address,Text (11)
1392,R92P3S04,DYCOL01,Text (6)
1392,R92P3S04,DYCOL02,Text (10)
1392,R92P3S04,DYCOL03,Text (1)
1392,R92P3S04,DYCOL04,Text (10)
1392,R92P3S05,Address,Text (11)
1392,R92P3S05,DYCOL01,Text (6)
1392,R92P3S05,DYCOL02,Text (1)
1392,R92P3S05,DYCOL03,Text (10)
1392,R92P3S06,Address,Text (11)
1392,R92P3S06,DYCOL01,Text (6)
1392,R92P3S06,DYCOL02,Text (1)
1392,R92P3S06,DYCOL03,Text (10)
1392,R92P3S07,Address,Text (11)
1392,R92P3S07,DYCOL01,Text (6)
1392,R92P3S07,DYCOL02,Text (1)
1392,R92P3S07,DYCOL03,Text (10)
1392,R92P3S08,Address,Text (11)
1392,R92P3S08,DYCOL01,Text (6)
1392,R92P3S08,DYCOL02,Text (1)
1392,R92P3S08,DYCOL03,Text (10)
1392,R92P3S09,Address,Text (11)
1392,R92P3S09,DYCOL01,Text (6)
1392,R92P3S09,DYCOL02,Text (1)
1392,R92P3S09,DYCOL03,Text (10)
1392,R92P3S10,Address,Text (11)
1392,R92P3S10,DYCOL01,Text (6)
1392,R92P3S10,DYCOL02,Text (1)
1392,R92P3S10,DYCOL03,Text (10)
1392,R92P3S11,Address,Text (11)
1392,R92P3S11,DYCOL01,Text (6)
1392,R92P3S11,DYCOL02,Text (1)
1392,R92P3S11,DYCOL03,Text (10)
1392,R92P3S12,Address,Text (11)
1392,R92P3S12,DYCOL01,Text (6)
1392,R92P3S12,DYCOL02,Text (1)
1392,R92P3S12,DYCOL03,Text (10)
1392,R92P3S13,Address,Text (11)
1392,R92P3S13,DYCOL01,Text (6)
1392,R92P3S13,DYCOL02,Text (10)
1392,R92P3S13,DYCOL03,Text (50)
1392,R92P3S13,DYCOL04,Text (1)
1392,R92P3S13,DYCOL05,Text (10)
1392,R92P3S13,DYCOL06,Text (10)
1392,R92P3S14,Address,Text (11)
1392,R92P3S14,DYCOL01,Text (6)
1392,R92P3S14,DYCOL02,Text (1)
1392,R92P3S14,DYCOL03,Text (10)
1392,R92P3S14,DYCOL04,Text (10)
1392,R92P4S01,Address,Text (11)
1392,R92P4S01,DYCOL01,Text (2)
1392,R92P4S01,DYCOL02,Text (1)
1392,R92P4S01,DYCOL03,Text (4)
1392,R92P4S01,DYCOL04,Text (5)
1392,R92P4S01,DYCOL05,Text (1)
1392,R92P4S01,DYCOL06,Text (2)
1392,R92P4S01,DYCOL07,Text (1)
1392,R92P4S01,DYCOL08,Text (10)
1392,R92P4S01,DYCOL09,Text (10)
1392,R92P4S01,DYCOL10,Text (10)
1392,R92P4S01,DYCOL11,Text (10)
1392,R92P4S01,DYCOL12,Text (10)
1392,R92P4S01,DYCOL13,Text (10)
1392,R92P4S01,DYCOL14,Text (14)
1392,R92P4S01,DYCOL15,Text (14)
1392,R92P4S02,Address,Text (11)
1392,R92P4S02,DYCOL01,Text (2)
1392,R92P4S02,DYCOL02,Text (1)
1392,R92P4S02,DYCOL03,Text (4)
1392,R92P4S02,DYCOL04,Text (5)
1392,R92P4S02,DYCOL05,Text (1)
1392,R92P4S02,DYCOL06,Text (1)
1392,R92P4S02,DYCOL07,Text (2)
1392,R92P4S02,DYCOL08,Text (1)
1392,R92P4S02,DYCOL09,Text (10)
1392,R92P4S02,DYCOL10,Text (10)
1392,R92P4S02,DYCOL11,Text (10)
1392,R92P4S02,DYCOL12,Text (10)
1392,R92P4S02,DYCOL13,Text (10)
1392,R92P4S02,DYCOL14,Text (14)
1392,R92P4S02,DYCOL15,Text (14)
1392,R92P4S03,Address,Text (11)
1392,R92P4S03,DYCOL01,Text (2)
1392,R92P4S03,DYCOL03,Text (10)
1392,R92P4S03,DYCOL04,Text (10)
1392,R92P4S03,DYCOL05,Text (10)
1392,R92P4S03,DYCOL06,Text (10)
1392,R92P4S03,DYCOL07,Text (10)
1392,R92P4S03,DYCOL08,Text (10)
1392,R92P4S04,Address,Text (11)
1392,R92P4S04,Dycol01,Text (3)
1392,R92P4S04,Dycol03,Text (2)
1392,R92P4S04,Dycol04,Text (2)
1392,R92P4S04,Dycol05,Text (10)
1392,U92Data,Address,Text (11)
1392,U92Data,MahMorajeh,Text (2)
1392,U92Data,ShoghlSarparast,Text (50)
1392,U92Data,NoeKhn,Text (1)
1392,U92Data,Takmil,Text (1)
1392,U92Data,TakmilDescA,Text (1)
1392,U92Data,TakmilDescB,Text (1)
1392,U92Data,TakmilDescC,Text (100)
1392,U92Data,Jaygozin,Text (1)
1392,U92Data,JaygozinDescA,Text (1)
1392,U92Data,JaygozinDescB,Text (1)
1392,U92Data,JaygozinDescC,Text (100)
1392,U92Data,BlkAbdJaygozin,Text (6)
1392,U92Data,RadifJaygozin,Text (3)
1392,U92Data,fStat,Text (1)
1392,U92Data,fEnt,Long Integer
1392,U92Data,fvfy,Long Integer
1392,U92Data,user1,Text (50)
1392,U92Data,user2,Text (50)
1392,U92Data,user3,Text (50)
1392,U92Data,user4,Text (50)
1392,U92Data,Tekrari,Text (1)
1392,U92Data,Bakhsh,Text (2)
1392,U92Data,ShrDeh,Text (4)
1392,U92Data,Hozeh,Text (3)
1392,U92Data,BlkAbd,Text (6)
1392,U92Data,AbdName,Text (255)
1392,U92KarBargh1,Address,Text (11)
1392,U92KarBargh1,DYCOL01,Text (2)
1392,U92KarBargh1,DYCOL02,Text (4)
1392,U92KarBargh1,DYCOL03,Text (12)
1392,U92KarBargh2,Address,Text (11)
1392,U92KarBargh2,DYCOL01,Text (2)
1392,U92KarBargh2,DYCOL02,Text (4)
1392,U92KarBargh2,DYCOL03,Text (5)
1392,U92KarBargh2,DYCOL04,Text (1)
1392,U92KarBargh2,DYCOL05,Text (10)
1392,U92KarBargh2,DYCOL06,Text (1)
1392,U92KarBargh2,DYCOL07,Text (10)
1392,U92KarBargh2,DYCOL08,Text (1)
1392,U92KarBargh2,DYCOL09,Text (10)
1392,U92KarBargh2,DYCOL10,Text (10)
1392,U92KarBargh2,DYCOL11,Text (1)
1392,U92KarBargh2,DYCOL12,Text (10)
1392,U92KarBargh2,DYCOL13,Text (1)
1392,U92KarBargh2,DYCOL14,Text (10)
1392,U92KarBargh2,DYCOL15,Text (1)
1392,U92KarBargh2,DYCOL16,Text (10)
1392,U92KarBargh2,DYCOL17,Text (10)
1392,U92KarBargh2,DYCOL18,Text (10)
1392,U92KarBargh2,DYCOL19,Text (10)
1392,U92KarBargh2,DYCOL20,Text (10)
1392,U92KarBargh2,DYCOL21,Text (10)
1392,U92KarBargh2,DYCOL22,Text (10)
1392,U92KarBargh2,DYCOL23,Text (10)
1392,U92KarBargh2,DYCOL24,Text (10)
1392,U92KarBargh2,DYCOL25,Text (10)
1392,U92KarBargh2,DYCOL26,Text (14)
1392,U92KarBargh2,DYCOL27,Text (10)
1392,U92KarBargh2,DYCOL28,Text (10)
1392,U92KarBargh2,DYCOL29,Text (10)
1392,U92KarBargh2,DYCOL30,Text (10)
1392,U92KarBargh2,DYCOL31,Text (10)
1392,U92KarBargh2,DYCOL32,Text (10)
1392,U92KarBargh2,DYCOL33,Text (10)
1392,U92KarBargh2,DYCOL34,Text (10)
1392,U92KarBargh2,DYCOL35,Text (10)
1392,U92KarBargh2,DYCOL36,Text (10)
1392,U92KarBargh2,DYCOL37,Text (10)
1392,U92KarBargh2,DYCOL38,Text (10)
1392,U92KarBargh2,DYCOL39,Text (10)
1392,U92KarBargh2,DYCOL40,Text (10)
1392,U92KarBargh2,DYCOL41,Text (10)
1392,U92KarBargh2,DYCOL42,Text (10)
1392,U92KarBargh2,DYCOL43,Text (10)
1392,U92KarBargh2,DYCOL44,Text (10)
1392,U92KarBargh2,DYCOL45,Text (10)
1392,U92KarBargh2,DYCOL46,Text (14)
1392,U92KarBargh2,DYCOL47,Text (10)
1392,U92KarBargh2,DYCOL48,Text (10)
1392,U92KarBargh2,DYCOL49,Text (10)
1392,U92KarBargh2,DYCOL50,Text (10)
1392,U92KarBargh2,DYCOL51,Text (10)
1392,U92KarBargh2,DYCOL52,Text (10)
1392,U92KarBargh2,DYCOL53,Text (10)
1392,U92KarBargh2,DYCOL54,Text (10)
1392,U92KarBargh2,DYCOL55,Text (14)
1392,U92KarBargh2,DYCOL56,Text (10)
1392,U92KarBargh2,DYCOL57,Text (10)
1392,U92KarBargh2,DYCOL58,Text (10)
1392,U92KarBargh2,DYCOL59,Text (10)
1392,U92KarBargh2,DYCOL60,Text (10)
1392,U92KarBargh2,DYCOL61,Text (10)
1392,U92KarBargh2,DYCOL62,Text (10)
1392,U92KarBargh2,DYCOL63,Text (10)
1392,U92KarBargh2,DYCOL64,Text (10)
1392,U92KarBargh2,DYCOL65,Text (10)
1392,U92KarBargh2,DYCOL66,Text (10)
1392,U92KarBargh2,DYCOL67,Text (10)
1392,U92KarBargh2,DYCOL68,Text (14)
1392,U92KarBargh2,DYCOL69,Text (14)
1392,U92KarBargh2,DYCOL70,Text (10)
1392,U92KarBargh2,DYCOL71,Text (10)
1392,U92KarBargh2,DYCOL72,Text (10)
1392,U92KarBargh2,DYCOL73,Text (10)
1392,U92KarBargh2,DYCOL74,Text (10)
1392,U92KarBargh2,DYCOL75,Text (10)
1392,U92KarBargh2,DYCOL76,Text (10)
1392,U92KarBargh2,DYCOL77,Text (14)
1392,U92KarBargh2,DYCOL78,Text (10)
1392,U92KarBargh2,DYCOL79,Text (10)
1392,U92KarBargh2,DYCOL80,Text (10)
1392,U92KarBargh2,DYCOL81,Text (10)
1392,U92KarBargh2,DYCOL82,Text (10)
1392,U92KarBargh2,DYCOL83,Text (10)
1392,U92KarBargh2,DYCOL84,Text (14)
1392,U92KarBargh2,DYCOL85,Text (10)
1392,U92KarBargh2,DYCOL86,Text (10)
1392,U92KarBargh2,DYCOL87,Text (10)
1392,U92KarBargh2,DYCOL88,Text (10)
1392,U92KarBargh2,DYCOL89,Text (10)
1392,U92KarBargh2,DYCOL90,Text (10)
1392,U92KarBargh2,DYCOL91,Text (10)
1392,U92KarBargh2,DYCOL92,Text (10)
1392,U92KarBargh2,DYCOL93,Text (10)
1392,U92KarBargh2,DYCOL94,Text (14)
1392,U92P1,Address,Text (11)
1392,U92P1,DYCOL01,Text (2)
1392,U92P1,DYCOL03,Text (1)
1392,U92P1,DYCOL04,Text (1)
1392,U92P1,DYCOL05,Text (2)
1392,U92P1,DYCOL06,Text (1)
1392,U92P1,DYCOL07,Text (1)
1392,U92P1,DYCOL08,Text (3)
1392,U92P1,DYCOL09,Text (1)
1392,U92P1,DYCOL10,Text (1)
1392,U92P2,Address,Text (11)
1392,U92P2,DYCOL01,Text (1)
1392,U92P2,DYCOL02,Text (50)
1392,U92P2,DYCOL03,Text (2)
1392,U92P2,DYCOL04,Text (3)
1392,U92P2,DYCOL05,Text (1)
1392,U92P2,DYCOL06,Text (2)
1392,U92P2,DYCOL07,Text (1)
1392,U92P2,DYCOL08,Text (1)
1392,U92P2,DYCOL09,Text (1)
1392,U92P2,DYCOL10,Text (1)
1392,U92P2,DYCOL11,Text (1)
1392,U92P2,DYCOL12,Text (1)
1392,U92P2,DYCOL13,Text (1)
1392,U92P2,DYCOL14,Text (1)
1392,U92P2,DYCOL15,Text (1)
1392,U92P2,DYCOL16,Text (1)
1392,U92P2,DYCOL17,Text (1)
1392,U92P2,DYCOL18,Text (1)
1392,U92P2,DYCOL19,Text (1)
1392,U92P2,DYCOL20,Text (1)
1392,U92P2,DYCOL21,Text (1)
1392,U92P2,DYCOL22,Text (1)
1392,U92P2,DYCOL23,Text (1)
1392,U92P2,DYCOL24,Text (1)
1392,U92P2,DYCOL25,Text (1)
1392,U92P2,DYCOL26,Text (1)
1392,U92P2,DYCOL27,Text (1)
1392,U92P2,DYCOL28,Text (1)
1392,U92P2,DYCOL29,Text (1)
1392,U92P2,DYCOL30,Text (1)
1392,U92P2,DYCOL31,Text (1)
1392,U92P2,DYCOL32,Text (1)
1392,U92P2,DYCOL33,Text (1)
1392,U92P2,DYCOL34,Text (1)
1392,U92P2,DYCOL35,Text (1)
1392,U92P2,DYCOL36,Text (1)
1392,U92P2,DYCOL37,Text (1)
1392,U92P2,DYCOL38,Text (1)
1392,U92P2,DYCOL39,Text (1)
1392,U92P2,DYCOL40,Text (1)
1392,U92P2,DYCOL41,Text (1)
1392,U92P2,DYCOL42,Text (1)
1392,U92P2,DYCOL43,Text (2)
1392,U92P2,DYCOL44,Text (2)
1392,U92P2,DYCOL45,Text (2)
1392,U92P2,DYCOL46,Text (1)
1392,U92P2,DYCOL47,Text (1)
1392,U92P2,DYCOL48,Text (1)
1392,U92P2,DYCOL49,Text (1)
1392,U92P2,DYCOL50,Text (1)
1392,U92P2,DYCOL51,Text (1)
1392,U92P2,DYCOL52,Text (1)
1392,U92P2,DYCOL53,Text (1)
1392,U92P2,DYCOL54,Text (1)
1392,U92P2,DYCOL55,Text (1)
1392,U92P2,DYCOL56,Text (1)
1392,U92P2,DYCOL57,Text (1)
1392,U92P2,DYCOL58,Text (1)
1392,U92P2,DYCOL59,Text (1)
1392,U92P2,DYCOL60,Text (100)
1392,U92P2,DYCOL61,Text (1)
1392,U92P3S01,Address,Text (11)
1392,U92P3S01,DYCOL01,Text (6)
1392,U92P3S01,DYCOL02,Text (1)
1392,U92P3S01,DYCOL03,Text (3)
1392,U92P3S01,DYCOL04,Text (5)
1392,U92P3S01,DYCOL05,Text (10)
1392,U92P3S01,DYCOL06,Text (10)
1392,U92P3S02,Address,Text (11)
1392,U92P3S02,DYCOL01,Text (6)
1392,U92P3S02,DYCOL02,Text (1)
1392,U92P3S02,DYCOL03,Text (3)
1392,U92P3S02,DYCOL04,Text (5)
1392,U92P3S02,DYCOL05,Text (10)
1392,U92P3S02,DYCOL06,Text (10)
1392,U92P3S03,Address,Text (11)
1392,U92P3S03,DYCOL01,Text (6)
1392,U92P3S03,DYCOL02,Text (1)
1392,U92P3S03,DYCOL03,Text (10)
1392,U92P3S04,Address,Text (11)
1392,U92P3S04,DYCOL01,Text (6)
1392,U92P3S04,DYCOL02,Text (10)
1392,U92P3S04,DYCOL03,Text (1)
1392,U92P3S04,DYCOL04,Text (10)
1392,U92P3S05,Address,Text (11)
1392,U92P3S05,DYCOL01,Text (6)
1392,U92P3S05,DYCOL02,Text (1)
1392,U92P3S05,DYCOL03,Text (10)
1392,U92P3S06,Address,Text (11)
1392,U92P3S06,DYCOL01,Text (6)
1392,U92P3S06,DYCOL02,Text (1)
1392,U92P3S06,DYCOL03,Text (10)
1392,U92P3S07,Address,Text (11)
1392,U92P3S07,DYCOL01,Text (6)
1392,U92P3S07,DYCOL02,Text (1)
1392,U92P3S07,DYCOL03,Text (10)
1392,U92P3S08,Address,Text (11)
1392,U92P3S08,DYCOL01,Text (6)
1392,U92P3S08,DYCOL02,Text (1)
1392,U92P3S08,DYCOL03,Text (10)
1392,U92P3S09,Address,Text (11)
1392,U92P3S09,DYCOL01,Text (6)
1392,U92P3S09,DYCOL02,Text (1)
1392,U92P3S09,DYCOL03,Text (10)
1392,U92P3S10,Address,Text (11)
1392,U92P3S10,DYCOL01,Text (6)
1392,U92P3S10,DYCOL02,Text (1)
1392,U92P3S10,DYCOL03,Text (10)
1392,U92P3S11,Address,Text (11)
1392,U92P3S11,DYCOL01,Text (6)
1392,U92P3S11,DYCOL02,Text (1)
1392,U92P3S11,DYCOL03,Text (10)
1392,U92P3S12,Address,Text (11)
1392,U92P3S12,DYCOL01,Text (6)
1392,U92P3S12,DYCOL02,Text (1)
1392,U92P3S12,DYCOL03,Text (10)
1392,U92P3S13,Address,Text (11)
1392,U92P3S13,DYCOL01,Text (6)
1392,U92P3S13,DYCOL02,Text (10)
1392,U92P3S13,DYCOL03,Text (50)
1392,U92P3S13,DYCOL04,Text (1)
1392,U92P3S13,DYCOL05,Text (10)
1392,U92P3S13,DYCOL06,Text (10)
1392,U92P3S14,Address,Text (11)
1392,U92P3S14,DYCOL01,Text (6)
1392,U92P3S14,DYCOL02,Text (1)
1392,U92P3S14,DYCOL03,Text (10)
1392,U92P3S14,DYCOL04,Text (10)
1392,U92P4S01,Address,Text (11)
1392,U92P4S01,DYCOL01,Text (2)
1392,U92P4S01,DYCOL02,Text (1)
1392,U92P4S01,DYCOL03,Text (4)
1392,U92P4S01,DYCOL04,Text (5)
1392,U92P4S01,DYCOL05,Text (1)
1392,U92P4S01,DYCOL06,Text (2)
1392,U92P4S01,DYCOL07,Text (1)
1392,U92P4S01,DYCOL08,Text (10)
1392,U92P4S01,DYCOL09,Text (10)
1392,U92P4S01,DYCOL10,Text (10)
1392,U92P4S01,DYCOL11,Text (10)
1392,U92P4S01,DYCOL12,Text (10)
1392,U92P4S01,DYCOL13,Text (10)
1392,U92P4S01,DYCOL14,Text (14)
1392,U92P4S01,DYCOL15,Text (14)
1392,U92P4S02,Address,Text (11)
1392,U92P4S02,DYCOL01,Text (2)
1392,U92P4S02,DYCOL02,Text (1)
1392,U92P4S02,DYCOL03,Text (4)
1392,U92P4S02,DYCOL04,Text (5)
1392,U92P4S02,DYCOL05,Text (1)
1392,U92P4S02,DYCOL06,Text (1)
1392,U92P4S02,DYCOL07,Text (2)
1392,U92P4S02,DYCOL08,Text (1)
1392,U92P4S02,DYCOL09,Text (10)
1392,U92P4S02,DYCOL10,Text (10)
1392,U92P4S02,DYCOL11,Text (10)
1392,U92P4S02,DYCOL12,Text (10)
1392,U92P4S02,DYCOL13,Text (10)
1392,U92P4S02,DYCOL14,Text (14)
1392,U92P4S02,DYCOL15,Text (14)
1392,U92P4S03,Address,Text (11)
1392,U92P4S03,DYCOL01,Text (2)
1392,U92P4S03,DYCOL03,Text (10)
1392,U92P4S03,DYCOL04,Text (10)
1392,U92P4S03,DYCOL05,Text (10)
1392,U92P4S03,DYCOL06,Text (10)
1392,U92P4S03,DYCOL07,Text (10)
1392,U92P4S03,DYCOL08,Text (10)
1392,U92P4S04,Address,Text (11)
1392,U92P4S04,Dycol01,Text (3)
1392,U92P4S04,Dycol03,Text (2)
1392,U92P4S04,Dycol04,Text (2)
1392,U92P4S04,Dycol05,Text (10)
1393,R93Data,Address,Text (11)
1393,R93Data,MahMorajeh,Text (2)
1393,R93Data,ShoghlSarparast,Text (50)
1393,R93Data,NoeKhn,Text (1)
1393,R93Data,Takmil,Text (1)
1393,R93Data,TakmilDescA,Text (1)
1393,R93Data,TakmilDescB,Text (1)
1393,R93Data,TakmilDescC,Text (100)
1393,R93Data,Jaygozin,Text (1)
1393,R93Data,JaygozinDescA,Text (1)
1393,R93Data,JaygozinDescB,Text (1)
1393,R93Data,JaygozinDescC,Text (100)
1393,R93Data,BlkAbdJaygozin,Text (6)
1393,R93Data,RadifJaygozin,Text (3)
1393,R93Data,fStat,Text (1)
1393,R93Data,fEnt,Integer
1393,R93Data,fvfy,Integer
1393,R93Data,user1,Text (50)
1393,R93Data,user2,Text (50)
1393,R93Data,user3,Text (50)
1393,R93Data,user4,Text (50)
1393,R93Data,Tekrari,Text (1)
1393,R93Data,Bakhsh,Text (2)
1393,R93Data,ShrDeh,Text (4)
1393,R93Data,Hozeh,Text (3)
1393,R93Data,BlkAbd,Text (6)
1393,R93Data,AbdName,Text (255)
1393,R93KarBargh1,Address,Text (11)
1393,R93KarBargh1,DYCOL01,Text (2)
1393,R93KarBargh1,DYCOL02,Text (4)
1393,R93KarBargh1,DYCOL03,Text (12)
1393,R93KarBargh2,Address,Text (11)
1393,R93KarBargh2,DYCOL01,Text (2)
1393,R93KarBargh2,DYCOL02,Text (4)
1393,R93KarBargh2,DYCOL03,Text (5)
1393,R93KarBargh2,DYCOL04,Text (1)
1393,R93KarBargh2,DYCOL05,Text (10)
1393,R93KarBargh2,DYCOL06,Text (1)
1393,R93KarBargh2,DYCOL07,Text (10)
1393,R93KarBargh2,DYCOL08,Text (1)
1393,R93KarBargh2,DYCOL09,Text (10)
1393,R93KarBargh2,DYCOL10,Text (10)
1393,R93KarBargh2,DYCOL11,Text (1)
1393,R93KarBargh2,DYCOL12,Text (10)
1393,R93KarBargh2,DYCOL13,Text (1)
1393,R93KarBargh2,DYCOL14,Text (10)
1393,R93KarBargh2,DYCOL15,Text (1)
1393,R93KarBargh2,DYCOL16,Text (10)
1393,R93KarBargh2,DYCOL17,Text (10)
1393,R93KarBargh2,DYCOL18,Text (10)
1393,R93KarBargh2,DYCOL19,Text (10)
1393,R93KarBargh2,DYCOL20,Text (10)
1393,R93KarBargh2,DYCOL21,Text (10)
1393,R93KarBargh2,DYCOL22,Text (10)
1393,R93KarBargh2,DYCOL23,Text (10)
1393,R93KarBargh2,DYCOL24,Text (10)
1393,R93KarBargh2,DYCOL25,Text (10)
1393,R93KarBargh2,DYCOL26,Text (14)
1393,R93KarBargh2,DYCOL27,Text (10)
1393,R93KarBargh2,DYCOL28,Text (10)
1393,R93KarBargh2,DYCOL29,Text (10)
1393,R93KarBargh2,DYCOL30,Text (10)
1393,R93KarBargh2,DYCOL31,Text (10)
1393,R93KarBargh2,DYCOL32,Text (10)
1393,R93KarBargh2,DYCOL33,Text (10)
1393,R93KarBargh2,DYCOL34,Text (10)
1393,R93KarBargh2,DYCOL35,Text (10)
1393,R93KarBargh2,DYCOL36,Text (10)
1393,R93KarBargh2,DYCOL37,Text (10)
1393,R93KarBargh2,DYCOL38,Text (10)
1393,R93KarBargh2,DYCOL39,Text (10)
1393,R93KarBargh2,DYCOL40,Text (10)
1393,R93KarBargh2,DYCOL41,Text (10)
1393,R93KarBargh2,DYCOL42,Text (10)
1393,R93KarBargh2,DYCOL43,Text (10)
1393,R93KarBargh2,DYCOL44,Text (10)
1393,R93KarBargh2,DYCOL45,Text (10)
1393,R93KarBargh2,DYCOL46,Text (14)
1393,R93KarBargh2,DYCOL47,Text (10)
1393,R93KarBargh2,DYCOL48,Text (10)
1393,R93KarBargh2,DYCOL49,Text (10)
1393,R93KarBargh2,DYCOL50,Text (10)
1393,R93KarBargh2,DYCOL51,Text (10)
1393,R93KarBargh2,DYCOL52,Text (10)
1393,R93KarBargh2,DYCOL53,Text (10)
1393,R93KarBargh2,DYCOL54,Text (10)
1393,R93KarBargh2,DYCOL55,Text (14)
1393,R93KarBargh2,DYCOL56,Text (10)
1393,R93KarBargh2,DYCOL57,Text (10)
1393,R93KarBargh2,DYCOL58,Text (10)
1393,R93KarBargh2,DYCOL59,Text (10)
1393,R93KarBargh2,DYCOL60,Text (10)
1393,R93KarBargh2,DYCOL61,Text (10)
1393,R93KarBargh2,DYCOL62,Text (10)
1393,R93KarBargh2,DYCOL63,Text (10)
1393,R93KarBargh2,DYCOL64,Text (10)
1393,R93KarBargh2,DYCOL65,Text (10)
1393,R93KarBargh2,DYCOL66,Text (10)
1393,R93KarBargh2,DYCOL67,Text (10)
1393,R93KarBargh2,DYCOL68,Text (14)
1393,R93KarBargh2,DYCOL69,Text (14)
1393,R93KarBargh2,DYCOL70,Text (10)
1393,R93KarBargh2,DYCOL71,Text (10)
1393,R93KarBargh2,DYCOL72,Text (10)
1393,R93KarBargh2,DYCOL73,Text (10)
1393,R93KarBargh2,DYCOL74,Text (10)
1393,R93KarBargh2,DYCOL75,Text (10)
1393,R93KarBargh2,DYCOL76,Text (10)
1393,R93KarBargh2,DYCOL77,Text (14)
1393,R93KarBargh2,DYCOL78,Text (10)
1393,R93KarBargh2,DYCOL79,Text (10)
1393,R93KarBargh2,DYCOL80,Text (10)
1393,R93KarBargh2,DYCOL81,Text (10)
1393,R93KarBargh2,DYCOL82,Text (10)
1393,R93KarBargh2,DYCOL83,Text (10)
1393,R93KarBargh2,DYCOL84,Text (14)
1393,R93KarBargh2,DYCOL85,Text (10)
1393,R93KarBargh2,DYCOL86,Text (10)
1393,R93KarBargh2,DYCOL87,Text (10)
1393,R93KarBargh2,DYCOL88,Text (10)
1393,R93KarBargh2,DYCOL89,Text (10)
1393,R93KarBargh2,DYCOL90,Text (10)
1393,R93KarBargh2,DYCOL91,Text (10)
1393,R93KarBargh2,DYCOL92,Text (10)
1393,R93KarBargh2,DYCOL93,Text (10)
1393,R93KarBargh2,DYCOL94,Text (14)
1393,R93P1,Address,Text (11)
1393,R93P1,DYCOL01,Text (2)
1393,R93P1,DYCOL03,Text (1)
1393,R93P1,DYCOL04,Text (1)
1393,R93P1,DYCOL05,Text (2)
1393,R93P1,DYCOL06,Text (1)
1393,R93P1,DYCOL07,Text (1)
1393,R93P1,DYCOL08,Text (3)
1393,R93P1,DYCOL09,Text (1)
1393,R93P1,DYCOL10,Text (1)
1393,R93P2,Address,Text (11)
1393,R93P2,DYCOL01,Text (1)
1393,R93P2,DYCOL02,Text (50)
1393,R93P2,DYCOL03,Text (2)
1393,R93P2,DYCOL04,Text (3)
1393,R93P2,DYCOL05,Text (1)
1393,R93P2,DYCOL06,Text (2)
1393,R93P2,DYCOL07,Text (1)
1393,R93P2,DYCOL08,Text (1)
1393,R93P2,DYCOL09,Text (1)
1393,R93P2,DYCOL10,Text (1)
1393,R93P2,DYCOL11,Text (1)
1393,R93P2,DYCOL12,Text (1)
1393,R93P2,DYCOL13,Text (1)
1393,R93P2,DYCOL14,Text (1)
1393,R93P2,DYCOL15,Text (1)
1393,R93P2,DYCOL16,Text (1)
1393,R93P2,DYCOL17,Text (1)
1393,R93P2,DYCOL18,Text (1)
1393,R93P2,DYCOL19,Text (1)
1393,R93P2,DYCOL20,Text (1)
1393,R93P2,DYCOL21,Text (1)
1393,R93P2,DYCOL22,Text (1)
1393,R93P2,DYCOL23,Text (1)
1393,R93P2,DYCOL24,Text (1)
1393,R93P2,DYCOL25,Text (1)
1393,R93P2,DYCOL26,Text (1)
1393,R93P2,DYCOL27,Text (1)
1393,R93P2,DYCOL28,Text (1)
1393,R93P2,DYCOL29,Text (1)
1393,R93P2,DYCOL30,Text (1)
1393,R93P2,DYCOL31,Text (1)
1393,R93P2,DYCOL32,Text (1)
1393,R93P2,DYCOL33,Text (1)
1393,R93P2,DYCOL34,Text (1)
1393,R93P2,DYCOL35,Text (1)
1393,R93P2,DYCOL36,Text (1)
1393,R93P2,DYCOL37,Text (1)
1393,R93P2,DYCOL38,Text (1)
1393,R93P2,DYCOL39,Text (1)
1393,R93P2,DYCOL40,Text (1)
1393,R93P2,DYCOL41,Text (1)
1393,R93P2,DYCOL42,Text (1)
1393,R93P2,DYCOL43,Text (2)
1393,R93P2,DYCOL44,Text (2)
1393,R93P2,DYCOL45,Text (2)
1393,R93P2,DYCOL46,Text (1)
1393,R93P2,DYCOL47,Text (1)
1393,R93P2,DYCOL48,Text (1)
1393,R93P2,DYCOL49,Text (1)
1393,R93P2,DYCOL50,Text (1)
1393,R93P2,DYCOL51,Text (1)
1393,R93P2,DYCOL52,Text (1)
1393,R93P2,DYCOL53,Text (1)
1393,R93P2,DYCOL54,Text (1)
1393,R93P2,DYCOL55,Text (1)
1393,R93P2,DYCOL56,Text (1)
1393,R93P2,DYCOL57,Text (1)
1393,R93P2,DYCOL58,Text (1)
1393,R93P2,DYCOL59,Text (1)
1393,R93P2,DYCOL60,Text (100)
1393,R93P2,DYCOL61,Text (1)
1393,R93P3S01,Address,Text (11)
1393,R93P3S01,DYCOL01,Text (6)
1393,R93P3S01,DYCOL02,Text (1)
1393,R93P3S01,DYCOL03,Text (3)
1393,R93P3S01,DYCOL04,Text (5)
1393,R93P3S01,DYCOL05,Text (10)
1393,R93P3S01,DYCOL06,Text (10)
1393,R93P3S02,Address,Text (11)
1393,R93P3S02,DYCOL01,Text (6)
1393,R93P3S02,DYCOL02,Text (1)
1393,R93P3S02,DYCOL03,Text (3)
1393,R93P3S02,DYCOL04,Text (5)
1393,R93P3S02,DYCOL05,Text (10)
1393,R93P3S02,DYCOL06,Text (10)
1393,R93P3S03,Address,Text (11)
1393,R93P3S03,DYCOL01,Text (6)
1393,R93P3S03,DYCOL02,Text (1)
1393,R93P3S03,DYCOL03,Text (10)
1393,R93P3S04,Address,Text (11)
1393,R93P3S04,DYCOL01,Text (6)
1393,R93P3S04,DYCOL02,Text (10)
1393,R93P3S04,DYCOL03,Text (1)
1393,R93P3S04,DYCOL04,Text (10)
1393,R93P3S05,Address,Text (11)
1393,R93P3S05,DYCOL01,Text (6)
1393,R93P3S05,DYCOL02,Text (1)
1393,R93P3S05,DYCOL03,Text (10)
1393,R93P3S06,Address,Text (11)
1393,R93P3S06,DYCOL01,Text (6)
1393,R93P3S06,DYCOL02,Text (1)
1393,R93P3S06,DYCOL03,Text (10)
1393,R93P3S07,Address,Text (11)
1393,R93P3S07,DYCOL01,Text (6)
1393,R93P3S07,DYCOL02,Text (1)
1393,R93P3S07,DYCOL03,Text (10)
1393,R93P3S08,Address,Text (11)
1393,R93P3S08,DYCOL01,Text (6)
1393,R93P3S08,DYCOL02,Text (1)
1393,R93P3S08,DYCOL03,Text (10)
1393,R93P3S09,Address,Text (11)
1393,R93P3S09,DYCOL01,Text (6)
1393,R93P3S09,DYCOL02,Text (1)
1393,R93P3S09,DYCOL03,Text (10)
1393,R93P3S10,Address,Text (11)
1393,R93P3S10,DYCOL01,Text (6)
1393,R93P3S10,DYCOL02,Text (1)
1393,R93P3S10,DYCOL03,Text (10)
1393,R93P3S11,Address,Text (11)
1393,R93P3S11,DYCOL01,Text (6)
1393,R93P3S11,DYCOL02,Text (1)
1393,R93P3S11,DYCOL03,Text (10)
1393,R93P3S12,Address,Text (11)
1393,R93P3S12,DYCOL01,Text (6)
1393,R93P3S12,DYCOL02,Text (1)
1393,R93P3S12,DYCOL03,Text (10)
1393,R93P3S13,Address,Text (11)
1393,R93P3S13,DYCOL01,Text (6)
1393,R93P3S13,DYCOL02,Text (10)
1393,R93P3S13,DYCOL03,Text (50)
1393,R93P3S13,DYCOL04,Text (1)
1393,R93P3S13,DYCOL05,Text (10)
1393,R93P3S13,DYCOL06,Text (10)
1393,R93P3S14,Address,Text (11)
1393,R93P3S14,DYCOL01,Text (6)
1393,R93P3S14,DYCOL02,Text (1)
1393,R93P3S14,DYCOL03,Text (10)
1393,R93P3S14,DYCOL04,Text (10)
1393,R93P4S01,Address,Text (11)
1393,R93P4S01,DYCOL01,Text (2)
1393,R93P4S01,DYCOL02,Text (1)
1393,R93P4S01,DYCOL03,Text (4)
1393,R93P4S01,DYCOL04,Text (5)
1393,R93P4S01,DYCOL05,Text (1)
1393,R93P4S01,DYCOL06,Text (2)
1393,R93P4S01,DYCOL07,Text (1)
1393,R93P4S01,DYCOL08,Text (10)
1393,R93P4S01,DYCOL09,Text (10)
1393,R93P4S01,DYCOL10,Text (10)
1393,R93P4S01,DYCOL11,Text (10)
1393,R93P4S01,DYCOL12,Text (10)
1393,R93P4S01,DYCOL13,Text (10)
1393,R93P4S01,DYCOL14,Text (14)
1393,R93P4S01,DYCOL15,Text (14)
1393,R93P4S02,Address,Text (11)
1393,R93P4S02,DYCOL01,Text (2)
1393,R93P4S02,DYCOL02,Text (1)
1393,R93P4S02,DYCOL03,Text (4)
1393,R93P4S02,DYCOL04,Text (5)
1393,R93P4S02,DYCOL05,Text (1)
1393,R93P4S02,DYCOL06,Text (1)
1393,R93P4S02,DYCOL07,Text (2)
1393,R93P4S02,DYCOL08,Text (1)
1393,R93P4S02,DYCOL14,Text (14)
1393,R93P4S02,DYCOL15,Text (14)
1393,R93P4S02,DYCOL09,Text (14)
1393,R93P4S02,DYCOL10,Text (14)
1393,R93P4S02,DYCOL11,Text (14)
1393,R93P4S02,DYCOL12,Text (14)
1393,R93P4S02,DYCOL13,Text (14)
1393,R93P4S03,Address,Text (11)
1393,R93P4S03,DYCOL01,Text (2)
1393,R93P4S03,DYCOL03,Text (10)
1393,R93P4S03,DYCOL04,Text (10)
1393,R93P4S03,DYCOL05,Text (10)
1393,R93P4S03,DYCOL06,Text (10)
1393,R93P4S03,DYCOL07,Text (10)
1393,R93P4S03,DYCOL08,Text (10)
1393,R93P4S04,Address,Text (11)
1393,R93P4S04,Dycol01,Text (3)
1393,R93P4S04,Dycol03,Text (2)
1393,R93P4S04,Dycol04,Text (2)
1393,R93P4S04,Dycol05,Text (10)
1393,U93Data,Address,Text (11)
1393,U93Data,MahMorajeh,Text (2)
1393,U93Data,ShoghlSarparast,Text (50)
1393,U93Data,NoeKhn,Text (1)
1393,U93Data,Takmil,Text (1)
1393,U93Data,TakmilDescA,Text (1)
1393,U93Data,TakmilDescB,Text (1)
1393,U93Data,TakmilDescC,Text (100)
1393,U93Data,Jaygozin,Text (1)
1393,U93Data,JaygozinDescA,Text (1)
1393,U93Data,JaygozinDescB,Text (1)
1393,U93Data,JaygozinDescC,Text (100)
1393,U93Data,BlkAbdJaygozin,Text (6)
1393,U93Data,RadifJaygozin,Text (3)
1393,U93Data,fStat,Text (1)
1393,U93Data,fEnt,Integer
1393,U93Data,fvfy,Integer
1393,U93Data,user1,Text (50)
1393,U93Data,user2,Text (50)
1393,U93Data,user3,Text (50)
1393,U93Data,user4,Text (50)
1393,U93Data,Tekrari,Text (1)
1393,U93Data,Bakhsh,Text (2)
1393,U93Data,ShrDeh,Text (4)
1393,U93Data,Hozeh,Text (3)
1393,U93Data,BlkAbd,Text (6)
1393,U93Data,AbdName,Text (255)
1393,U93KarBargh1,Address,Text (11)
1393,U93KarBargh1,DYCOL01,Text (2)
1393,U93KarBargh1,DYCOL02,Text (4)
1393,U93KarBargh1,DYCOL03,Text (12)
1393,U93KarBargh2,Address,Text (11)
1393,U93KarBargh2,DYCOL01,Text (2)
1393,U93KarBargh2,DYCOL02,Text (4)
1393,U93KarBargh2,DYCOL03,Text (5)
1393,U93KarBargh2,DYCOL04,Text (1)
1393,U93KarBargh2,DYCOL05,Text (10)
1393,U93KarBargh2,DYCOL06,Text (1)
1393,U93KarBargh2,DYCOL07,Text (10)
1393,U93KarBargh2,DYCOL08,Text (1)
1393,U93KarBargh2,DYCOL09,Text (10)
1393,U93KarBargh2,DYCOL10,Text (10)
1393,U93KarBargh2,DYCOL11,Text (1)
1393,U93KarBargh2,DYCOL12,Text (10)
1393,U93KarBargh2,DYCOL13,Text (1)
1393,U93KarBargh2,DYCOL14,Text (10)
1393,U93KarBargh2,DYCOL15,Text (1)
1393,U93KarBargh2,DYCOL16,Text (10)
1393,U93KarBargh2,DYCOL17,Text (10)
1393,U93KarBargh2,DYCOL18,Text (10)
1393,U93KarBargh2,DYCOL19,Text (10)
1393,U93KarBargh2,DYCOL20,Text (10)
1393,U93KarBargh2,DYCOL21,Text (10)
1393,U93KarBargh2,DYCOL22,Text (10)
1393,U93KarBargh2,DYCOL23,Text (10)
1393,U93KarBargh2,DYCOL24,Text (10)
1393,U93KarBargh2,DYCOL25,Text (10)
1393,U93KarBargh2,DYCOL26,Text (14)
1393,U93KarBargh2,DYCOL27,Text (10)
1393,U93KarBargh2,DYCOL28,Text (10)
1393,U93KarBargh2,DYCOL29,Text (10)
1393,U93KarBargh2,DYCOL30,Text (10)
1393,U93KarBargh2,DYCOL31,Text (10)
1393,U93KarBargh2,DYCOL32,Text (10)
1393,U93KarBargh2,DYCOL33,Text (10)
1393,U93KarBargh2,DYCOL34,Text (10)
1393,U93KarBargh2,DYCOL35,Text (10)
1393,U93KarBargh2,DYCOL36,Text (10)
1393,U93KarBargh2,DYCOL37,Text (10)
1393,U93KarBargh2,DYCOL38,Text (10)
1393,U93KarBargh2,DYCOL39,Text (10)
1393,U93KarBargh2,DYCOL40,Text (10)
1393,U93KarBargh2,DYCOL41,Text (10)
1393,U93KarBargh2,DYCOL42,Text (10)
1393,U93KarBargh2,DYCOL43,Text (10)
1393,U93KarBargh2,DYCOL44,Text (10)
1393,U93KarBargh2,DYCOL45,Text (10)
1393,U93KarBargh2,DYCOL46,Text (14)
1393,U93KarBargh2,DYCOL47,Text (10)
1393,U93KarBargh2,DYCOL48,Text (10)
1393,U93KarBargh2,DYCOL49,Text (10)
1393,U93KarBargh2,DYCOL50,Text (10)
1393,U93KarBargh2,DYCOL51,Text (10)
1393,U93KarBargh2,DYCOL52,Text (10)
1393,U93KarBargh2,DYCOL53,Text (10)
1393,U93KarBargh2,DYCOL54,Text (10)
1393,U93KarBargh2,DYCOL55,Text (14)
1393,U93KarBargh2,DYCOL56,Text (10)
1393,U93KarBargh2,DYCOL57,Text (10)
1393,U93KarBargh2,DYCOL58,Text (10)
1393,U93KarBargh2,DYCOL59,Text (10)
1393,U93KarBargh2,DYCOL60,Text (10)
1393,U93KarBargh2,DYCOL61,Text (10)
1393,U93KarBargh2,DYCOL62,Text (10)
1393,U93KarBargh2,DYCOL63,Text (10)
1393,U93KarBargh2,DYCOL64,Text (10)
1393,U93KarBargh2,DYCOL65,Text (10)
1393,U93KarBargh2,DYCOL66,Text (10)
1393,U93KarBargh2,DYCOL67,Text (10)
1393,U93KarBargh2,DYCOL68,Text (14)
1393,U93KarBargh2,DYCOL69,Text (14)
1393,U93KarBargh2,DYCOL70,Text (10)
1393,U93KarBargh2,DYCOL71,Text (10)
1393,U93KarBargh2,DYCOL72,Text (10)
1393,U93KarBargh2,DYCOL73,Text (10)
1393,U93KarBargh2,DYCOL74,Text (10)
1393,U93KarBargh2,DYCOL75,Text (10)
1393,U93KarBargh2,DYCOL76,Text (10)
1393,U93KarBargh2,DYCOL77,Text (14)
1393,U93KarBargh2,DYCOL78,Text (10)
1393,U93KarBargh2,DYCOL79,Text (10)
1393,U93KarBargh2,DYCOL80,Text (10)
1393,U93KarBargh2,DYCOL81,Text (10)
1393,U93KarBargh2,DYCOL82,Text (10)
1393,U93KarBargh2,DYCOL83,Text (10)
1393,U93KarBargh2,DYCOL84,Text (14)
1393,U93KarBargh2,DYCOL85,Text (10)
1393,U93KarBargh2,DYCOL86,Text (10)
1393,U93KarBargh2,DYCOL87,Text (10)
1393,U93KarBargh2,DYCOL88,Text (10)
1393,U93KarBargh2,DYCOL89,Text (10)
1393,U93KarBargh2,DYCOL90,Text (10)
1393,U93KarBargh2,DYCOL91,Text (10)
1393,U93KarBargh2,DYCOL92,Text (10)
1393,U93KarBargh2,DYCOL93,Text (10)
1393,U93KarBargh2,DYCOL94,Text (14)
1393,U93P1,Address,Text (11)
1393,U93P1,DYCOL01,Text (2)
1393,U93P1,DYCOL03,Text (1)
1393,U93P1,DYCOL04,Text (1)
1393,U93P1,DYCOL05,Text (2)
1393,U93P1,DYCOL06,Text (1)
1393,U93P1,DYCOL07,Text (1)
1393,U93P1,DYCOL08,Text (3)
1393,U93P1,DYCOL09,Text (1)
1393,U93P1,DYCOL10,Text (1)
1393,U93P2,Address,Text (11)
1393,U93P2,DYCOL01,Text (1)
1393,U93P2,DYCOL02,Text (50)
1393,U93P2,DYCOL03,Text (2)
1393,U93P2,DYCOL04,Text (3)
1393,U93P2,DYCOL05,Text (1)
1393,U93P2,DYCOL06,Text (2)
1393,U93P2,DYCOL07,Text (1)
1393,U93P2,DYCOL08,Text (1)
1393,U93P2,DYCOL09,Text (1)
1393,U93P2,DYCOL10,Text (1)
1393,U93P2,DYCOL11,Text (1)
1393,U93P2,DYCOL12,Text (1)
1393,U93P2,DYCOL13,Text (1)
1393,U93P2,DYCOL14,Text (1)
1393,U93P2,DYCOL15,Text (1)
1393,U93P2,DYCOL16,Text (1)
1393,U93P2,DYCOL17,Text (1)
1393,U93P2,DYCOL18,Text (1)
1393,U93P2,DYCOL19,Text (1)
1393,U93P2,DYCOL20,Text (1)
1393,U93P2,DYCOL21,Text (1)
1393,U93P2,DYCOL22,Text (1)
1393,U93P2,DYCOL23,Text (1)
1393,U93P2,DYCOL24,Text (1)
1393,U93P2,DYCOL25,Text (1)
1393,U93P2,DYCOL26,Text (1)
1393,U93P2,DYCOL27,Text (1)
1393,U93P2,DYCOL28,Text (1)
1393,U93P2,DYCOL29,Text (1)
1393,U93P2,DYCOL30,Text (1)
1393,U93P2,DYCOL31,Text (1)
1393,U93P2,DYCOL32,Text (1)
1393,U93P2,DYCOL33,Text (1)
1393,U93P2,DYCOL34,Text (1)
1393,U93P2,DYCOL35,Text (1)
1393,U93P2,DYCOL36,Text (1)
1393,U93P2,DYCOL37,Text (1)
1393,U93P2,DYCOL38,Text (1)
1393,U93P2,DYCOL39,Text (1)
1393,U93P2,DYCOL40,Text (1)
1393,U93P2,DYCOL41,Text (1)
1393,U93P2,DYCOL42,Text (1)
1393,U93P2,DYCOL43,Text (2)
1393,U93P2,DYCOL44,Text (2)
1393,U93P2,DYCOL45,Text (2)
1393,U93P2,DYCOL46,Text (1)
1393,U93P2,DYCOL47,Text (1)
1393,U93P2,DYCOL48,Text (1)
1393,U93P2,DYCOL49,Text (1)
1393,U93P2,DYCOL50,Text (1)
1393,U93P2,DYCOL51,Text (1)
1393,U93P2,DYCOL52,Text (1)
1393,U93P2,DYCOL53,Text (1)
1393,U93P2,DYCOL54,Text (1)
1393,U93P2,DYCOL55,Text (1)
1393,U93P2,DYCOL56,Text (1)
1393,U93P2,DYCOL57,Text (1)
1393,U93P2,DYCOL58,Text (1)
1393,U93P2,DYCOL59,Text (1)
1393,U93P2,DYCOL60,Text (100)
1393,U93P2,DYCOL61,Text (1)
1393,U93P3S01,Address,Text (11)
1393,U93P3S01,DYCOL01,Text (6)
1393,U93P3S01,DYCOL02,Text (1)
1393,U93P3S01,DYCOL03,Text (3)
1393,U93P3S01,DYCOL04,Text (5)
1393,U93P3S01,DYCOL05,Text (10)
1393,U93P3S01,DYCOL06,Text (10)
1393,U93P3S02,Address,Text (11)
1393,U93P3S02,DYCOL01,Text (6)
1393,U93P3S02,DYCOL02,Text (1)
1393,U93P3S02,DYCOL03,Text (3)
1393,U93P3S02,DYCOL04,Text (5)
1393,U93P3S02,DYCOL05,Text (10)
1393,U93P3S02,DYCOL06,Text (10)
1393,U93P3S03,Address,Text (11)
1393,U93P3S03,DYCOL01,Text (6)
1393,U93P3S03,DYCOL02,Text (1)
1393,U93P3S03,DYCOL03,Text (10)
1393,U93P3S04,Address,Text (11)
1393,U93P3S04,DYCOL01,Text (6)
1393,U93P3S04,DYCOL02,Text (10)
1393,U93P3S04,DYCOL03,Text (1)
1393,U93P3S04,DYCOL04,Text (10)
1393,U93P3S05,Address,Text (11)
1393,U93P3S05,DYCOL01,Text (6)
1393,U93P3S05,DYCOL02,Text (1)
1393,U93P3S05,DYCOL03,Text (10)
1393,U93P3S06,Address,Text (11)
1393,U93P3S06,DYCOL01,Text (6)
1393,U93P3S06,DYCOL02,Text (1)
1393,U93P3S06,DYCOL03,Text (10)
1393,U93P3S07,Address,Text (11)
1393,U93P3S07,DYCOL01,Text (6)
1393,U93P3S07,DYCOL02,Text (1)
1393,U93P3S07,DYCOL03,Text (10)
1393,U93P3S08,Address,Text (11)
1393,U93P3S08,DYCOL01,Text (6)
1393,U93P3S08,DYCOL02,Text (1)
1393,U93P3S08,DYCOL03,Text (10)
1393,U93P3S09,Address,Text (11)
1393,U93P3S09,DYCOL01,Text (6)
1393,U93P3S09,DYCOL02,Text (1)
1393,U93P3S09,DYCOL03,Text (10)
1393,U93P3S10,Address,Text (11)
1393,U93P3S10,DYCOL01,Text (6)
1393,U93P3S10,DYCOL02,Text (1)
1393,U93P3S10,DYCOL03,Text (10)
1393,U93P3S11,Address,Text (11)
1393,U93P3S11,DYCOL01,Text (6)
1393,U93P3S11,DYCOL02,Text (1)
1393,U93P3S11,DYCOL03,Text (10)
1393,U93P3S12,Address,Text (11)
1393,U93P3S12,DYCOL01,Text (6)
1393,U93P3S12,DYCOL02,Text (1)
1393,U93P3S12,DYCOL03,Text (10)
1393,U93P3S13,Address,Text (11)
1393,U93P3S13,DYCOL01,Text (6)
1393,U93P3S13,DYCOL02,Text (10)
1393,U93P3S13,DYCOL03,Text (50)
1393,U93P3S13,DYCOL04,Text (1)
1393,U93P3S13,DYCOL05,Text (10)
1393,U93P3S13,DYCOL06,Text (10)
1393,U93P3S14,Address,Text (11)
1393,U93P3S14,DYCOL01,Text (6)
1393,U93P3S14,DYCOL02,Text (1)
1393,U93P3S14,DYCOL03,Text (10)
1393,U93P3S14,DYCOL04,Text (10)
1393,U93P4S01,Address,Text (11)
1393,U93P4S01,DYCOL01,Text (2)
1393,U93P4S01,DYCOL02,Text (1)
1393,U93P4S01,DYCOL03,Text (4)
1393,U93P4S01,DYCOL04,Text (5)
1393,U93P4S01,DYCOL05,Text (1)
1393,U93P4S01,DYCOL06,Text (2)
1393,U93P4S01,DYCOL07,Text (1)
1393,U93P4S01,DYCOL08,Text (10)
1393,U93P4S01,DYCOL09,Text (10)
1393,U93P4S01,DYCOL10,Text (10)
1393,U93P4S01,DYCOL11,Text (10)
1393,U93P4S01,DYCOL12,Text (10)
1393,U93P4S01,DYCOL13,Text (10)
1393,U93P4S01,DYCOL14,Text (14)
1393,U93P4S01,DYCOL15,Text (14)
1393,U93P4S02,Address,Text (11)
1393,U93P4S02,DYCOL01,Text (2)
1393,U93P4S02,DYCOL02,Text (1)
1393,U93P4S02,DYCOL03,Text (4)
1393,U93P4S02,DYCOL04,Text (5)
1393,U93P4S02,DYCOL05,Text (1)
1393,U93P4S02,DYCOL06,Text (1)
1393,U93P4S02,DYCOL07,Text (2)
1393,U93P4S02,DYCOL08,Text (1)
1393,U93P4S02,DYCOL14,Text (14)
1393,U93P4S02,DYCOL15,Text (14)
1393,U93P4S02,DYCOL09,Text (14)
1393,U93P4S02,DYCOL10,Text (14)
1393,U93P4S02,DYCOL11,Text (14)
1393,U93P4S02,DYCOL12,Text (14)
1393,U93P4S02,DYCOL13,Text (14)
1393,U93P4S03,Address,Text (11)
1393,U93P4S03,DYCOL01,Text (2)
1393,U93P4S03,DYCOL03,Text (10)
1393,U93P4S03,DYCOL04,Text (10)
1393,U93P4S03,DYCOL05,Text (10)
1393,U93P4S03,DYCOL06,Text (10)
1393,U93P4S03,DYCOL07,Text (10)
1393,U93P4S03,DYCOL08,Text (10)
1393,U93P4S04,Address,Text (11)
1393,U93P4S04,Dycol01,Text (3)
1393,U93P4S04,Dycol03,Text (2)
1393,U93P4S04,Dycol04,Text (2)
1393,U93P4S04,Dycol05,Text (10)
1394,R94,Address,Text (11)
1394,R94,MahMorajeh,Text (2)
1394,R94Data,Address,Text (11)
1394,R94Data,MahMorajeh,Text (2)
1394,R94Data,ShoghlSarparast,Text (50)
1394,R94Data,NoeKhn,Text (1)
1394,R94Data,Takmil,Text (1)
1394,R94Data,TakmilDescA,Text (1)
1394,R94Data,TakmilDescB,Text (1)
1394,R94Data,TakmilDescC,Text (100)
1394,R94Data,Jaygozin,Text (1)
1394,R94Data,JaygozinDescA,Text (1)
1394,R94Data,JaygozinDescB,Text (1)
1394,R94Data,JaygozinDescC,Text (100)
1394,R94Data,BlkAbdJaygozin,Text (6)
1394,R94Data,RadifJaygozin,Text (3)
1394,R94Data,fStat,Text (1)
1394,R94Data,fEnt,Integer
1394,R94Data,fvfy,Integer
1394,R94Data,user1,Text (50)
1394,R94Data,user2,Text (50)
1394,R94Data,user3,Text (50)
1394,R94Data,user4,Text (50)
1394,R94Data,Tekrari,Text (1)
1394,R94Data,Bakhsh,Text (2)
1394,R94Data,ShrDeh,Text (4)
1394,R94Data,Hozeh,Text (3)
1394,R94Data,BlkAbd,Text (6)
1394,R94Data,AbdName,Text (255)
1394,R94KarBargh1,Address,Text (11)
1394,R94KarBargh1,DYCOL01,Text (2)
1394,R94KarBargh1,DYCOL02,Text (4)
1394,R94KarBargh1,DYCOL03,Text (12)
1394,R94KarBargh2,Address,Text (11)
1394,R94KarBargh2,DYCOL01,Text (2)
1394,R94KarBargh2,DYCOL02,Text (4)
1394,R94KarBargh2,DYCOL03,Text (5)
1394,R94KarBargh2,DYCOL04,Text (1)
1394,R94KarBargh2,DYCOL05,Text (10)
1394,R94KarBargh2,DYCOL06,Text (1)
1394,R94KarBargh2,DYCOL07,Text (10)
1394,R94KarBargh2,DYCOL08,Text (1)
1394,R94KarBargh2,DYCOL09,Text (10)
1394,R94KarBargh2,DYCOL10,Text (10)
1394,R94KarBargh2,DYCOL11,Text (1)
1394,R94KarBargh2,DYCOL12,Text (10)
1394,R94KarBargh2,DYCOL13,Text (1)
1394,R94KarBargh2,DYCOL14,Text (10)
1394,R94KarBargh2,DYCOL15,Text (1)
1394,R94KarBargh2,DYCOL16,Text (10)
1394,R94KarBargh2,DYCOL17,Text (10)
1394,R94KarBargh2,DYCOL18,Text (10)
1394,R94KarBargh2,DYCOL19,Text (10)
1394,R94KarBargh2,DYCOL20,Text (10)
1394,R94KarBargh2,DYCOL21,Text (10)
1394,R94KarBargh2,DYCOL22,Text (10)
1394,R94KarBargh2,DYCOL23,Text (10)
1394,R94KarBargh2,DYCOL24,Text (10)
1394,R94KarBargh2,DYCOL25,Text (10)
1394,R94KarBargh2,DYCOL26,Text (14)
1394,R94KarBargh2,DYCOL27,Text (10)
1394,R94KarBargh2,DYCOL28,Text (10)
1394,R94KarBargh2,DYCOL29,Text (10)
1394,R94KarBargh2,DYCOL30,Text (10)
1394,R94KarBargh2,DYCOL31,Text (10)
1394,R94KarBargh2,DYCOL32,Text (10)
1394,R94KarBargh2,DYCOL33,Text (10)
1394,R94KarBargh2,DYCOL34,Text (10)
1394,R94KarBargh2,DYCOL35,Text (10)
1394,R94KarBargh2,DYCOL36,Text (10)
1394,R94KarBargh2,DYCOL37,Text (10)
1394,R94KarBargh2,DYCOL38,Text (10)
1394,R94KarBargh2,DYCOL39,Text (10)
1394,R94KarBargh2,DYCOL40,Text (10)
1394,R94KarBargh2,DYCOL41,Text (10)
1394,R94KarBargh2,DYCOL42,Text (10)
1394,R94KarBargh2,DYCOL43,Text (10)
1394,R94KarBargh2,DYCOL44,Text (10)
1394,R94KarBargh2,DYCOL45,Text (10)
1394,R94KarBargh2,DYCOL46,Text (14)
1394,R94KarBargh2,DYCOL47,Text (10)
1394,R94KarBargh2,DYCOL48,Text (10)
1394,R94KarBargh2,DYCOL49,Text (10)
1394,R94KarBargh2,DYCOL50,Text (10)
1394,R94KarBargh2,DYCOL51,Text (10)
1394,R94KarBargh2,DYCOL52,Text (10)
1394,R94KarBargh2,DYCOL53,Text (10)
1394,R94KarBargh2,DYCOL54,Text (10)
1394,R94KarBargh2,DYCOL55,Text (14)
1394,R94KarBargh2,DYCOL56,Text (10)
1394,R94KarBargh2,DYCOL57,Text (10)
1394,R94KarBargh2,DYCOL58,Text (10)
1394,R94KarBargh2,DYCOL59,Text (10)
1394,R94KarBargh2,DYCOL60,Text (10)
1394,R94KarBargh2,DYCOL61,Text (10)
1394,R94KarBargh2,DYCOL62,Text (10)
1394,R94KarBargh2,DYCOL63,Text (10)
1394,R94KarBargh2,DYCOL64,Text (10)
1394,R94KarBargh2,DYCOL65,Text (10)
1394,R94KarBargh2,DYCOL66,Text (10)
1394,R94KarBargh2,DYCOL67,Text (10)
1394,R94KarBargh2,DYCOL68,Text (14)
1394,R94KarBargh2,DYCOL69,Text (14)
1394,R94KarBargh2,DYCOL70,Text (10)
1394,R94KarBargh2,DYCOL71,Text (10)
1394,R94KarBargh2,DYCOL72,Text (10)
1394,R94KarBargh2,DYCOL73,Text (10)
1394,R94KarBargh2,DYCOL74,Text (10)
1394,R94KarBargh2,DYCOL75,Text (10)
1394,R94KarBargh2,DYCOL76,Text (10)
1394,R94KarBargh2,DYCOL77,Text (14)
1394,R94KarBargh2,DYCOL78,Text (10)
1394,R94KarBargh2,DYCOL79,Text (10)
1394,R94KarBargh2,DYCOL80,Text (10)
1394,R94KarBargh2,DYCOL81,Text (10)
1394,R94KarBargh2,DYCOL82,Text (10)
1394,R94KarBargh2,DYCOL83,Text (10)
1394,R94KarBargh2,DYCOL84,Text (14)
1394,R94KarBargh2,DYCOL85,Text (10)
1394,R94KarBargh2,DYCOL86,Text (10)
1394,R94KarBargh2,DYCOL87,Text (10)
1394,R94KarBargh2,DYCOL88,Text (10)
1394,R94KarBargh2,DYCOL89,Text (10)
1394,R94KarBargh2,DYCOL90,Text (10)
1394,R94KarBargh2,DYCOL91,Text (10)
1394,R94KarBargh2,DYCOL92,Text (10)
1394,R94KarBargh2,DYCOL93,Text (10)
1394,R94KarBargh2,DYCOL94,Text (14)
1394,R94P1,Address,Text (11)
1394,R94P1,DYCOL01,Text (2)
1394,R94P1,DYCOL03,Text (1)
1394,R94P1,DYCOL04,Text (1)
1394,R94P1,DYCOL05,Text (2)
1394,R94P1,DYCOL06,Text (1)
1394,R94P1,DYCOL07,Text (1)
1394,R94P1,DYCOL08,Text (3)
1394,R94P1,DYCOL09,Text (1)
1394,R94P1,DYCOL10,Text (1)
1394,R94P2,Address,Text (11)
1394,R94P2,DYCOL01,Text (1)
1394,R94P2,DYCOL02,Text (50)
1394,R94P2,DYCOL03,Text (2)
1394,R94P2,DYCOL04,Text (3)
1394,R94P2,DYCOL05,Text (1)
1394,R94P2,DYCOL06,Text (2)
1394,R94P2,DYCOL07,Text (1)
1394,R94P2,DYCOL08,Text (1)
1394,R94P2,DYCOL09,Text (1)
1394,R94P2,DYCOL10,Text (1)
1394,R94P2,DYCOL11,Text (1)
1394,R94P2,DYCOL12,Text (1)
1394,R94P2,DYCOL13,Text (1)
1394,R94P2,DYCOL14,Text (1)
1394,R94P2,DYCOL15,Text (1)
1394,R94P2,DYCOL16,Text (1)
1394,R94P2,DYCOL17,Text (1)
1394,R94P2,DYCOL18,Text (1)
1394,R94P2,DYCOL19,Text (1)
1394,R94P2,DYCOL20,Text (1)
1394,R94P2,DYCOL21,Text (1)
1394,R94P2,DYCOL22,Text (1)
1394,R94P2,DYCOL23,Text (1)
1394,R94P2,DYCOL24,Text (1)
1394,R94P2,DYCOL25,Text (1)
1394,R94P2,DYCOL26,Text (1)
1394,R94P2,DYCOL27,Text (1)
1394,R94P2,DYCOL28,Text (1)
1394,R94P2,DYCOL29,Text (1)
1394,R94P2,DYCOL30,Text (1)
1394,R94P2,DYCOL31,Text (1)
1394,R94P2,DYCOL32,Text (1)
1394,R94P2,DYCOL33,Text (1)
1394,R94P2,DYCOL34,Text (1)
1394,R94P2,DYCOL35,Text (1)
1394,R94P2,DYCOL36,Text (1)
1394,R94P2,DYCOL37,Text (1)
1394,R94P2,DYCOL38,Text (1)
1394,R94P2,DYCOL39,Text (1)
1394,R94P2,DYCOL40,Text (1)
1394,R94P2,DYCOL41,Text (1)
1394,R94P2,DYCOL42,Text (1)
1394,R94P2,DYCOL43,Text (2)
1394,R94P2,DYCOL44,Text (2)
1394,R94P2,DYCOL45,Text (2)
1394,R94P2,DYCOL46,Text (1)
1394,R94P2,DYCOL47,Text (1)
1394,R94P2,DYCOL48,Text (1)
1394,R94P2,DYCOL49,Text (1)
1394,R94P2,DYCOL50,Text (1)
1394,R94P2,DYCOL51,Text (1)
1394,R94P2,DYCOL52,Text (1)
1394,R94P2,DYCOL53,Text (1)
1394,R94P2,DYCOL54,Text (1)
1394,R94P2,DYCOL55,Text (1)
1394,R94P2,DYCOL56,Text (1)
1394,R94P2,DYCOL57,Text (1)
1394,R94P2,DYCOL58,Text (1)
1394,R94P2,DYCOL59,Text (1)
1394,R94P2,DYCOL60,Text (100)
1394,R94P2,DYCOL61,Text (1)
1394,R94P3S01,Address,Text (11)
1394,R94P3S01,DYCOL01,Text (6)
1394,R94P3S01,DYCOL02,Text (1)
1394,R94P3S01,DYCOL03,Text (3)
1394,R94P3S01,DYCOL04,Text (5)
1394,R94P3S01,DYCOL05,Text (10)
1394,R94P3S01,DYCOL06,Text (10)
1394,R94P3S02,Address,Text (11)
1394,R94P3S02,DYCOL01,Text (6)
1394,R94P3S02,DYCOL02,Text (1)
1394,R94P3S02,DYCOL03,Text (3)
1394,R94P3S02,DYCOL04,Text (5)
1394,R94P3S02,DYCOL05,Text (10)
1394,R94P3S02,DYCOL06,Text (10)
1394,R94P3S03,Address,Text (11)
1394,R94P3S03,DYCOL01,Text (6)
1394,R94P3S03,DYCOL02,Text (1)
1394,R94P3S03,DYCOL03,Text (10)
1394,R94P3S04,Address,Text (11)
1394,R94P3S04,DYCOL01,Text (6)
1394,R94P3S04,DYCOL02,Text (10)
1394,R94P3S04,DYCOL03,Text (1)
1394,R94P3S04,DYCOL04,Text (10)
1394,R94P3S05,Address,Text (11)
1394,R94P3S05,DYCOL01,Text (6)
1394,R94P3S05,DYCOL02,Text (1)
1394,R94P3S05,DYCOL03,Text (10)
1394,R94P3S06,Address,Text (11)
1394,R94P3S06,DYCOL01,Text (6)
1394,R94P3S06,DYCOL02,Text (1)
1394,R94P3S06,DYCOL03,Text (10)
1394,R94P3S07,Address,Text (11)
1394,R94P3S07,DYCOL01,Text (6)
1394,R94P3S07,DYCOL02,Text (1)
1394,R94P3S07,DYCOL03,Text (10)
1394,R94P3S08,Address,Text (11)
1394,R94P3S08,DYCOL01,Text (6)
1394,R94P3S08,DYCOL02,Text (1)
1394,R94P3S08,DYCOL03,Text (10)
1394,R94P3S09,Address,Text (11)
1394,R94P3S09,DYCOL01,Text (6)
1394,R94P3S09,DYCOL02,Text (1)
1394,R94P3S09,DYCOL03,Text (10)
1394,R94P3S10,Address,Text (11)
1394,R94P3S10,DYCOL01,Text (6)
1394,R94P3S10,DYCOL02,Text (1)
1394,R94P3S10,DYCOL03,Text (10)
1394,R94P3S11,Address,Text (11)
1394,R94P3S11,DYCOL01,Text (6)
1394,R94P3S11,DYCOL02,Text (1)
1394,R94P3S11,DYCOL03,Text (10)
1394,R94P3S12,Address,Text (11)
1394,R94P3S12,DYCOL01,Text (6)
1394,R94P3S12,DYCOL02,Text (1)
1394,R94P3S12,DYCOL03,Text (10)
1394,R94P3S13,Address,Text (11)
1394,R94P3S13,DYCOL01,Text (6)
1394,R94P3S13,DYCOL02,Text (10)
1394,R94P3S13,DYCOL03,Text (50)
1394,R94P3S13,DYCOL04,Text (1)
1394,R94P3S13,DYCOL05,Text (10)
1394,R94P3S13,DYCOL06,Text (10)
1394,R94P3S14,Address,Text (11)
1394,R94P3S14,DYCOL01,Text (6)
1394,R94P3S14,DYCOL02,Text (1)
1394,R94P3S14,DYCOL03,Text (10)
1394,R94P3S14,DYCOL04,Text (10)
1394,R94P4S01,Address,Text (11)
1394,R94P4S01,DYCOL01,Text (2)
1394,R94P4S01,DYCOL02,Text (1)
1394,R94P4S01,DYCOL03,Text (4)
1394,R94P4S01,DYCOL04,Text (5)
1394,R94P4S01,DYCOL05,Text (1)
1394,R94P4S01,DYCOL06,Text (2)
1394,R94P4S01,DYCOL07,Text (1)
1394,R94P4S01,DYCOL08,Text (10)
1394,R94P4S01,DYCOL09,Text (10)
1394,R94P4S01,DYCOL10,Text (10)
1394,R94P4S01,DYCOL11,Text (10)
1394,R94P4S01,DYCOL12,Text (10)
1394,R94P4S01,DYCOL13,Text (10)
1394,R94P4S01,DYCOL14,Text (14)
1394,R94P4S01,DYCOL15,Text (14)
1394,R94P4S02,Address,Text (11)
1394,R94P4S02,DYCOL01,Text (2)
1394,R94P4S02,DYCOL02,Text (1)
1394,R94P4S02,DYCOL03,Text (4)
1394,R94P4S02,DYCOL04,Text (5)
1394,R94P4S02,DYCOL05,Text (1)
1394,R94P4S02,DYCOL06,Text (1)
1394,R94P4S02,DYCOL07,Text (2)
1394,R94P4S02,DYCOL08,Text (1)
1394,R94P4S02,DYCOL09,Text (14)
1394,R94P4S02,DYCOL10,Text (14)
1394,R94P4S02,DYCOL11,Text (14)
1394,R94P4S02,DYCOL12,Text (14)
1394,R94P4S02,DYCOL13,Text (14)
1394,R94P4S02,DYCOL14,Text (14)
1394,R94P4S02,DYCOL15,Text (14)
1394,R94P4S03,Address,Text (11)
1394,R94P4S03,DYCOL01,Text (2)
1394,R94P4S03,DYCOL03,Text (10)
1394,R94P4S03,DYCOL04,Text (10)
1394,R94P4S03,DYCOL05,Text (10)
1394,R94P4S03,DYCOL06,Text (10)
1394,R94P4S03,DYCOL07,Text (10)
1394,R94P4S03,DYCOL08,Text (10)
1394,R94P4S04,Address,Text (11)
1394,R94P4S04,Dycol01,Text (3)
1394,R94P4S04,Dycol03,Text (2)
1394,R94P4S04,Dycol04,Text (2)
1394,R94P4S04,Dycol05,Text (10)
1394,U94,Address,Text (11)
1394,U94,MahMorajeh,Text (2)
1394,U94Data,Address,Text (11)
1394,U94Data,MahMorajeh,Text (2)
1394,U94Data,ShoghlSarparast,Text (50)
1394,U94Data,NoeKhn,Text (1)
1394,U94Data,Takmil,Text (1)
1394,U94Data,TakmilDescA,Text (1)
1394,U94Data,TakmilDescB,Text (1)
1394,U94Data,TakmilDescC,Text (100)
1394,U94Data,Jaygozin,Text (1)
1394,U94Data,JaygozinDescA,Text (1)
1394,U94Data,JaygozinDescB,Text (1)
1394,U94Data,JaygozinDescC,Text (100)
1394,U94Data,BlkAbdJaygozin,Text (6)
1394,U94Data,RadifJaygozin,Text (3)
1394,U94Data,fStat,Text (1)
1394,U94Data,fEnt,Integer
1394,U94Data,fvfy,Integer
1394,U94Data,user1,Text (50)
1394,U94Data,user2,Text (50)
1394,U94Data,user3,Text (50)
1394,U94Data,user4,Text (50)
1394,U94Data,Tekrari,Text (1)
1394,U94Data,Bakhsh,Text (2)
1394,U94Data,ShrDeh,Text (4)
1394,U94Data,Hozeh,Text (3)
1394,U94Data,BlkAbd,Text (6)
1394,U94Data,AbdName,Text (255)
1394,U94KarBargh1,Address,Text (11)
1394,U94KarBargh1,DYCOL01,Text (2)
1394,U94KarBargh1,DYCOL02,Text (4)
1394,U94KarBargh1,DYCOL03,Text (12)
1394,U94KarBargh2,Address,Text (11)
1394,U94KarBargh2,DYCOL01,Text (2)
1394,U94KarBargh2,DYCOL02,Text (4)
1394,U94KarBargh2,DYCOL03,Text (5)
1394,U94KarBargh2,DYCOL04,Text (1)
1394,U94KarBargh2,DYCOL05,Text (10)
1394,U94KarBargh2,DYCOL06,Text (1)
1394,U94KarBargh2,DYCOL07,Text (10)
1394,U94KarBargh2,DYCOL08,Text (1)
1394,U94KarBargh2,DYCOL09,Text (10)
1394,U94KarBargh2,DYCOL10,Text (10)
1394,U94KarBargh2,DYCOL11,Text (1)
1394,U94KarBargh2,DYCOL12,Text (10)
1394,U94KarBargh2,DYCOL13,Text (1)
1394,U94KarBargh2,DYCOL14,Text (10)
1394,U94KarBargh2,DYCOL15,Text (1)
1394,U94KarBargh2,DYCOL16,Text (10)
1394,U94KarBargh2,DYCOL17,Text (10)
1394,U94KarBargh2,DYCOL18,Text (10)
1394,U94KarBargh2,DYCOL19,Text (10)
1394,U94KarBargh2,DYCOL20,Text (10)
1394,U94KarBargh2,DYCOL21,Text (10)
1394,U94KarBargh2,DYCOL22,Text (10)
1394,U94KarBargh2,DYCOL23,Text (10)
1394,U94KarBargh2,DYCOL24,Text (10)
1394,U94KarBargh2,DYCOL25,Text (10)
1394,U94KarBargh2,DYCOL26,Text (14)
1394,U94KarBargh2,DYCOL27,Text (10)
1394,U94KarBargh2,DYCOL28,Text (10)
1394,U94KarBargh2,DYCOL29,Text (10)
1394,U94KarBargh2,DYCOL30,Text (10)
1394,U94KarBargh2,DYCOL31,Text (10)
1394,U94KarBargh2,DYCOL32,Text (10)
1394,U94KarBargh2,DYCOL33,Text (10)
1394,U94KarBargh2,DYCOL34,Text (10)
1394,U94KarBargh2,DYCOL35,Text (10)
1394,U94KarBargh2,DYCOL36,Text (10)
1394,U94KarBargh2,DYCOL37,Text (10)
1394,U94KarBargh2,DYCOL38,Text (10)
1394,U94KarBargh2,DYCOL39,Text (10)
1394,U94KarBargh2,DYCOL40,Text (10)
1394,U94KarBargh2,DYCOL41,Text (10)
1394,U94KarBargh2,DYCOL42,Text (10)
1394,U94KarBargh2,DYCOL43,Text (10)
1394,U94KarBargh2,DYCOL44,Text (10)
1394,U94KarBargh2,DYCOL45,Text (10)
1394,U94KarBargh2,DYCOL46,Text (14)
1394,U94KarBargh2,DYCOL47,Text (10)
1394,U94KarBargh2,DYCOL48,Text (10)
1394,U94KarBargh2,DYCOL49,Text (10)
1394,U94KarBargh2,DYCOL50,Text (10)
1394,U94KarBargh2,DYCOL51,Text (10)
1394,U94KarBargh2,DYCOL52,Text (10)
1394,U94KarBargh2,DYCOL53,Text (10)
1394,U94KarBargh2,DYCOL54,Text (10)
1394,U94KarBargh2,DYCOL55,Text (14)
1394,U94KarBargh2,DYCOL56,Text (10)
1394,U94KarBargh2,DYCOL57,Text (10)
1394,U94KarBargh2,DYCOL58,Text (10)
1394,U94KarBargh2,DYCOL59,Text (10)
1394,U94KarBargh2,DYCOL60,Text (10)
1394,U94KarBargh2,DYCOL61,Text (10)
1394,U94KarBargh2,DYCOL62,Text (10)
1394,U94KarBargh2,DYCOL63,Text (10)
1394,U94KarBargh2,DYCOL64,Text (10)
1394,U94KarBargh2,DYCOL65,Text (10)
1394,U94KarBargh2,DYCOL66,Text (10)
1394,U94KarBargh2,DYCOL67,Text (10)
1394,U94KarBargh2,DYCOL68,Text (14)
1394,U94KarBargh2,DYCOL69,Text (14)
1394,U94KarBargh2,DYCOL70,Text (10)
1394,U94KarBargh2,DYCOL71,Text (10)
1394,U94KarBargh2,DYCOL72,Text (10)
1394,U94KarBargh2,DYCOL73,Text (10)
1394,U94KarBargh2,DYCOL74,Text (10)
1394,U94KarBargh2,DYCOL75,Text (10)
1394,U94KarBargh2,DYCOL76,Text (10)
1394,U94KarBargh2,DYCOL77,Text (14)
1394,U94KarBargh2,DYCOL78,Text (10)
1394,U94KarBargh2,DYCOL79,Text (10)
1394,U94KarBargh2,DYCOL80,Text (10)
1394,U94KarBargh2,DYCOL81,Text (10)
1394,U94KarBargh2,DYCOL82,Text (10)
1394,U94KarBargh2,DYCOL83,Text (10)
1394,U94KarBargh2,DYCOL84,Text (14)
1394,U94KarBargh2,DYCOL85,Text (10)
1394,U94KarBargh2,DYCOL86,Text (10)
1394,U94KarBargh2,DYCOL87,Text (10)
1394,U94KarBargh2,DYCOL88,Text (10)
1394,U94KarBargh2,DYCOL89,Text (10)
1394,U94KarBargh2,DYCOL90,Text (10)
1394,U94KarBargh2,DYCOL91,Text (10)
1394,U94KarBargh2,DYCOL92,Text (10)
1394,U94KarBargh2,DYCOL93,Text (10)
1394,U94KarBargh2,DYCOL94,Text (14)
1394,U94P1,Address,Text (11)
1394,U94P1,DYCOL01,Text (2)
1394,U94P1,DYCOL03,Text (1)
1394,U94P1,DYCOL04,Text (1)
1394,U94P1,DYCOL05,Text (2)
1394,U94P1,DYCOL06,Text (1)
1394,U94P1,DYCOL07,Text (1)
1394,U94P1,DYCOL08,Text (3)
1394,U94P1,DYCOL09,Text (1)
1394,U94P1,DYCOL10,Text (1)
1394,U94P2,Address,Text (11)
1394,U94P2,DYCOL01,Text (1)
1394,U94P2,DYCOL02,Text (50)
1394,U94P2,DYCOL03,Text (2)
1394,U94P2,DYCOL04,Text (3)
1394,U94P2,DYCOL05,Text (1)
1394,U94P2,DYCOL06,Text (2)
1394,U94P2,DYCOL07,Text (1)
1394,U94P2,DYCOL08,Text (1)
1394,U94P2,DYCOL09,Text (1)
1394,U94P2,DYCOL10,Text (1)
1394,U94P2,DYCOL11,Text (1)
1394,U94P2,DYCOL12,Text (1)
1394,U94P2,DYCOL13,Text (1)
1394,U94P2,DYCOL14,Text (1)
1394,U94P2,DYCOL15,Text (1)
1394,U94P2,DYCOL16,Text (1)
1394,U94P2,DYCOL17,Text (1)
1394,U94P2,DYCOL18,Text (1)
1394,U94P2,DYCOL19,Text (1)
1394,U94P2,DYCOL20,Text (1)
1394,U94P2,DYCOL21,Text (1)
1394,U94P2,DYCOL22,Text (1)
1394,U94P2,DYCOL23,Text (1)
1394,U94P2,DYCOL24,Text (1)
1394,U94P2,DYCOL25,Text (1)
1394,U94P2,DYCOL26,Text (1)
1394,U94P2,DYCOL27,Text (1)
1394,U94P2,DYCOL28,Text (1)
1394,U94P2,DYCOL29,Text (1)
1394,U94P2,DYCOL30,Text (1)
1394,U94P2,DYCOL31,Text (1)
1394,U94P2,DYCOL32,Text (1)
1394,U94P2,DYCOL33,Text (1)
1394,U94P2,DYCOL34,Text (1)
1394,U94P2,DYCOL35,Text (1)
1394,U94P2,DYCOL36,Text (1)
1394,U94P2,DYCOL37,Text (1)
1394,U94P2,DYCOL38,Text (1)
1394,U94P2,DYCOL39,Text (1)
1394,U94P2,DYCOL40,Text (1)
1394,U94P2,DYCOL41,Text (1)
1394,U94P2,DYCOL42,Text (1)
1394,U94P2,DYCOL43,Text (2)
1394,U94P2,DYCOL44,Text (2)
1394,U94P2,DYCOL45,Text (2)
1394,U94P2,DYCOL46,Text (1)
1394,U94P2,DYCOL47,Text (1)
1394,U94P2,DYCOL48,Text (1)
1394,U94P2,DYCOL49,Text (1)
1394,U94P2,DYCOL50,Text (1)
1394,U94P2,DYCOL51,Text (1)
1394,U94P2,DYCOL52,Text (1)
1394,U94P2,DYCOL53,Text (1)
1394,U94P2,DYCOL54,Text (1)
1394,U94P2,DYCOL55,Text (1)
1394,U94P2,DYCOL56,Text (1)
1394,U94P2,DYCOL57,Text (1)
1394,U94P2,DYCOL58,Text (1)
1394,U94P2,DYCOL59,Text (1)
1394,U94P2,DYCOL60,Text (100)
1394,U94P2,DYCOL61,Text (1)
1394,U94P3S01,Address,Text (11)
1394,U94P3S01,DYCOL01,Text (6)
1394,U94P3S01,DYCOL02,Text (1)
1394,U94P3S01,DYCOL03,Text (3)
1394,U94P3S01,DYCOL04,Text (5)
1394,U94P3S01,DYCOL05,Text (10)
1394,U94P3S01,DYCOL06,Text (10)
1394,U94P3S02,Address,Text (11)
1394,U94P3S02,DYCOL01,Text (6)
1394,U94P3S02,DYCOL02,Text (1)
1394,U94P3S02,DYCOL03,Text (3)
1394,U94P3S02,DYCOL04,Text (5)
1394,U94P3S02,DYCOL05,Text (10)
1394,U94P3S02,DYCOL06,Text (10)
1394,U94P3S03,Address,Text (11)
1394,U94P3S03,DYCOL01,Text (6)
1394,U94P3S03,DYCOL02,Text (1)
1394,U94P3S03,DYCOL03,Text (10)
1394,U94P3S04,Address,Text (11)
1394,U94P3S04,DYCOL01,Text (6)
1394,U94P3S04,DYCOL02,Text (10)
1394,U94P3S04,DYCOL03,Text (1)
1394,U94P3S04,DYCOL04,Text (10)
1394,U94P3S05,Address,Text (11)
1394,U94P3S05,DYCOL01,Text (6)
1394,U94P3S05,DYCOL02,Text (1)
1394,U94P3S05,DYCOL03,Text (10)
1394,U94P3S06,Address,Text (11)
1394,U94P3S06,DYCOL01,Text (6)
1394,U94P3S06,DYCOL02,Text (1)
1394,U94P3S06,DYCOL03,Text (10)
1394,U94P3S07,Address,Text (11)
1394,U94P3S07,DYCOL01,Text (6)
1394,U94P3S07,DYCOL02,Text (1)
1394,U94P3S07,DYCOL03,Text (10)
1394,U94P3S08,Address,Text (11)
1394,U94P3S08,DYCOL01,Text (6)
1394,U94P3S08,DYCOL02,Text (1)
1394,U94P3S08,DYCOL03,Text (10)
1394,U94P3S09,Address,Text (11)
1394,U94P3S09,DYCOL01,Text (6)
1394,U94P3S09,DYCOL02,Text (1)
1394,U94P3S09,DYCOL03,Text (10)
1394,U94P3S10,Address,Text (11)
1394,U94P3S10,DYCOL01,Text (6)
1394,U94P3S10,DYCOL02,Text (1)
1394,U94P3S10,DYCOL03,Text (10)
1394,U94P3S11,Address,Text (11)
1394,U94P3S11,DYCOL01,Text (6)
1394,U94P3S11,DYCOL02,Text (1)
1394,U94P3S11,DYCOL03,Text (10)
1394,U94P3S12,Address,Text (11)
1394,U94P3S12,DYCOL01,Text (6)
1394,U94P3S12,DYCOL02,Text (1)
1394,U94P3S12,DYCOL03,Text (10)
1394,U94P3S13,Address,Text (11)
1394,U94P3S13,DYCOL01,Text (6)
1394,U94P3S13,DYCOL02,Text (10)
1394,U94P3S13,DYCOL03,Text (50)
1394,U94P3S13,DYCOL04,Text (1)
1394,U94P3S13,DYCOL05,Text (10)
1394,U94P3S13,DYCOL06,Text (10)
1394,U94P3S14,Address,Text (11)
1394,U94P3S14,DYCOL01,Text (6)
1394,U94P3S14,DYCOL02,Text (1)
1394,U94P3S14,DYCOL03,Text (10)
1394,U94P3S14,DYCOL04,Text (10)
1394,U94P4S01,Address,Text (11)
1394,U94P4S01,DYCOL01,Text (2)
1394,U94P4S01,DYCOL02,Text (1)
1394,U94P4S01,DYCOL03,Text (4)
1394,U94P4S01,DYCOL04,Text (5)
1394,U94P4S01,DYCOL05,Text (1)
1394,U94P4S01,DYCOL06,Text (2)
1394,U94P4S01,DYCOL07,Text (1)
1394,U94P4S01,DYCOL08,Text (10)
1394,U94P4S01,DYCOL09,Text (10)
1394,U94P4S01,DYCOL10,Text (10)
1394,U94P4S01,DYCOL11,Text (10)
1394,U94P4S01,DYCOL12,Text (10)
1394,U94P4S01,DYCOL13,Text (10)
1394,U94P4S01,DYCOL14,Text (14)
1394,U94P4S01,DYCOL15,Text (14)
1394,U94P4S02,Address,Text (11)
1394,U94P4S02,DYCOL01,Text (2)
1394,U94P4S02,DYCOL02,Text (1)
1394,U94P4S02,DYCOL03,Text (4)
1394,U94P4S02,DYCOL04,Text (5)
1394,U94P4S02,DYCOL05,Text (1)
1394,U94P4S02,DYCOL06,Text (1)
1394,U94P4S02,DYCOL07,Text (2)
1394,U94P4S02,DYCOL08,Text (1)
1394,U94P4S02,DYCOL09,Text (14)
1394,U94P4S02,DYCOL10,Text (14)
1394,U94P4S02,DYCOL11,Text (14)
1394,U94P4S02,DYCOL12,Text (14)
1394,U94P4S02,DYCOL13,Text (14)
1394,U94P4S02,DYCOL14,Text (14)
1394,U94P4S02,DYCOL15,Text (14)
1394,U94P4S03,Address,Text (11)
1394,U94P4S03,DYCOL01,Text (2)
1394,U94P4S03,DYCOL03,Text (10)
1394,U94P4S03,DYCOL04,Text (10)
1394,U94P4S03,DYCOL05,Text (10)
1394,U94P4S03,DYCOL06,Text (10)
1394,U94P4S03,DYCOL07,Text (10)
1394,U94P4S03,DYCOL08,Text (10)
1394,U94P4S04,Address,Text (11)
1394,U94P4S04,Dycol01,Text (3)
1394,U94P4S04,Dycol03,Text (2)
1394,U94P4S04,Dycol04,Text (2)
1394,U94P4S04,Dycol05,Text (10)
1395,R95,Address,Text (11)
1395,R95,MahMorajeh,Text (2)
1395,R95Data,Address,Text (11)
1395,R95Data,MahMorajeh,Text (2)
1395,R95Data,ShoghlSarparast,Text (50)
1395,R95Data,NoeKhn,Text (1)
1395,R95Data,Takmil,Text (1)
1395,R95Data,TakmilDescA,Text (1)
1395,R95Data,TakmilDescB,Text (1)
1395,R95Data,TakmilDescC,Text (100)
1395,R95Data,Jaygozin,Text (1)
1395,R95Data,JaygozinDescA,Text (1)
1395,R95Data,JaygozinDescB,Text (1)
1395,R95Data,JaygozinDescC,Text (100)
1395,R95Data,BlkAbdJaygozin,Text (6)
1395,R95Data,RadifJaygozin,Text (3)
1395,R95Data,fStat,Text (1)
1395,R95Data,fEnt,Integer
1395,R95Data,fvfy,Integer
1395,R95Data,user1,Text (50)
1395,R95Data,user2,Text (50)
1395,R95Data,user3,Text (50)
1395,R95Data,user4,Text (50)
1395,R95Data,Tekrari,Text (1)
1395,R95Data,Bakhsh,Text (2)
1395,R95Data,ShrDeh,Text (4)
1395,R95Data,Hozeh,Text (3)
1395,R95Data,BlkAbd,Text (6)
1395,R95Data,AbdName,Text (255)
1395,R95KarBargh1,Address,Text (11)
1395,R95KarBargh1,DYCOL01,Text (2)
1395,R95KarBargh1,DYCOL02,Text (4)
1395,R95KarBargh1,DYCOL03,Text (12)
1395,R95KarBargh2,Address,Text (11)
1395,R95KarBargh2,DYCOL01,Text (2)
1395,R95KarBargh2,DYCOL02,Text (4)
1395,R95KarBargh2,DYCOL03,Text (5)
1395,R95KarBargh2,DYCOL04,Text (1)
1395,R95KarBargh2,DYCOL05,Text (10)
1395,R95KarBargh2,DYCOL06,Text (1)
1395,R95KarBargh2,DYCOL07,Text (10)
1395,R95KarBargh2,DYCOL08,Text (1)
1395,R95KarBargh2,DYCOL09,Text (10)
1395,R95KarBargh2,DYCOL10,Text (10)
1395,R95KarBargh2,DYCOL11,Text (1)
1395,R95KarBargh2,DYCOL12,Text (10)
1395,R95KarBargh2,DYCOL13,Text (1)
1395,R95KarBargh2,DYCOL14,Text (10)
1395,R95KarBargh2,DYCOL15,Text (1)
1395,R95KarBargh2,DYCOL16,Text (10)
1395,R95KarBargh2,DYCOL17,Text (10)
1395,R95KarBargh2,DYCOL18,Text (10)
1395,R95KarBargh2,DYCOL19,Text (10)
1395,R95KarBargh2,DYCOL20,Text (10)
1395,R95KarBargh2,DYCOL21,Text (10)
1395,R95KarBargh2,DYCOL22,Text (10)
1395,R95KarBargh2,DYCOL23,Text (10)
1395,R95KarBargh2,DYCOL24,Text (10)
1395,R95KarBargh2,DYCOL25,Text (10)
1395,R95KarBargh2,DYCOL26,Text (14)
1395,R95KarBargh2,DYCOL27,Text (10)
1395,R95KarBargh2,DYCOL28,Text (10)
1395,R95KarBargh2,DYCOL29,Text (10)
1395,R95KarBargh2,DYCOL30,Text (10)
1395,R95KarBargh2,DYCOL31,Text (10)
1395,R95KarBargh2,DYCOL32,Text (10)
1395,R95KarBargh2,DYCOL33,Text (10)
1395,R95KarBargh2,DYCOL34,Text (10)
1395,R95KarBargh2,DYCOL35,Text (10)
1395,R95KarBargh2,DYCOL36,Text (10)
1395,R95KarBargh2,DYCOL37,Text (10)
1395,R95KarBargh2,DYCOL38,Text (10)
1395,R95KarBargh2,DYCOL39,Text (10)
1395,R95KarBargh2,DYCOL40,Text (10)
1395,R95KarBargh2,DYCOL41,Text (10)
1395,R95KarBargh2,DYCOL42,Text (10)
1395,R95KarBargh2,DYCOL43,Text (10)
1395,R95KarBargh2,DYCOL44,Text (10)
1395,R95KarBargh2,DYCOL45,Text (10)
1395,R95KarBargh2,DYCOL46,Text (14)
1395,R95KarBargh2,DYCOL47,Text (10)
1395,R95KarBargh2,DYCOL48,Text (10)
1395,R95KarBargh2,DYCOL49,Text (10)
1395,R95KarBargh2,DYCOL50,Text (10)
1395,R95KarBargh2,DYCOL51,Text (10)
1395,R95KarBargh2,DYCOL52,Text (10)
1395,R95KarBargh2,DYCOL53,Text (10)
1395,R95KarBargh2,DYCOL54,Text (10)
1395,R95KarBargh2,DYCOL55,Text (14)
1395,R95KarBargh2,DYCOL56,Text (10)
1395,R95KarBargh2,DYCOL57,Text (10)
1395,R95KarBargh2,DYCOL58,Text (10)
1395,R95KarBargh2,DYCOL59,Text (10)
1395,R95KarBargh2,DYCOL60,Text (10)
1395,R95KarBargh2,DYCOL61,Text (10)
1395,R95KarBargh2,DYCOL62,Text (10)
1395,R95KarBargh2,DYCOL63,Text (10)
1395,R95KarBargh2,DYCOL64,Text (10)
1395,R95KarBargh2,DYCOL65,Text (10)
1395,R95KarBargh2,DYCOL66,Text (10)
1395,R95KarBargh2,DYCOL67,Text (10)
1395,R95KarBargh2,DYCOL68,Text (14)
1395,R95KarBargh2,DYCOL69,Text (14)
1395,R95KarBargh2,DYCOL70,Text (10)
1395,R95KarBargh2,DYCOL71,Text (10)
1395,R95KarBargh2,DYCOL72,Text (10)
1395,R95KarBargh2,DYCOL73,Text (10)
1395,R95KarBargh2,DYCOL74,Text (10)
1395,R95KarBargh2,DYCOL75,Text (10)
1395,R95KarBargh2,DYCOL76,Text (10)
1395,R95KarBargh2,DYCOL77,Text (14)
1395,R95KarBargh2,DYCOL78,Text (10)
1395,R95KarBargh2,DYCOL79,Text (10)
1395,R95KarBargh2,DYCOL80,Text (10)
1395,R95KarBargh2,DYCOL81,Text (10)
1395,R95KarBargh2,DYCOL82,Text (10)
1395,R95KarBargh2,DYCOL83,Text (10)
1395,R95KarBargh2,DYCOL84,Text (14)
1395,R95KarBargh2,DYCOL85,Text (10)
1395,R95KarBargh2,DYCOL86,Text (10)
1395,R95KarBargh2,DYCOL87,Text (10)
1395,R95KarBargh2,DYCOL88,Text (10)
1395,R95KarBargh2,DYCOL89,Text (10)
1395,R95KarBargh2,DYCOL90,Text (10)
1395,R95KarBargh2,DYCOL91,Text (10)
1395,R95KarBargh2,DYCOL92,Text (10)
1395,R95KarBargh2,DYCOL93,Text (10)
1395,R95KarBargh2,DYCOL94,Text (14)
1395,R95P1,Address,Text (11)
1395,R95P1,DYCOL01,Text (2)
1395,R95P1,DYCOL03,Text (1)
1395,R95P1,DYCOL04,Text (1)
1395,R95P1,DYCOL05,Text (2)
1395,R95P1,DYCOL06,Text (1)
1395,R95P1,DYCOL07,Text (1)
1395,R95P1,DYCOL08,Text (3)
1395,R95P1,DYCOL09,Text (1)
1395,R95P1,DYCOL10,Text (1)
1395,R95P2,Address,Text (11)
1395,R95P2,DYCOL01,Text (1)
1395,R95P2,DYCOL02,Text (50)
1395,R95P2,DYCOL03,Text (2)
1395,R95P2,DYCOL04,Text (3)
1395,R95P2,DYCOL05,Text (1)
1395,R95P2,DYCOL06,Text (2)
1395,R95P2,DYCOL07,Text (1)
1395,R95P2,DYCOL08,Text (1)
1395,R95P2,DYCOL09,Text (1)
1395,R95P2,DYCOL10,Text (1)
1395,R95P2,DYCOL11,Text (1)
1395,R95P2,DYCOL12,Text (1)
1395,R95P2,DYCOL13,Text (1)
1395,R95P2,DYCOL14,Text (1)
1395,R95P2,DYCOL15,Text (1)
1395,R95P2,DYCOL16,Text (1)
1395,R95P2,DYCOL17,Text (1)
1395,R95P2,DYCOL18,Text (1)
1395,R95P2,DYCOL19,Text (1)
1395,R95P2,DYCOL20,Text (1)
1395,R95P2,DYCOL21,Text (1)
1395,R95P2,DYCOL22,Text (1)
1395,R95P2,DYCOL23,Text (1)
1395,R95P2,DYCOL24,Text (1)
1395,R95P2,DYCOL25,Text (1)
1395,R95P2,DYCOL26,Text (1)
1395,R95P2,DYCOL27,Text (1)
1395,R95P2,DYCOL28,Text (1)
1395,R95P2,DYCOL29,Text (1)
1395,R95P2,DYCOL30,Text (1)
1395,R95P2,DYCOL31,Text (1)
1395,R95P2,DYCOL32,Text (1)
1395,R95P2,DYCOL33,Text (1)
1395,R95P2,DYCOL34,Text (1)
1395,R95P2,DYCOL35,Text (1)
1395,R95P2,DYCOL36,Text (1)
1395,R95P2,DYCOL37,Text (1)
1395,R95P2,DYCOL38,Text (1)
1395,R95P2,DYCOL39,Text (1)
1395,R95P2,DYCOL40,Text (1)
1395,R95P2,DYCOL41,Text (1)
1395,R95P2,DYCOL42,Text (1)
1395,R95P2,DYCOL43,Text (2)
1395,R95P2,DYCOL44,Text (2)
1395,R95P2,DYCOL45,Text (2)
1395,R95P2,DYCOL46,Text (1)
1395,R95P2,DYCOL47,Text (1)
1395,R95P2,DYCOL48,Text (1)
1395,R95P2,DYCOL49,Text (1)
1395,R95P2,DYCOL50,Text (1)
1395,R95P2,DYCOL51,Text (1)
1395,R95P2,DYCOL52,Text (1)
1395,R95P2,DYCOL53,Text (1)
1395,R95P2,DYCOL54,Text (1)
1395,R95P2,DYCOL55,Text (1)
1395,R95P2,DYCOL56,Text (1)
1395,R95P2,DYCOL57,Text (1)
1395,R95P2,DYCOL58,Text (1)
1395,R95P2,DYCOL59,Text (1)
1395,R95P2,DYCOL60,Text (100)
1395,R95P2,DYCOL61,Text (1)
1395,R95P3S01,Address,Text (11)
1395,R95P3S01,DYCOL01,Text (6)
1395,R95P3S01,DYCOL02,Text (1)
1395,R95P3S01,DYCOL03,Text (3)
1395,R95P3S01,DYCOL04,Text (5)
1395,R95P3S01,DYCOL05,Text (10)
1395,R95P3S01,DYCOL06,Text (10)
1395,R95P3S02,Address,Text (11)
1395,R95P3S02,DYCOL01,Text (6)
1395,R95P3S02,DYCOL02,Text (1)
1395,R95P3S02,DYCOL03,Text (3)
1395,R95P3S02,DYCOL04,Text (5)
1395,R95P3S02,DYCOL05,Text (10)
1395,R95P3S02,DYCOL06,Text (10)
1395,R95P3S03,Address,Text (11)
1395,R95P3S03,DYCOL01,Text (6)
1395,R95P3S03,DYCOL02,Text (1)
1395,R95P3S03,DYCOL03,Text (10)
1395,R95P3S04,Address,Text (11)
1395,R95P3S04,DYCOL01,Text (6)
1395,R95P3S04,DYCOL02,Text (10)
1395,R95P3S04,DYCOL03,Text (1)
1395,R95P3S04,DYCOL04,Text (10)
1395,R95P3S05,Address,Text (11)
1395,R95P3S05,DYCOL01,Text (6)
1395,R95P3S05,DYCOL02,Text (1)
1395,R95P3S05,DYCOL03,Text (10)
1395,R95P3S06,Address,Text (11)
1395,R95P3S06,DYCOL01,Text (6)
1395,R95P3S06,DYCOL02,Text (1)
1395,R95P3S06,DYCOL03,Text (10)
1395,R95P3S07,Address,Text (11)
1395,R95P3S07,DYCOL01,Text (6)
1395,R95P3S07,DYCOL02,Text (1)
1395,R95P3S07,DYCOL03,Text (10)
1395,R95P3S08,Address,Text (11)
1395,R95P3S08,DYCOL01,Text (6)
1395,R95P3S08,DYCOL02,Text (1)
1395,R95P3S08,DYCOL03,Text (10)
1395,R95P3S09,Address,Text (11)
1395,R95P3S09,DYCOL01,Text (6)
1395,R95P3S09,DYCOL02,Text (1)
1395,R95P3S09,DYCOL03,Text (10)
1395,R95P3S10,Address,Text (11)
1395,R95P3S10,DYCOL01,Text (6)
1395,R95P3S10,DYCOL02,Text (1)
1395,R95P3S10,DYCOL03,Text (10)
1395,R95P3S11,Address,Text (11)
1395,R95P3S11,DYCOL01,Text (6)
1395,R95P3S11,DYCOL02,Text (1)
1395,R95P3S11,DYCOL03,Text (10)
1395,R95P3S12,Address,Text (11)
1395,R95P3S12,DYCOL01,Text (6)
1395,R95P3S12,DYCOL02,Text (1)
1395,R95P3S12,DYCOL03,Text (10)
1395,R95P3S13,Address,Text (11)
1395,R95P3S13,DYCOL01,Text (6)
1395,R95P3S13,DYCOL02,Text (10)
1395,R95P3S13,DYCOL03,Text (50)
1395,R95P3S13,DYCOL04,Text (1)
1395,R95P3S13,DYCOL05,Text (10)
1395,R95P3S13,DYCOL06,Text (10)
1395,R95P3S14,Address,Text (11)
1395,R95P3S14,DYCOL01,Text (6)
1395,R95P3S14,DYCOL02,Text (1)
1395,R95P3S14,DYCOL03,Text (10)
1395,R95P3S14,DYCOL04,Text (10)
1395,R95P4S01,Address,Text (11)
1395,R95P4S01,DYCOL01,Text (2)
1395,R95P4S01,DYCOL02,Text (1)
1395,R95P4S01,DYCOL03,Text (4)
1395,R95P4S01,DYCOL04,Text (5)
1395,R95P4S01,DYCOL05,Text (1)
1395,R95P4S01,DYCOL06,Text (2)
1395,R95P4S01,DYCOL07,Text (1)
1395,R95P4S01,DYCOL08,Text (10)
1395,R95P4S01,DYCOL09,Text (10)
1395,R95P4S01,DYCOL10,Text (10)
1395,R95P4S01,DYCOL11,Text (10)
1395,R95P4S01,DYCOL12,Text (10)
1395,R95P4S01,DYCOL13,Text (10)
1395,R95P4S01,DYCOL14,Text (14)
1395,R95P4S01,DYCOL15,Text (14)
1395,R95P4S02,Address,Text (11)
1395,R95P4S02,DYCOL01,Text (2)
1395,R95P4S02,DYCOL02,Text (1)
1395,R95P4S02,DYCOL03,Text (4)
1395,R95P4S02,DYCOL04,Text (5)
1395,R95P4S02,DYCOL05,Text (1)
1395,R95P4S02,DYCOL06,Text (1)
1395,R95P4S02,DYCOL07,Text (2)
1395,R95P4S02,DYCOL08,Text (1)
1395,R95P4S02,DYCOL09,Text (14)
1395,R95P4S02,DYCOL10,Text (14)
1395,R95P4S02,DYCOL11,Text (14)
1395,R95P4S02,DYCOL12,Text (14)
1395,R95P4S02,DYCOL13,Text (14)
1395,R95P4S02,DYCOL14,Text (14)
1395,R95P4S02,DYCOL15,Text (14)
1395,R95P4S03,Address,Text (11)
1395,R95P4S03,DYCOL01,Text (2)
1395,R95P4S03,DYCOL03,Text (10)
1395,R95P4S03,DYCOL04,Text (10)
1395,R95P4S03,DYCOL05,Text (10)
1395,R95P4S03,DYCOL06,Text (10)
1395,R95P4S03,DYCOL07,Text (10)
1395,R95P4S03,DYCOL08,Text (10)
1395,R95P4S04,Address,Text (11)
1395,R95P4S04,Dycol01,Text (3)
1395,R95P4S04,Dycol03,Text (2)
1395,R95P4S04,Dycol04,Text (2)
1395,R95P4S04,Dycol05,Text (10)
1395,U95,Address,Text (11)
1395,U95,MahMorajeh,Text (2)
1395,U95Data,Address,Text (11)
1395,U95Data,MahMorajeh,Text (2)
1395,U95Data,ShoghlSarparast,Text (50)
1395,U95Data,NoeKhn,Text (1)
1395,U95Data,Takmil,Text (1)
1395,U95Data,TakmilDescA,Text (1)
1395,U95Data,TakmilDescB,Text (1)
1395,U95Data,TakmilDescC,Text (100)
1395,U95Data,Jaygozin,Text (1)
1395,U95Data,JaygozinDescA,Text (1)
1395,U95Data,JaygozinDescB,Text (1)
1395,U95Data,JaygozinDescC,Text (100)
1395,U95Data,BlkAbdJaygozin,Text (6)
1395,U95Data,RadifJaygozin,Text (3)
1395,U95Data,fStat,Text (1)
1395,U95Data,fEnt,Integer
1395,U95Data,fvfy,Integer
1395,U95Data,user1,Text (50)
1395,U95Data,user2,Text (50)
1395,U95Data,user3,Text (50)
1395,U95Data,user4,Text (50)
1395,U95Data,Tekrari,Text (1)
1395,U95Data,Bakhsh,Text (2)
1395,U95Data,ShrDeh,Text (4)
1395,U95Data,Hozeh,Text (3)
1395,U95Data,BlkAbd,Text (6)
1395,U95Data,AbdName,Text (255)
1395,U95KarBargh1,Address,Text (11)
1395,U95KarBargh1,DYCOL01,Text (2)
1395,U95KarBargh1,DYCOL02,Text (4)
1395,U95KarBargh1,DYCOL03,Text (12)
1395,U95KarBargh2,Address,Text (11)
1395,U95KarBargh2,DYCOL01,Text (2)
1395,U95KarBargh2,DYCOL02,Text (4)
1395,U95KarBargh2,DYCOL03,Text (5)
1395,U95KarBargh2,DYCOL04,Text (1)
1395,U95KarBargh2,DYCOL05,Text (10)
1395,U95KarBargh2,DYCOL06,Text (1)
1395,U95KarBargh2,DYCOL07,Text (10)
1395,U95KarBargh2,DYCOL08,Text (1)
1395,U95KarBargh2,DYCOL09,Text (10)
1395,U95KarBargh2,DYCOL10,Text (10)
1395,U95KarBargh2,DYCOL11,Text (1)
1395,U95KarBargh2,DYCOL12,Text (10)
1395,U95KarBargh2,DYCOL13,Text (1)
1395,U95KarBargh2,DYCOL14,Text (10)
1395,U95KarBargh2,DYCOL15,Text (1)
1395,U95KarBargh2,DYCOL16,Text (10)
1395,U95KarBargh2,DYCOL17,Text (10)
1395,U95KarBargh2,DYCOL18,Text (10)
1395,U95KarBargh2,DYCOL19,Text (10)
1395,U95KarBargh2,DYCOL20,Text (10)
1395,U95KarBargh2,DYCOL21,Text (10)
1395,U95KarBargh2,DYCOL22,Text (10)
1395,U95KarBargh2,DYCOL23,Text (10)
1395,U95KarBargh2,DYCOL24,Text (10)
1395,U95KarBargh2,DYCOL25,Text (10)
1395,U95KarBargh2,DYCOL26,Text (14)
1395,U95KarBargh2,DYCOL27,Text (10)
1395,U95KarBargh2,DYCOL28,Text (10)
1395,U95KarBargh2,DYCOL29,Text (10)
1395,U95KarBargh2,DYCOL30,Text (10)
1395,U95KarBargh2,DYCOL31,Text (10)
1395,U95KarBargh2,DYCOL32,Text (10)
1395,U95KarBargh2,DYCOL33,Text (10)
1395,U95KarBargh2,DYCOL34,Text (10)
1395,U95KarBargh2,DYCOL35,Text (10)
1395,U95KarBargh2,DYCOL36,Text (10)
1395,U95KarBargh2,DYCOL37,Text (10)
1395,U95KarBargh2,DYCOL38,Text (10)
1395,U95KarBargh2,DYCOL39,Text (10)
1395,U95KarBargh2,DYCOL40,Text (10)
1395,U95KarBargh2,DYCOL41,Text (10)
1395,U95KarBargh2,DYCOL42,Text (10)
1395,U95KarBargh2,DYCOL43,Text (10)
1395,U95KarBargh2,DYCOL44,Text (10)
1395,U95KarBargh2,DYCOL45,Text (10)
1395,U95KarBargh2,DYCOL46,Text (14)
1395,U95KarBargh2,DYCOL47,Text (10)
1395,U95KarBargh2,DYCOL48,Text (10)
1395,U95KarBargh2,DYCOL49,Text (10)
1395,U95KarBargh2,DYCOL50,Text (10)
1395,U95KarBargh2,DYCOL51,Text (10)
1395,U95KarBargh2,DYCOL52,Text (10)
1395,U95KarBargh2,DYCOL53,Text (10)
1395,U95KarBargh2,DYCOL54,Text (10)
1395,U95KarBargh2,DYCOL55,Text (14)
1395,U95KarBargh2,DYCOL56,Text (10)
1395,U95KarBargh2,DYCOL57,Text (10)
1395,U95KarBargh2,DYCOL58,Text (10)
1395,U95KarBargh2,DYCOL59,Text (10)
1395,U95KarBargh2,DYCOL60,Text (10)
1395,U95KarBargh2,DYCOL61,Text (10)
1395,U95KarBargh2,DYCOL62,Text (10)
1395,U95KarBargh2,DYCOL63,Text (10)
1395,U95KarBargh2,DYCOL64,Text (10)
1395,U95KarBargh2,DYCOL65,Text (10)
1395,U95KarBargh2,DYCOL66,Text (10)
1395,U95KarBargh2,DYCOL67,Text (10)
1395,U95KarBargh2,DYCOL68,Text (14)
1395,U95KarBargh2,DYCOL69,Text (14)
1395,U95KarBargh2,DYCOL70,Text (10)
1395,U95KarBargh2,DYCOL71,Text (10)
1395,U95KarBargh2,DYCOL72,Text (10)
1395,U95KarBargh2,DYCOL73,Text (10)
1395,U95KarBargh2,DYCOL74,Text (10)
1395,U95KarBargh2,DYCOL75,Text (10)
1395,U95KarBargh2,DYCOL76,Text (10)
1395,U95KarBargh2,DYCOL77,Text (14)
1395,U95KarBargh2,DYCOL78,Text (10)
1395,U95KarBargh2,DYCOL79,Text (10)
1395,U95KarBargh2,DYCOL80,Text (10)
1395,U95KarBargh2,DYCOL81,Text (10)
1395,U95KarBargh2,DYCOL82,Text (10)
1395,U95KarBargh2,DYCOL83,Text (10)
1395,U95KarBargh2,DYCOL84,Text (14)
1395,U95KarBargh2,DYCOL85,Text (10)
1395,U95KarBargh2,DYCOL86,Text (10)
1395,U95KarBargh2,DYCOL87,Text (10)
1395,U95KarBargh2,DYCOL88,Text (10)
1395,U95KarBargh2,DYCOL89,Text (10)
1395,U95KarBargh2,DYCOL90,Text (10)
1395,U95KarBargh2,DYCOL91,Text (10)
1395,U95KarBargh2,DYCOL92,Text (10)
1395,U95KarBargh2,DYCOL93,Text (10)
1395,U95KarBargh2,DYCOL94,Text (14)
1395,U95P1,Address,Text (11)
1395,U95P1,DYCOL01,Text (2)
1395,U95P1,DYCOL03,Text (1)
1395,U95P1,DYCOL04,Text (1)
1395,U95P1,DYCOL05,Text (2)
1395,U95P1,DYCOL06,Text (1)
1395,U95P1,DYCOL07,Text (1)
1395,U95P1,DYCOL08,Text (3)
1395,U95P1,DYCOL09,Text (1)
1395,U95P1,DYCOL10,Text (1)
1395,U95P2,Address,Text (11)
1395,U95P2,DYCOL01,Text (1)
1395,U95P2,DYCOL02,Text (50)
1395,U95P2,DYCOL03,Text (2)
1395,U95P2,DYCOL04,Text (3)
1395,U95P2,DYCOL05,Text (1)
1395,U95P2,DYCOL06,Text (2)
1395,U95P2,DYCOL07,Text (1)
1395,U95P2,DYCOL08,Text (1)
1395,U95P2,DYCOL09,Text (1)
1395,U95P2,DYCOL10,Text (1)
1395,U95P2,DYCOL11,Text (1)
1395,U95P2,DYCOL12,Text (1)
1395,U95P2,DYCOL13,Text (1)
1395,U95P2,DYCOL14,Text (1)
1395,U95P2,DYCOL15,Text (1)
1395,U95P2,DYCOL16,Text (1)
1395,U95P2,DYCOL17,Text (1)
1395,U95P2,DYCOL18,Text (1)
1395,U95P2,DYCOL19,Text (1)
1395,U95P2,DYCOL20,Text (1)
1395,U95P2,DYCOL21,Text (1)
1395,U95P2,DYCOL22,Text (1)
1395,U95P2,DYCOL23,Text (1)
1395,U95P2,DYCOL24,Text (1)
1395,U95P2,DYCOL25,Text (1)
1395,U95P2,DYCOL26,Text (1)
1395,U95P2,DYCOL27,Text (1)
1395,U95P2,DYCOL28,Text (1)
1395,U95P2,DYCOL29,Text (1)
1395,U95P2,DYCOL30,Text (1)
1395,U95P2,DYCOL31,Text (1)
1395,U95P2,DYCOL32,Text (1)
1395,U95P2,DYCOL33,Text (1)
1395,U95P2,DYCOL34,Text (1)
1395,U95P2,DYCOL35,Text (1)
1395,U95P2,DYCOL36,Text (1)
1395,U95P2,DYCOL37,Text (1)
1395,U95P2,DYCOL38,Text (1)
1395,U95P2,DYCOL39,Text (1)
1395,U95P2,DYCOL40,Text (1)
1395,U95P2,DYCOL41,Text (1)
1395,U95P2,DYCOL42,Text (1)
1395,U95P2,DYCOL43,Text (2)
1395,U95P2,DYCOL44,Text (2)
1395,U95P2,DYCOL45,Text (2)
1395,U95P2,DYCOL46,Text (1)
1395,U95P2,DYCOL47,Text (1)
1395,U95P2,DYCOL48,Text (1)
1395,U95P2,DYCOL49,Text (1)
1395,U95P2,DYCOL50,Text (1)
1395,U95P2,DYCOL51,Text (1)
1395,U95P2,DYCOL52,Text (1)
1395,U95P2,DYCOL53,Text (1)
1395,U95P2,DYCOL54,Text (1)
1395,U95P2,DYCOL55,Text (1)
1395,U95P2,DYCOL56,Text (1)
1395,U95P2,DYCOL57,Text (1)
1395,U95P2,DYCOL58,Text (1)
1395,U95P2,DYCOL59,Text (1)
1395,U95P2,DYCOL60,Text (100)
1395,U95P2,DYCOL61,Text (1)
1395,U95P3S01,Address,Text (11)
1395,U95P3S01,DYCOL01,Text (6)
1395,U95P3S01,DYCOL02,Text (1)
1395,U95P3S01,DYCOL03,Text (3)
1395,U95P3S01,DYCOL04,Text (5)
1395,U95P3S01,DYCOL05,Text (10)
1395,U95P3S01,DYCOL06,Text (10)
1395,U95P3S02,Address,Text (11)
1395,U95P3S02,DYCOL01,Text (6)
1395,U95P3S02,DYCOL02,Text (1)
1395,U95P3S02,DYCOL03,Text (3)
1395,U95P3S02,DYCOL04,Text (5)
1395,U95P3S02,DYCOL05,Text (10)
1395,U95P3S02,DYCOL06,Text (10)
1395,U95P3S03,Address,Text (11)
1395,U95P3S03,DYCOL01,Text (6)
1395,U95P3S03,DYCOL02,Text (1)
1395,U95P3S03,DYCOL03,Text (10)
1395,U95P3S04,Address,Text (11)
1395,U95P3S04,DYCOL01,Text (6)
1395,U95P3S04,DYCOL02,Text (10)
1395,U95P3S04,DYCOL03,Text (1)
1395,U95P3S04,DYCOL04,Text (10)
1395,U95P3S05,Address,Text (11)
1395,U95P3S05,DYCOL01,Text (6)
1395,U95P3S05,DYCOL02,Text (1)
1395,U95P3S05,DYCOL03,Text (10)
1395,U95P3S06,Address,Text (11)
1395,U95P3S06,DYCOL01,Text (6)
1395,U95P3S06,DYCOL02,Text (1)
1395,U95P3S06,DYCOL03,Text (10)
1395,U95P3S07,Address,Text (11)
1395,U95P3S07,DYCOL01,Text (6)
1395,U95P3S07,DYCOL02,Text (1)
1395,U95P3S07,DYCOL03,Text (10)
1395,U95P3S08,Address,Text (11)
1395,U95P3S08,DYCOL01,Text (6)
1395,U95P3S08,DYCOL02,Text (1)
1395,U95P3S08,DYCOL03,Text (10)
1395,U95P3S09,Address,Text (11)
1395,U95P3S09,DYCOL01,Text (6)
1395,U95P3S09,DYCOL02,Text (1)
1395,U95P3S09,DYCOL03,Text (10)
1395,U95P3S10,Address,Text (11)
1395,U95P3S10,DYCOL01,Text (6)
1395,U95P3S10,DYCOL02,Text (1)
1395,U95P3S10,DYCOL03,Text (10)
1395,U95P3S11,Address,Text (11)
1395,U95P3S11,DYCOL01,Text (6)
1395,U95P3S11,DYCOL02,Text (1)
1395,U95P3S11,DYCOL03,Text (10)
1395,U95P3S12,Address,Text (11)
1395,U95P3S12,DYCOL01,Text (6)
1395,U95P3S12,DYCOL02,Text (1)
1395,U95P3S12,DYCOL03,Text (10)
1395,U95P3S13,Address,Text (11)
1395,U95P3S13,DYCOL01,Text (6)
1395,U95P3S13,DYCOL02,Text (10)
1395,U95P3S13,DYCOL03,Text (50)
1395,U95P3S13,DYCOL04,Text (1)
1395,U95P3S13,DYCOL05,Text (10)
1395,U95P3S13,DYCOL06,Text (10)
1395,U95P3S14,Address,Text (11)
1395,U95P3S14,DYCOL01,Text (6)
1395,U95P3S14,DYCOL02,Text (1)
1395,U95P3S14,DYCOL03,Text (10)
1395,U95P3S14,DYCOL04,Text (10)
1395,U95P4S01,Address,Text (11)
1395,U95P4S01,DYCOL01,Text (2)
1395,U95P4S01,DYCOL02,Text (1)
1395,U95P4S01,DYCOL03,Text (4)
1395,U95P4S01,DYCOL04,Text (5)
1395,U95P4S01,DYCOL05,Text (1)
1395,U95P4S01,DYCOL06,Text (2)
1395,U95P4S01,DYCOL07,Text (1)
1395,U95P4S01,DYCOL08,Text (10)
1395,U95P4S01,DYCOL09,Text (10)
1395,U95P4S01,DYCOL10,Text (10)
1395,U95P4S01,DYCOL11,Text (10)
1395,U95P4S01,DYCOL12,Text (10)
1395,U95P4S01,DYCOL13,Text (10)
1395,U95P4S01,DYCOL14,Text (14)
1395,U95P4S01,DYCOL15,Text (14)
1395,U95P4S02,Address,Text (11)
1395,U95P4S02,DYCOL01,Text (2)
1395,U95P4S02,DYCOL02,Text (1)
1395,U95P4S02,DYCOL03,Text (4)
1395,U95P4S02,DYCOL04,Text (5)
1395,U95P4S02,DYCOL05,Text (1)
1395,U95P4S02,DYCOL06,Text (1)
1395,U95P4S02,DYCOL07,Text (2)
1395,U95P4S02,DYCOL08,Text (1)
1395,U95P4S02,DYCOL09,Text (14)
1395,U95P4S02,DYCOL10,Text (14)
1395,U95P4S02,DYCOL11,Text (14)
1395,U95P4S02,DYCOL12,Text (14)
1395,U95P4S02,DYCOL13,Text (14)
1395,U95P4S02,DYCOL14,Text (14)
1395,U95P4S02,DYCOL15,Text (14)
1395,U95P4S03,Address,Text (11)
1395,U95P4S03,DYCOL01,Text (2)
1395,U95P4S03,DYCOL03,Text (10)
1395,U95P4S03,DYCOL04,Text (10)
1395,U95P4S03,DYCOL05,Text (10)
1395,U95P4S03,DYCOL06,Text (10)
1395,U95P4S03,DYCOL07,Text (10)
1395,U95P4S03,DYCOL08,Text (10)
1395,U95P4S04,Address,Text (11)
1395,U95P4S04,Dycol01,Text (3)
1395,U95P4S04,Dycol03,Text (2)
1395,U95P4S04,Dycol04,Text (2)
1395,U95P4S04,Dycol05,Text (10)
1396,R96Data,Address,Text (11)
1396,R96Data,MahMorajeh,Text (2)
1396,R96Data,Fasl,Text (1)
1396,R96Data,weight,Long Integer
1396,R96Data,NoeKhn,Text (1)
1396,R96Data,Takmil,Text (1)
1396,R96Data,TakmilDescA,Text (1)
1396,R96Data,TakmilDescB,Text (1)
1396,R96Data,TakmilDescC,Text (100)
1396,R96Data,Jaygozin,Text (1)
1396,R96Data,JaygozinDescA,Text (1)
1396,R96Data,JaygozinDescB,Text (1)
1396,R96Data,JaygozinDescC,Text (100)
1396,R96Data,BlkAbdJaygozin,Text (6)
1396,R96Data,RadifJaygozin,Text (3)
1396,R96P1,Address,Text (11)
1396,R96P1,DYCOL01,Text (2)
1396,R96P1,DYCOL03,Text (1)
1396,R96P1,DYCOL04,Text (1)
1396,R96P1,DYCOL05,Text (2)
1396,R96P1,DYCOL06,Text (1)
1396,R96P1,DYCOL07,Text (1)
1396,R96P1,DYCOL08,Text (3)
1396,R96P1,DYCOL09,Text (1)
1396,R96P1,DYCOL10,Text (1)
1396,R96P2,Address,Text (11)
1396,R96P2,DYCOL01,Text (1)
1396,R96P2,DYCOL03,Text (2)
1396,R96P2,DYCOL04,Text (3)
1396,R96P2,DYCOL05,Text (1)
1396,R96P2,DYCOL06,Text (2)
1396,R96P2,DYCOL07,Text (1)
1396,R96P2,DYCOL08,Text (1)
1396,R96P2,DYCOL09,Text (1)
1396,R96P2,DYCOL10,Text (1)
1396,R96P2,DYCOL11,Text (1)
1396,R96P2,DYCOL12,Text (1)
1396,R96P2,DYCOL13,Text (1)
1396,R96P2,DYCOL14,Text (1)
1396,R96P2,DYCOL15,Text (1)
1396,R96P2,DYCOL16,Text (1)
1396,R96P2,DYCOL17,Text (1)
1396,R96P2,DYCOL18,Text (1)
1396,R96P2,DYCOL19,Text (1)
1396,R96P2,DYCOL20,Text (1)
1396,R96P2,DYCOL21,Text (1)
1396,R96P2,DYCOL22,Text (1)
1396,R96P2,DYCOL23,Text (1)
1396,R96P2,DYCOL24,Text (1)
1396,R96P2,DYCOL25,Text (1)
1396,R96P2,DYCOL26,Text (1)
1396,R96P2,DYCOL27,Text (1)
1396,R96P2,DYCOL28,Text (1)
1396,R96P2,DYCOL29,Text (1)
1396,R96P2,DYCOL30,Text (1)
1396,R96P2,DYCOL31,Text (1)
1396,R96P2,DYCOL32,Text (1)
1396,R96P2,DYCOL33,Text (1)
1396,R96P2,DYCOL34,Text (1)
1396,R96P2,DYCOL35,Text (1)
1396,R96P2,DYCOL36,Text (1)
1396,R96P2,DYCOL37,Text (1)
1396,R96P2,DYCOL38,Text (1)
1396,R96P2,DYCOL39,Text (1)
1396,R96P2,DYCOL40,Text (1)
1396,R96P2,DYCOL41,Text (1)
1396,R96P2,DYCOL42,Text (1)
1396,R96P2,DYCOL43,Text (2)
1396,R96P2,DYCOL44,Text (2)
1396,R96P2,DYCOL45,Text (2)
1396,R96P3S01,Address,Text (11)
1396,R96P3S01,DYCOL01,Text (6)
1396,R96P3S01,DYCOL02,Text (1)
1396,R96P3S01,DYCOL03,Text (3)
1396,R96P3S01,DYCOL04,Text (5)
1396,R96P3S01,DYCOL05,Text (10)
1396,R96P3S01,DYCOL06,Text (10)
1396,R96P3S02,Address,Text (11)
1396,R96P3S02,DYCOL01,Text (6)
1396,R96P3S02,DYCOL02,Text (1)
1396,R96P3S02,DYCOL03,Text (3)
1396,R96P3S02,DYCOL04,Text (5)
1396,R96P3S02,DYCOL05,Text (10)
1396,R96P3S02,DYCOL06,Text (10)
1396,R96P3S03,Address,Text (11)
1396,R96P3S03,DYCOL01,Text (6)
1396,R96P3S03,DYCOL02,Text (1)
1396,R96P3S03,DYCOL03,Text (10)
1396,R96P3S04,Address,Text (11)
1396,R96P3S04,DYCOL01,Text (6)
1396,R96P3S04,DYCOL02,Text (10)
1396,R96P3S04,DYCOL03,Text (1)
1396,R96P3S04,DYCOL04,Text (10)
1396,R96P3S05,Address,Text (11)
1396,R96P3S05,DYCOL01,Text (6)
1396,R96P3S05,DYCOL02,Text (1)
1396,R96P3S05,DYCOL03,Text (10)
1396,R96P3S06,Address,Text (11)
1396,R96P3S06,DYCOL01,Text (6)
1396,R96P3S06,DYCOL02,Text (1)
1396,R96P3S06,DYCOL03,Text (10)
1396,R96P3S07,Address,Text (11)
1396,R96P3S07,DYCOL01,Text (6)
1396,R96P3S07,DYCOL02,Text (1)
1396,R96P3S07,DYCOL03,Text (10)
1396,R96P3S08,Address,Text (11)
1396,R96P3S08,DYCOL01,Text (6)
1396,R96P3S08,DYCOL02,Text (1)
1396,R96P3S08,DYCOL03,Text (10)
1396,R96P3S09,Address,Text (11)
1396,R96P3S09,DYCOL01,Text (6)
1396,R96P3S09,DYCOL02,Text (1)
1396,R96P3S09,DYCOL03,Text (10)
1396,R96P3S10,Address,Text (11)
1396,R96P3S10,DYCOL01,Text (6)
1396,R96P3S10,DYCOL02,Text (1)
1396,R96P3S10,DYCOL03,Text (10)
1396,R96P3S11,Address,Text (11)
1396,R96P3S11,DYCOL01,Text (6)
1396,R96P3S11,DYCOL02,Text (1)
1396,R96P3S11,DYCOL03,Text (10)
1396,R96P3S12,Address,Text (11)
1396,R96P3S12,DYCOL01,Text (6)
1396,R96P3S12,DYCOL02,Text (1)
1396,R96P3S12,DYCOL03,Text (10)
1396,R96P3S13,Address,Text (11)
1396,R96P3S13,DYCOL01,Text (6)
1396,R96P3S13,DYCOL02,Text (10)
1396,R96P3S13,DYCOL03,Text (50)
1396,R96P3S13,DYCOL04,Text (1)
1396,R96P3S13,DYCOL05,Text (10)
1396,R96P3S13,DYCOL06,Text (10)
1396,R96P3S14,Address,Text (11)
1396,R96P3S14,DYCOL01,Text (6)
1396,R96P3S14,DYCOL02,Text (1)
1396,R96P3S14,DYCOL03,Text (12)
1396,R96P3S14,DYCOL04,Text (10)
1396,R96P4S01,Address,Text (11)
1396,R96P4S01,DYCOL01,Text (2)
1396,R96P4S01,DYCOL02,Text (1)
1396,R96P4S01,DYCOL03,Text (4)
1396,R96P4S01,DYCOL04,Text (5)
1396,R96P4S01,DYCOL05,Text (1)
1396,R96P4S01,DYCOL06,Text (2)
1396,R96P4S01,DYCOL07,Text (1)
1396,R96P4S01,DYCOL08,Text (10)
1396,R96P4S01,DYCOL09,Text (10)
1396,R96P4S01,DYCOL10,Text (10)
1396,R96P4S01,DYCOL11,Text (10)
1396,R96P4S01,DYCOL12,Text (10)
1396,R96P4S01,DYCOL13,Text (10)
1396,R96P4S01,DYCOL14,Text (14)
1396,R96P4S01,DYCOL15,Text (14)
1396,R96P4S02,Address,Text (11)
1396,R96P4S02,DYCOL01,Text (2)
1396,R96P4S02,DYCOL02,Text (1)
1396,R96P4S02,DYCOL03,Text (4)
1396,R96P4S02,DYCOL04,Text (5)
1396,R96P4S02,DYCOL05,Text (1)
1396,R96P4S02,DYCOL06,Text (1)
1396,R96P4S02,DYCOL07,Text (2)
1396,R96P4S02,DYCOL08,Text (1)
1396,R96P4S02,DYCOL09,Text (14)
1396,R96P4S02,DYCOL10,Text (14)
1396,R96P4S02,DYCOL11,Text (14)
1396,R96P4S02,DYCOL12,Text (14)
1396,R96P4S02,DYCOL13,Text (14)
1396,R96P4S02,DYCOL14,Text (14)
1396,R96P4S02,DYCOL15,Text (14)
1396,R96P4S03,Address,Text (11)
1396,R96P4S03,DYCOL01,Text (2)
1396,R96P4S03,DYCOL03,Text (10)
1396,R96P4S03,DYCOL04,Text (10)
1396,R96P4S03,DYCOL05,Text (10)
1396,R96P4S03,DYCOL06,Text (10)
1396,R96P4S03,DYCOL07,Text (10)
1396,R96P4S03,DYCOL08,Text (10)
1396,R96P4S04,Address,Text (11)
1396,R96P4S04,Dycol01,Text (3)
1396,R96P4S04,Dycol03,Text (2)
1396,R96P4S04,Dycol04,Text (2)
1396,R96P4S04,Dycol05,Text (10)
1396,U96Data,Address,Text (11)
1396,U96Data,MahMorajeh,Text (2)
1396,U96Data,Fasl,Text (1)
1396,U96Data,weight,Long Integer
1396,U96Data,NoeKhn,Text (1)
1396,U96Data,Takmil,Text (1)
1396,U96Data,TakmilDescA,Text (1)
1396,U96Data,TakmilDescB,Text (1)
1396,U96Data,TakmilDescC,Text (100)
1396,U96Data,Jaygozin,Text (1)
1396,U96Data,JaygozinDescA,Text (1)
1396,U96Data,JaygozinDescB,Text (1)
1396,U96Data,JaygozinDescC,Text (100)
1396,U96Data,BlkAbdJaygozin,Text (6)
1396,U96Data,RadifJaygozin,Text (3)
1396,U96P1,Address,Text (11)
1396,U96P1,DYCOL01,Text (2)
1396,U96P1,DYCOL03,Text (1)
1396,U96P1,DYCOL04,Text (1)
1396,U96P1,DYCOL05,Text (2)
1396,U96P1,DYCOL06,Text (1)
1396,U96P1,DYCOL07,Text (1)
1396,U96P1,DYCOL08,Text (3)
1396,U96P1,DYCOL09,Text (1)
1396,U96P1,DYCOL10,Text (1)
1396,U96P2,Address,Text (11)
1396,U96P2,DYCOL01,Text (1)
1396,U96P2,DYCOL03,Text (2)
1396,U96P2,DYCOL04,Text (3)
1396,U96P2,DYCOL05,Text (1)
1396,U96P2,DYCOL06,Text (2)
1396,U96P2,DYCOL07,Text (1)
1396,U96P2,DYCOL08,Text (1)
1396,U96P2,DYCOL09,Text (1)
1396,U96P2,DYCOL10,Text (1)
1396,U96P2,DYCOL11,Text (1)
1396,U96P2,DYCOL12,Text (1)
1396,U96P2,DYCOL13,Text (1)
1396,U96P2,DYCOL14,Text (1)
1396,U96P2,DYCOL15,Text (1)
1396,U96P2,DYCOL16,Text (1)
1396,U96P2,DYCOL17,Text (1)
1396,U96P2,DYCOL18,Text (1)
1396,U96P2,DYCOL19,Text (1)
1396,U96P2,DYCOL20,Text (1)
1396,U96P2,DYCOL21,Text (1)
1396,U96P2,DYCOL22,Text (1)
1396,U96P2,DYCOL23,Text (1)
1396,U96P2,DYCOL24,Text (1)
1396,U96P2,DYCOL25,Text (1)
1396,U96P2,DYCOL26,Text (1)
1396,U96P2,DYCOL27,Text (1)
1396,U96P2,DYCOL28,Text (1)
1396,U96P2,DYCOL29,Text (1)
1396,U96P2,DYCOL30,Text (1)
1396,U96P2,DYCOL31,Text (1)
1396,U96P2,DYCOL32,Text (1)
1396,U96P2,DYCOL33,Text (1)
1396,U96P2,DYCOL34,Text (1)
1396,U96P2,DYCOL35,Text (1)
1396,U96P2,DYCOL36,Text (1)
1396,U96P2,DYCOL37,Text (1)
1396,U96P2,DYCOL38,Text (1)
1396,U96P2,DYCOL39,Text (1)
1396,U96P2,DYCOL40,Text (1)
1396,U96P2,DYCOL41,Text (1)
1396,U96P2,DYCOL42,Text (1)
1396,U96P2,DYCOL43,Text (2)
1396,U96P2,DYCOL44,Text (2)
1396,U96P2,DYCOL45,Text (2)
1396,U96P3S01,Address,Text (11)
1396,U96P3S01,DYCOL01,Text (6)
1396,U96P3S01,DYCOL02,Text (1)
1396,U96P3S01,DYCOL03,Text (3)
1396,U96P3S01,DYCOL04,Text (5)
1396,U96P3S01,DYCOL05,Text (10)
1396,U96P3S01,DYCOL06,Text (10)
1396,U96P3S02,Address,Text (11)
1396,U96P3S02,DYCOL01,Text (6)
1396,U96P3S02,DYCOL02,Text (1)
1396,U96P3S02,DYCOL03,Text (3)
1396,U96P3S02,DYCOL04,Text (5)
1396,U96P3S02,DYCOL05,Text (10)
1396,U96P3S02,DYCOL06,Text (10)
1396,U96P3S03,Address,Text (11)
1396,U96P3S03,DYCOL01,Text (6)
1396,U96P3S03,DYCOL02,Text (1)
1396,U96P3S03,DYCOL03,Text (10)
1396,U96P3S04,Address,Text (11)
1396,U96P3S04,DYCOL01,Text (6)
1396,U96P3S04,DYCOL02,Text (10)
1396,U96P3S04,DYCOL03,Text (1)
1396,U96P3S04,DYCOL04,Text (10)
1396,U96P3S05,Address,Text (11)
1396,U96P3S05,DYCOL01,Text (6)
1396,U96P3S05,DYCOL02,Text (1)
1396,U96P3S05,DYCOL03,Text (10)
1396,U96P3S06,Address,Text (11)
1396,U96P3S06,DYCOL01,Text (6)
1396,U96P3S06,DYCOL02,Text (1)
1396,U96P3S06,DYCOL03,Text (10)
1396,U96P3S07,Address,Text (11)
1396,U96P3S07,DYCOL01,Text (6)
1396,U96P3S07,DYCOL02,Text (1)
1396,U96P3S07,DYCOL03,Text (10)
1396,U96P3S08,Address,Text (11)
1396,U96P3S08,DYCOL01,Text (6)
1396,U96P3S08,DYCOL02,Text (1)
1396,U96P3S08,DYCOL03,Text (10)
1396,U96P3S09,Address,Text (11)
1396,U96P3S09,DYCOL01,Text (6)
1396,U96P3S09,DYCOL02,Text (1)
1396,U96P3S09,DYCOL03,Text (10)
1396,U96P3S10,Address,Text (11)
1396,U96P3S10,DYCOL01,Text (6)
1396,U96P3S10,DYCOL02,Text (1)
1396,U96P3S10,DYCOL03,Text (10)
1396,U96P3S11,Address,Text (11)
1396,U96P3S11,DYCOL01,Text (6)
1396,U96P3S11,DYCOL02,Text (1)
1396,U96P3S11,DYCOL03,Text (10)
1396,U96P3S12,Address,Text (11)
1396,U96P3S12,DYCOL01,Text (6)
1396,U96P3S12,DYCOL02,Text (1)
1396,U96P3S12,DYCOL03,Text (10)
1396,U96P3S13,Address,Text (11)
1396,U96P3S13,DYCOL01,Text (6)
1396,U96P3S13,DYCOL02,Text (10)
1396,U96P3S13,DYCOL03,Text (50)
1396,U96P3S13,DYCOL04,Text (1)
1396,U96P3S13,DYCOL05,Text (10)
1396,U96P3S13,DYCOL06,Text (10)
1396,U96P3S14,Address,Text (11)
1396,U96P3S14,DYCOL01,Text (6)
1396,U96P3S14,DYCOL02,Text (1)
1396,U96P3S14,DYCOL03,Text (12)
1396,U96P3S14,DYCOL04,Text (10)
1396,U96P4S01,Address,Text (11)
1396,U96P4S01,DYCOL01,Text (2)
1396,U96P4S01,DYCOL02,Text (1)
1396,U96P4S01,DYCOL03,Text (4)
1396,U96P4S01,DYCOL04,Text (5)
1396,U96P4S01,DYCOL05,Text (1)
1396,U96P4S01,DYCOL06,Text (2)
1396,U96P4S01,DYCOL07,Text (1)
1396,U96P4S01,DYCOL08,Text (10)
1396,U96P4S01,DYCOL09,Text (10)
1396,U96P4S01,DYCOL10,Text (10)
1396,U96P4S01,DYCOL11,Text (10)
1396,U96P4S01,DYCOL12,Text (10)
1396,U96P4S01,DYCOL13,Text (10)
1396,U96P4S01,DYCOL14,Text (14)
1396,U96P4S01,DYCOL15,Text (14)
1396,U96P4S02,Address,Text (11)
1396,U96P4S02,DYCOL01,Text (2)
1396,U96P4S02,DYCOL02,Text (1)
1396,U96P4S02,DYCOL03,Text (4)
1396,U96P4S02,DYCOL04,Text (5)
1396,U96P4S02,DYCOL05,Text (1)
1396,U96P4S02,DYCOL06,Text (1)
1396,U96P4S02,DYCOL07,Text (2)
1396,U96P4S02,DYCOL08,Text (1)
1396,U96P4S02,DYCOL09,Text (14)
1396,U96P4S02,DYCOL10,Text (14)
1396,U96P4S02,DYCOL11,Text (14)
1396,U96P4S02,DYCOL12,Text (14)
1396,U96P4S02,DYCOL13,Text (14)
1396,U96P4S02,DYCOL14,Text (14)
1396,U96P4S02,DYCOL15,Text (14)
1396,U96P4S03,Address,Text (11)
1396,U96P4S03,DYCOL01,Text (2)
1396,U96P4S03,DYCOL03,Text (10)
1396,U96P4S03,DYCOL04,Text (10)
1396,U96P4S03,DYCOL05,Text (10)
1396,U96P4S03,DYCOL06,Text (10)
1396,U96P4S03,DYCOL07,Text (10)
1396,U96P4S03,DYCOL08,Text (10)
1396,U96P4S04,Address,Text (11)
1396,U96P4S04,Dycol01,Text (3)
1396,U96P4S04,Dycol03,Text (2)
1396,U96P4S04,Dycol04,Text (2)
1396,U96P4S04,Dycol05,Text (10)
1397,R97Data,Address,Text (11)
1397,R97Data,MahMorajeh,Text (2)
1397,R97Data,Fasl,Text (1)
1397,R97Data,weight,Long Integer
1397,R97Data,NoeKhn,Text (1)
1397,R97Data,Takmil,Text (1)
1397,R97Data,TakmilDescA,Text (1)
1397,R97Data,TakmilDescB,Text (1)
1397,R97Data,TakmilDescC,Text (100)
1397,R97Data,Jaygozin,Text (1)
1397,R97Data,JaygozinDescA,Text (1)
1397,R97Data,JaygozinDescB,Text (1)
1397,R97Data,JaygozinDescC,Text (100)
1397,R97Data,BlkAbdJaygozin,Text (6)
1397,R97Data,RadifJaygozin,Text (3)
1397,R97P1,Address,Text (11)
1397,R97P1,DYCOL01,Text (2)
1397,R97P1,DYCOL03,Text (1)
1397,R97P1,DYCOL04,Text (1)
1397,R97P1,DYCOL05,Text (2)
1397,R97P1,DYCOL06,Text (1)
1397,R97P1,DYCOL07,Text (1)
1397,R97P1,DYCOL08,Text (3)
1397,R97P1,DYCOL09,Text (1)
1397,R97P1,DYCOL10,Text (1)
1397,R97P2,Address,Text (11)
1397,R97P2,DYCOL01,Text (1)
1397,R97P2,DYCOL03,Text (2)
1397,R97P2,DYCOL04,Text (3)
1397,R97P2,DYCOL05,Text (1)
1397,R97P2,DYCOL06,Text (2)
1397,R97P2,DYCOL07,Text (1)
1397,R97P2,DYCOL08,Text (1)
1397,R97P2,DYCOL09,Text (1)
1397,R97P2,DYCOL10,Text (1)
1397,R97P2,DYCOL11,Text (1)
1397,R97P2,DYCOL12,Text (1)
1397,R97P2,DYCOL13,Text (1)
1397,R97P2,DYCOL14,Text (1)
1397,R97P2,DYCOL15,Text (1)
1397,R97P2,DYCOL16,Text (1)
1397,R97P2,DYCOL17,Text (1)
1397,R97P2,DYCOL18,Text (1)
1397,R97P2,DYCOL19,Text (1)
1397,R97P2,DYCOL20,Text (1)
1397,R97P2,DYCOL21,Text (1)
1397,R97P2,DYCOL22,Text (1)
1397,R97P2,DYCOL23,Text (1)
1397,R97P2,DYCOL24,Text (1)
1397,R97P2,DYCOL25,Text (1)
1397,R97P2,DYCOL26,Text (1)
1397,R97P2,DYCOL27,Text (1)
1397,R97P2,DYCOL28,Text (1)
1397,R97P2,DYCOL29,Text (1)
1397,R97P2,DYCOL30,Text (1)
1397,R97P2,DYCOL31,Text (1)
1397,R97P2,DYCOL32,Text (1)
1397,R97P2,DYCOL33,Text (1)
1397,R97P2,DYCOL34,Text (1)
1397,R97P2,DYCOL35,Text (1)
1397,R97P2,DYCOL36,Text (1)
1397,R97P2,DYCOL37,Text (1)
1397,R97P2,DYCOL38,Text (1)
1397,R97P2,DYCOL39,Text (1)
1397,R97P2,DYCOL40,Text (1)
1397,R97P2,DYCOL41,Text (1)
1397,R97P2,DYCOL42,Text (1)
1397,R97P2,DYCOL43,Text (2)
1397,R97P2,DYCOL44,Text (2)
1397,R97P2,DYCOL45,Text (2)
1397,R97P3S01,Address,Text (11)
1397,R97P3S01,DYCOL01,Text (6)
1397,R97P3S01,DYCOL02,Text (1)
1397,R97P3S01,DYCOL03,Text (3)
1397,R97P3S01,DYCOL04,Text (5)
1397,R97P3S01,DYCOL05,Text (10)
1397,R97P3S01,DYCOL06,Text (10)
1397,R97P3S02,Address,Text (11)
1397,R97P3S02,DYCOL01,Text (6)
1397,R97P3S02,DYCOL02,Text (1)
1397,R97P3S02,DYCOL03,Text (3)
1397,R97P3S02,DYCOL04,Text (5)
1397,R97P3S02,DYCOL05,Text (10)
1397,R97P3S02,DYCOL06,Text (10)
1397,R97P3S03,Address,Text (11)
1397,R97P3S03,DYCOL01,Text (6)
1397,R97P3S03,DYCOL02,Text (1)
1397,R97P3S03,DYCOL03,Text (10)
1397,R97P3S04,Address,Text (11)
1397,R97P3S04,DYCOL01,Text (6)
1397,R97P3S04,DYCOL02,Text (10)
1397,R97P3S04,DYCOL03,Text (1)
1397,R97P3S04,DYCOL04,Text (10)
1397,R97P3S05,Address,Text (11)
1397,R97P3S05,DYCOL01,Text (6)
1397,R97P3S05,DYCOL02,Text (1)
1397,R97P3S05,DYCOL03,Text (10)
1397,R97P3S06,Address,Text (11)
1397,R97P3S06,DYCOL01,Text (6)
1397,R97P3S06,DYCOL02,Text (1)
1397,R97P3S06,DYCOL03,Text (10)
1397,R97P3S07,Address,Text (11)
1397,R97P3S07,DYCOL01,Text (6)
1397,R97P3S07,DYCOL02,Text (1)
1397,R97P3S07,DYCOL03,Text (10)
1397,R97P3S08,Address,Text (11)
1397,R97P3S08,DYCOL01,Text (6)
1397,R97P3S08,DYCOL02,Text (1)
1397,R97P3S08,DYCOL03,Text (10)
1397,R97P3S09,Address,Text (11)
1397,R97P3S09,DYCOL01,Text (6)
1397,R97P3S09,DYCOL02,Text (1)
1397,R97P3S09,DYCOL03,Text (10)
1397,R97P3S10,Address,Text (11)
1397,R97P3S10,DYCOL01,Text (6)
1397,R97P3S10,DYCOL02,Text (1)
1397,R97P3S10,DYCOL03,Text (10)
1397,R97P3S11,Address,Text (11)
1397,R97P3S11,DYCOL01,Text (6)
1397,R97P3S11,DYCOL02,Text (1)
1397,R97P3S11,DYCOL03,Text (10)
1397,R97P3S12,Address,Text (11)
1397,R97P3S12,DYCOL01,Text (6)
1397,R97P3S12,DYCOL02,Text (1)
1397,R97P3S12,DYCOL03,Text (10)
1397,R97P3S13,Address,Text (11)
1397,R97P3S13,DYCOL01,Text (6)
1397,R97P3S13,DYCOL02,Text (10)
1397,R97P3S13,DYCOL03,Text (50)
1397,R97P3S13,DYCOL04,Text (1)
1397,R97P3S13,DYCOL05,Text (10)
1397,R97P3S13,DYCOL06,Text (10)
1397,R97P3S14,Address,Text (11)
1397,R97P3S14,DYCOL01,Text (6)
1397,R97P3S14,DYCOL02,Text (1)
1397,R97P3S14,DYCOL03,Text (12)
1397,R97P3S14,DYCOL04,Text (10)
1397,R97P4S01,Address,Text (11)
1397,R97P4S01,DYCOL01,Text (2)
1397,R97P4S01,DYCOL02,Text (1)
1397,R97P4S01,DYCOL03,Text (4)
1397,R97P4S01,DYCOL04,Text (5)
1397,R97P4S01,DYCOL05,Text (1)
1397,R97P4S01,DYCOL06,Text (2)
1397,R97P4S01,DYCOL07,Text (1)
1397,R97P4S01,DYCOL08,Text (10)
1397,R97P4S01,DYCOL09,Text (10)
1397,R97P4S01,DYCOL10,Text (10)
1397,R97P4S01,DYCOL11,Text (10)
1397,R97P4S01,DYCOL12,Text (10)
1397,R97P4S01,DYCOL13,Text (10)
1397,R97P4S01,DYCOL14,Text (14)
1397,R97P4S01,DYCOL15,Text (14)
1397,R97P4S02,Address,Text (11)
1397,R97P4S02,DYCOL01,Text (2)
1397,R97P4S02,DYCOL02,Text (1)
1397,R97P4S02,DYCOL03,Text (4)
1397,R97P4S02,DYCOL04,Text (5)
1397,R97P4S02,DYCOL05,Text (1)
1397,R97P4S02,DYCOL06,Text (1)
1397,R97P4S02,DYCOL07,Text (2)
1397,R97P4S02,DYCOL08,Text (1)
1397,R97P4S02,DYCOL09,Text (14)
1397,R97P4S02,DYCOL10,Text (14)
1397,R97P4S02,DYCOL11,Text (14)
1397,R97P4S02,DYCOL12,Text (14)
1397,R97P4S02,DYCOL13,Text (14)
1397,R97P4S02,DYCOL14,Text (14)
1397,R97P4S02,DYCOL15,Text (14)
1397,R97P4S03,Address,Text (11)
1397,R97P4S03,DYCOL01,Text (2)
1397,R97P4S03,DYCOL03,Text (10)
1397,R97P4S03,DYCOL04,Text (10)
1397,R97P4S03,DYCOL05,Text (10)
1397,R97P4S03,DYCOL06,Text (10)
1397,R97P4S03,DYCOL07,Text (10)
1397,R97P4S03,DYCOL08,Text (10)
1397,R97P4S04,Address,Text (11)
1397,R97P4S04,Dycol01,Text (3)
1397,R97P4S04,Dycol03,Text (2)
1397,R97P4S04,Dycol04,Text (2)
1397,R97P4S04,Dycol05,Text (10)
1397,U97Data,Address,Text (11)
1397,U97Data,MahMorajeh,Text (2)
1397,U97Data,Fasl,Text (1)
1397,U97Data,weight,Long Integer
1397,U97Data,NoeKhn,Text (1)
1397,U97Data,Takmil,Text (1)
1397,U97Data,TakmilDescA,Text (1)
1397,U97Data,TakmilDescB,Text (1)
1397,U97Data,TakmilDescC,Text (100)
1397,U97Data,Jaygozin,Text (1)
1397,U97Data,JaygozinDescA,Text (1)
1397,U97Data,JaygozinDescB,Text (1)
1397,U97Data,JaygozinDescC,Text (100)
1397,U97Data,BlkAbdJaygozin,Text (6)
1397,U97Data,RadifJaygozin,Text (3)
1397,U97P1,Address,Text (11)
1397,U97P1,DYCOL01,Text (2)
1397,U97P1,DYCOL03,Text (1)
1397,U97P1,DYCOL04,Text (1)
1397,U97P1,DYCOL05,Text (2)
1397,U97P1,DYCOL06,Text (1)
1397,U97P1,DYCOL07,Text (1)
1397,U97P1,DYCOL08,Text (3)
1397,U97P1,DYCOL09,Text (1)
1397,U97P1,DYCOL10,Text (1)
1397,U97P2,Address,Text (11)
1397,U97P2,DYCOL01,Text (1)
1397,U97P2,DYCOL03,Text (2)
1397,U97P2,DYCOL04,Text (3)
1397,U97P2,DYCOL05,Text (1)
1397,U97P2,DYCOL06,Text (2)
1397,U97P2,DYCOL07,Text (1)
1397,U97P2,DYCOL08,Text (1)
1397,U97P2,DYCOL09,Text (1)
1397,U97P2,DYCOL10,Text (1)
1397,U97P2,DYCOL11,Text (1)
1397,U97P2,DYCOL12,Text (1)
1397,U97P2,DYCOL13,Text (1)
1397,U97P2,DYCOL14,Text (1)
1397,U97P2,DYCOL15,Text (1)
1397,U97P2,DYCOL16,Text (1)
1397,U97P2,DYCOL17,Text (1)
1397,U97P2,DYCOL18,Text (1)
1397,U97P2,DYCOL19,Text (1)
1397,U97P2,DYCOL20,Text (1)
1397,U97P2,DYCOL21,Text (1)
1397,U97P2,DYCOL22,Text (1)
1397,U97P2,DYCOL23,Text (1)
1397,U97P2,DYCOL24,Text (1)
1397,U97P2,DYCOL25,Text (1)
1397,U97P2,DYCOL26,Text (1)
1397,U97P2,DYCOL27,Text (1)
1397,U97P2,DYCOL28,Text (1)
1397,U97P2,DYCOL29,Text (1)
1397,U97P2,DYCOL30,Text (1)
1397,U97P2,DYCOL31,Text (1)
1397,U97P2,DYCOL32,Text (1)
1397,U97P2,DYCOL33,Text (1)
1397,U97P2,DYCOL34,Text (1)
1397,U97P2,DYCOL35,Text (1)
1397,U97P2,DYCOL36,Text (1)
1397,U97P2,DYCOL37,Text (1)
1397,U97P2,DYCOL38,Text (1)
1397,U97P2,DYCOL39,Text (1)
1397,U97P2,DYCOL40,Text (1)
1397,U97P2,DYCOL41,Text (1)
1397,U97P2,DYCOL42,Text (1)
1397,U97P2,DYCOL43,Text (2)
1397,U97P2,DYCOL44,Text (2)
1397,U97P2,DYCOL45,Text (2)
1397,U97P3S01,Address,Text (11)
1397,U97P3S01,DYCOL01,Text (6)
1397,U97P3S01,DYCOL02,Text (1)
1397,U97P3S01,DYCOL03,Text (3)
1397,U97P3S01,DYCOL04,Text (5)
1397,U97P3S01,DYCOL05,Text (10)
1397,U97P3S01,DYCOL06,Text (10)
1397,U97P3S02,Address,Text (11)
1397,U97P3S02,DYCOL01,Text (6)
1397,U97P3S02,DYCOL02,Text (1)
1397,U97P3S02,DYCOL03,Text (3)
1397,U97P3S02,DYCOL04,Text (5)
1397,U97P3S02,DYCOL05,Text (10)
1397,U97P3S02,DYCOL06,Text (10)
1397,U97P3S03,Address,Text (11)
1397,U97P3S03,DYCOL01,Text (6)
1397,U97P3S03,DYCOL02,Text (1)
1397,U97P3S03,DYCOL03,Text (10)
1397,U97P3S04,Address,Text (11)
1397,U97P3S04,DYCOL01,Text (6)
1397,U97P3S04,DYCOL02,Text (10)
1397,U97P3S04,DYCOL03,Text (1)
1397,U97P3S04,DYCOL04,Text (10)
1397,U97P3S05,Address,Text (11)
1397,U97P3S05,DYCOL01,Text (6)
1397,U97P3S05,DYCOL02,Text (1)
1397,U97P3S05,DYCOL03,Text (10)
1397,U97P3S06,Address,Text (11)
1397,U97P3S06,DYCOL01,Text (6)
1397,U97P3S06,DYCOL02,Text (1)
1397,U97P3S06,DYCOL03,Text (10)
1397,U97P3S07,Address,Text (11)
1397,U97P3S07,DYCOL01,Text (6)
1397,U97P3S07,DYCOL02,Text (1)
1397,U97P3S07,DYCOL03,Text (10)
1397,U97P3S08,Address,Text (11)
1397,U97P3S08,DYCOL01,Text (6)
1397,U97P3S08,DYCOL02,Text (1)
1397,U97P3S08,DYCOL03,Text (10)
1397,U97P3S09,Address,Text (11)
1397,U97P3S09,DYCOL01,Text (6)
1397,U97P3S09,DYCOL02,Text (1)
1397,U97P3S09,DYCOL03,Text (10)
1397,U97P3S10,Address,Text (11)
1397,U97P3S10,DYCOL01,Text (6)
1397,U97P3S10,DYCOL02,Text (1)
1397,U97P3S10,DYCOL03,Text (10)
1397,U97P3S11,Address,Text (11)
1397,U97P3S11,DYCOL01,Text (6)
1397,U97P3S11,DYCOL02,Text (1)
1397,U97P3S11,DYCOL03,Text (10)
1397,U97P3S12,Address,Text (11)
1397,U97P3S12,DYCOL01,Text (6)
1397,U97P3S12,DYCOL02,Text (1)
1397,U97P3S12,DYCOL03,Text (10)
1397,U97P3S13,Address,Text (11)
1397,U97P3S13,DYCOL01,Text (6)
1397,U97P3S13,DYCOL02,Text (10)
1397,U97P3S13,DYCOL03,Text (50)
1397,U97P3S13,DYCOL04,Text (1)
1397,U97P3S13,DYCOL05,Text (10)
1397,U97P3S13,DYCOL06,Text (10)
1397,U97P3S14,Address,Text (11)
1397,U97P3S14,DYCOL01,Text (6)
1397,U97P3S14,DYCOL02,Text (1)
1397,U97P3S14,DYCOL03,Text (12)
1397,U97P3S14,DYCOL04,Text (10)
1397,U97P4S01,Address,Text (11)
1397,U97P4S01,DYCOL01,Text (2)
1397,U97P4S01,DYCOL02,Text (1)
1397,U97P4S01,DYCOL03,Text (4)
1397,U97P4S01,DYCOL04,Text (5)
1397,U97P4S01,DYCOL05,Text (1)
1397,U97P4S01,DYCOL06,Text (2)
1397,U97P4S01,DYCOL07,Text (1)
1397,U97P4S01,DYCOL08,Text (10)
1397,U97P4S01,DYCOL09,Text (10)
1397,U97P4S01,DYCOL10,Text (10)
1397,U97P4S01,DYCOL11,Text (10)
1397,U97P4S01,DYCOL12,Text (10)
1397,U97P4S01,DYCOL13,Text (10)
1397,U97P4S01,DYCOL14,Text (14)
1397,U97P4S01,DYCOL15,Text (14)
1397,U97P4S02,Address,Text (11)
1397,U97P4S02,DYCOL01,Text (2)
1397,U97P4S02,DYCOL02,Text (1)
1397,U97P4S02,DYCOL03,Text (4)
1397,U97P4S02,DYCOL04,Text (5)
1397,U97P4S02,DYCOL05,Text (1)
1397,U97P4S02,DYCOL06,Text (1)
1397,U97P4S02,DYCOL07,Text (2)
1397,U97P4S02,DYCOL08,Text (1)
1397,U97P4S02,DYCOL09,Text (14)
1397,U97P4S02,DYCOL10,Text (14)
1397,U97P4S02,DYCOL11,Text (14)
1397,U97P4S02,DYCOL12,Text (14)
1397,U97P4S02,DYCOL13,Text (14)
1397,U97P4S02,DYCOL14,Text (14)
1397,U97P4S02,DYCOL15,Text (14)
1397,U97P4S03,Address,Text (11)
1397,U97P4S03,DYCOL01,Text (2)
1397,U97P4S03,DYCOL03,Text (10)
1397,U97P4S03,DYCOL04,Text (10)
1397,U97P4S03,DYCOL05,Text (10)
1397,U97P4S03,DYCOL06,Text (10)
1397,U97P4S03,DYCOL07,Text (10)
1397,U97P4S03,DYCOL08,Text (10)
1397,U97P4S04,Address,Text (11)
1397,U97P4S04,Dycol01,Text (3)
1397,U97P4S04,Dycol03,Text (2)
1397,U97P4S04,Dycol04,Text (2)
1397,U97P4S04,Dycol05,Text (10)
1398,R98Data,Address,Text (11)
1398,R98Data,MahMorajeh,Text (2)
1398,R98Data,Fasl,Text (1)
1398,R98Data,weight,Double
1398,R98Data,NoeKhn,Text (1)
1398,R98Data,Takmil,Text (1)
1398,R98Data,TakmilDescA,Text (1)
1398,R98Data,TakmilDescB,Text (1)
1398,R98Data,TakmilDescC,Text (100)
1398,R98Data,Jaygozin,Text (1)
1398,R98Data,JaygozinDescA,Text (1)
1398,R98Data,JaygozinDescB,Text (1)
1398,R98Data,JaygozinDescC,Text (100)
1398,R98Data,BlkAbdJaygozin,Text (6)
1398,R98Data,RadifJaygozin,Text (3)
1398,R98P1,Address,Text (11)
1398,R98P1,DYCOL01,Text (2)
1398,R98P1,DYCOL03,Text (1)
1398,R98P1,DYCOL04,Text (1)
1398,R98P1,DYCOL05,Text (2)
1398,R98P1,DYCOL06,Text (1)
1398,R98P1,DYCOL07,Text (1)
1398,R98P1,DYCOL08,Text (3)
1398,R98P1,DYCOL09,Text (1)
1398,R98P1,DYCOL10,Text (1)
1398,R98P2,Address,Text (11)
1398,R98P2,DYCOL01,Text (1)
1398,R98P2,DYCOL03,Text (2)
1398,R98P2,DYCOL04,Text (3)
1398,R98P2,DYCOL05,Text (1)
1398,R98P2,DYCOL06,Text (2)
1398,R98P2,DYCOL07,Text (1)
1398,R98P2,DYCOL08,Text (1)
1398,R98P2,DYCOL09,Text (1)
1398,R98P2,DYCOL10,Text (1)
1398,R98P2,DYCOL11,Text (1)
1398,R98P2,DYCOL12,Text (1)
1398,R98P2,DYCOL13,Text (1)
1398,R98P2,DYCOL14,Text (1)
1398,R98P2,DYCOL15,Text (1)
1398,R98P2,DYCOL16,Text (1)
1398,R98P2,DYCOL17,Text (1)
1398,R98P2,DYCOL18,Text (1)
1398,R98P2,DYCOL19,Text (1)
1398,R98P2,DYCOL20,Text (1)
1398,R98P2,DYCOL21,Text (1)
1398,R98P2,DYCOL22,Text (1)
1398,R98P2,DYCOL23,Text (1)
1398,R98P2,DYCOL24,Text (1)
1398,R98P2,DYCOL25,Text (1)
1398,R98P2,DYCOL26,Text (1)
1398,R98P2,DYCOL27,Text (1)
1398,R98P2,DYCOL28,Text (1)
1398,R98P2,DYCOL29,Text (1)
1398,R98P2,DYCOL30,Text (1)
1398,R98P2,DYCOL31,Text (1)
1398,R98P2,DYCOL32,Text (1)
1398,R98P2,DYCOL33,Text (1)
1398,R98P2,DYCOL34,Text (1)
1398,R98P2,DYCOL35,Text (1)
1398,R98P2,DYCOL36,Text (1)
1398,R98P2,DYCOL37,Text (1)
1398,R98P2,DYCOL38,Text (1)
1398,R98P2,DYCOL39,Text (1)
1398,R98P2,DYCOL40,Text (1)
1398,R98P2,DYCOL41,Text (1)
1398,R98P2,DYCOL42,Text (1)
1398,R98P2,DYCOL43,Text (2)
1398,R98P2,DYCOL44,Text (2)
1398,R98P2,DYCOL45,Text (2)
1398,R98P3S01,Address,Text (11)
1398,R98P3S01,DYCOL01,Text (6)
1398,R98P3S01,DYCOL02,Text (1)
1398,R98P3S01,DYCOL03,Text (3)
1398,R98P3S01,DYCOL04,Text (5)
1398,R98P3S01,DYCOL05,Text (10)
1398,R98P3S01,DYCOL06,Text (10)
1398,R98P3S02,Address,Text (11)
1398,R98P3S02,DYCOL01,Text (6)
1398,R98P3S02,DYCOL02,Text (1)
1398,R98P3S02,DYCOL03,Text (3)
1398,R98P3S02,DYCOL04,Text (5)
1398,R98P3S02,DYCOL05,Text (10)
1398,R98P3S02,DYCOL06,Text (10)
1398,R98P3S03,Address,Text (11)
1398,R98P3S03,DYCOL01,Text (6)
1398,R98P3S03,DYCOL02,Text (1)
1398,R98P3S03,DYCOL03,Text (10)
1398,R98P3S04,Address,Text (11)
1398,R98P3S04,DYCOL01,Text (6)
1398,R98P3S04,DYCOL02,Text (10)
1398,R98P3S04,DYCOL03,Text (1)
1398,R98P3S04,DYCOL04,Text (10)
1398,R98P3S05,Address,Text (11)
1398,R98P3S05,DYCOL01,Text (6)
1398,R98P3S05,DYCOL02,Text (1)
1398,R98P3S05,DYCOL03,Text (10)
1398,R98P3S06,Address,Text (11)
1398,R98P3S06,DYCOL01,Text (6)
1398,R98P3S06,DYCOL02,Text (1)
1398,R98P3S06,DYCOL03,Text (10)
1398,R98P3S07,Address,Text (11)
1398,R98P3S07,DYCOL01,Text (6)
1398,R98P3S07,DYCOL02,Text (1)
1398,R98P3S07,DYCOL03,Text (10)
1398,R98P3S08,Address,Text (11)
1398,R98P3S08,DYCOL01,Text (6)
1398,R98P3S08,DYCOL02,Text (1)
1398,R98P3S08,DYCOL03,Text (10)
1398,R98P3S09,Address,Text (11)
1398,R98P3S09,DYCOL01,Text (6)
1398,R98P3S09,DYCOL02,Text (1)
1398,R98P3S09,DYCOL03,Text (10)
1398,R98P3S10,Address,Text (11)
1398,R98P3S10,DYCOL01,Text (6)
1398,R98P3S10,DYCOL02,Text (1)
1398,R98P3S10,DYCOL03,Text (10)
1398,R98P3S11,Address,Text (11)
1398,R98P3S11,DYCOL01,Text (6)
1398,R98P3S11,DYCOL02,Text (1)
1398,R98P3S11,DYCOL03,Text (10)
1398,R98P3S12,Address,Text (11)
1398,R98P3S12,DYCOL01,Text (6)
1398,R98P3S12,DYCOL02,Text (1)
1398,R98P3S12,DYCOL03,Text (10)
1398,R98P3S13,Address,Text (11)
1398,R98P3S13,DYCOL01,Text (6)
1398,R98P3S13,DYCOL02,Text (10)
1398,R98P3S13,DYCOL03,Text (50)
1398,R98P3S13,DYCOL04,Text (1)
1398,R98P3S13,DYCOL05,Text (10)
1398,R98P3S13,DYCOL06,Text (10)
1398,R98P3S14,Address,Text (11)
1398,R98P3S14,DYCOL01,Text (6)
1398,R98P3S14,DYCOL02,Text (1)
1398,R98P3S14,DYCOL03,Text (12)
1398,R98P3S14,DYCOL04,Text (10)
1398,R98P4S01,Address,Text (11)
1398,R98P4S01,DYCOL01,Text (2)
1398,R98P4S01,DYCOL02,Text (1)
1398,R98P4S01,DYCOL03,Text (4)
1398,R98P4S01,DYCOL04,Text (5)
1398,R98P4S01,DYCOL05,Text (1)
1398,R98P4S01,DYCOL06,Text (2)
1398,R98P4S01,DYCOL07,Text (1)
1398,R98P4S01,DYCOL08,Text (10)
1398,R98P4S01,DYCOL09,Text (10)
1398,R98P4S01,DYCOL10,Text (10)
1398,R98P4S01,DYCOL11,Text (10)
1398,R98P4S01,DYCOL12,Text (10)
1398,R98P4S01,DYCOL13,Text (10)
1398,R98P4S01,DYCOL14,Text (14)
1398,R98P4S01,DYCOL15,Text (14)
1398,R98P4S02,Address,Text (11)
1398,R98P4S02,DYCOL01,Text (2)
1398,R98P4S02,DYCOL02,Text (1)
1398,R98P4S02,DYCOL03,Text (4)
1398,R98P4S02,DYCOL04,Text (5)
1398,R98P4S02,DYCOL05,Text (1)
1398,R98P4S02,DYCOL06,Text (1)
1398,R98P4S02,DYCOL07,Text (2)
1398,R98P4S02,DYCOL08,Text (1)
1398,R98P4S02,DYCOL09,Text (14)
1398,R98P4S02,DYCOL10,Text (14)
1398,R98P4S02,DYCOL11,Text (14)
1398,R98P4S02,DYCOL12,Text (14)
1398,R98P4S02,DYCOL13,Text (14)
1398,R98P4S02,DYCOL14,Text (14)
1398,R98P4S02,DYCOL15,Text (14)
1398,R98P4S03,Address,Text (11)
1398,R98P4S03,DYCOL01,Text (2)
1398,R98P4S03,DYCOL03,Text (10)
1398,R98P4S03,DYCOL04,Text (10)
1398,R98P4S03,DYCOL05,Text (10)
1398,R98P4S03,DYCOL06,Text (10)
1398,R98P4S03,DYCOL07,Text (10)
1398,R98P4S03,DYCOL08,Text (10)
1398,R98P4S04,Address,Text (11)
1398,R98P4S04,Dycol01,Text (3)
1398,R98P4S04,Dycol03,Text (2)
1398,R98P4S04,Dycol04,Text (2)
1398,R98P4S04,Dycol05,Text (10)
1398,U98Data,Address,Text (11)
1398,U98Data,MahMorajeh,Text (2)
1398,U98Data,Fasl,Text (1)
1398,U98Data,weight,Double
1398,U98Data,NoeKhn,Text (1)
1398,U98Data,Takmil,Text (1)
1398,U98Data,TakmilDescA,Text (1)
1398,U98Data,TakmilDescB,Text (1)
1398,U98Data,TakmilDescC,Text (100)
1398,U98Data,Jaygozin,Text (1)
1398,U98Data,JaygozinDescA,Text (1)
1398,U98Data,JaygozinDescB,Text (1)
1398,U98Data,JaygozinDescC,Text (100)
1398,U98Data,BlkAbdJaygozin,Text (6)
1398,U98Data,RadifJaygozin,Text (3)
1398,U98P1,Address,Text (11)
1398,U98P1,DYCOL01,Text (2)
1398,U98P1,DYCOL03,Text (1)
1398,U98P1,DYCOL04,Text (1)
1398,U98P1,DYCOL05,Text (2)
1398,U98P1,DYCOL06,Text (1)
1398,U98P1,DYCOL07,Text (1)
1398,U98P1,DYCOL08,Text (3)
1398,U98P1,DYCOL09,Text (1)
1398,U98P1,DYCOL10,Text (1)
1398,U98P2,Address,Text (11)
1398,U98P2,DYCOL01,Text (1)
1398,U98P2,DYCOL03,Text (2)
1398,U98P2,DYCOL04,Text (3)
1398,U98P2,DYCOL05,Text (1)
1398,U98P2,DYCOL06,Text (2)
1398,U98P2,DYCOL07,Text (1)
1398,U98P2,DYCOL08,Text (1)
1398,U98P2,DYCOL09,Text (1)
1398,U98P2,DYCOL10,Text (1)
1398,U98P2,DYCOL11,Text (1)
1398,U98P2,DYCOL12,Text (1)
1398,U98P2,DYCOL13,Text (1)
1398,U98P2,DYCOL14,Text (1)
1398,U98P2,DYCOL15,Text (1)
1398,U98P2,DYCOL16,Text (1)
1398,U98P2,DYCOL17,Text (1)
1398,U98P2,DYCOL18,Text (1)
1398,U98P2,DYCOL19,Text (1)
1398,U98P2,DYCOL20,Text (1)
1398,U98P2,DYCOL21,Text (1)
1398,U98P2,DYCOL22,Text (1)
1398,U98P2,DYCOL23,Text (1)
1398,U98P2,DYCOL24,Text (1)
1398,U98P2,DYCOL25,Text (1)
1398,U98P2,DYCOL26,Text (1)
1398,U98P2,DYCOL27,Text (1)
1398,U98P2,DYCOL28,Text (1)
1398,U98P2,DYCOL29,Text (1)
1398,U98P2,DYCOL30,Text (1)
1398,U98P2,DYCOL31,Text (1)
1398,U98P2,DYCOL32,Text (1)
1398,U98P2,DYCOL33,Text (1)
1398,U98P2,DYCOL34,Text (1)
1398,U98P2,DYCOL35,Text (1)
1398,U98P2,DYCOL36,Text (1)
1398,U98P2,DYCOL37,Text (1)
1398,U98P2,DYCOL38,Text (1)
1398,U98P2,DYCOL39,Text (1)
1398,U98P2,DYCOL40,Text (1)
1398,U98P2,DYCOL41,Text (1)
1398,U98P2,DYCOL42,Text (1)
1398,U98P2,DYCOL43,Text (2)
1398,U98P2,DYCOL44,Text (2)
1398,U98P2,DYCOL45,Text (2)
1398,U98P3S01,Address,Text (11)
1398,U98P3S01,DYCOL01,Text (6)
1398,U98P3S01,DYCOL02,Text (1)
1398,U98P3S01,DYCOL03,Text (3)
1398,U98P3S01,DYCOL04,Text (5)
1398,U98P3S01,DYCOL05,Text (10)
1398,U98P3S01,DYCOL06,Text (10)
1398,U98P3S02,Address,Text (11)
1398,U98P3S02,DYCOL01,Text (6)
1398,U98P3S02,DYCOL02,Text (1)
1398,U98P3S02,DYCOL03,Text (3)
1398,U98P3S02,DYCOL04,Text (5)
1398,U98P3S02,DYCOL05,Text (10)
1398,U98P3S02,DYCOL06,Text (10)
1398,U98P3S03,Address,Text (11)
1398,U98P3S03,DYCOL01,Text (6)
1398,U98P3S03,DYCOL02,Text (1)
1398,U98P3S03,DYCOL03,Text (10)
1398,U98P3S04,Address,Text (11)
1398,U98P3S04,DYCOL01,Text (6)
1398,U98P3S04,DYCOL02,Text (10)
1398,U98P3S04,DYCOL03,Text (1)
1398,U98P3S04,DYCOL04,Text (10)
1398,U98P3S05,Address,Text (11)
1398,U98P3S05,DYCOL01,Text (6)
1398,U98P3S05,DYCOL02,Text (1)
1398,U98P3S05,DYCOL03,Text (10)
1398,U98P3S06,Address,Text (11)
1398,U98P3S06,DYCOL01,Text (6)
1398,U98P3S06,DYCOL02,Text (1)
1398,U98P3S06,DYCOL03,Text (10)
1398,U98P3S07,Address,Text (11)
1398,U98P3S07,DYCOL01,Text (6)
1398,U98P3S07,DYCOL02,Text (1)
1398,U98P3S07,DYCOL03,Text (10)
1398,U98P3S08,Address,Text (11)
1398,U98P3S08,DYCOL01,Text (6)
1398,U98P3S08,DYCOL02,Text (1)
1398,U98P3S08,DYCOL03,Text (10)
1398,U98P3S09,Address,Text (11)
1398,U98P3S09,DYCOL01,Text (6)
1398,U98P3S09,DYCOL02,Text (1)
1398,U98P3S09,DYCOL03,Text (10)
1398,U98P3S10,Address,Text (11)
1398,U98P3S10,DYCOL01,Text (6)
1398,U98P3S10,DYCOL02,Text (1)
1398,U98P3S10,DYCOL03,Text (10)
1398,U98P3S11,Address,Text (11)
1398,U98P3S11,DYCOL01,Text (6)
1398,U98P3S11,DYCOL02,Text (1)
1398,U98P3S11,DYCOL03,Text (10)
1398,U98P3S12,Address,Text (11)
1398,U98P3S12,DYCOL01,Text (6)
1398,U98P3S12,DYCOL02,Text (1)
1398,U98P3S12,DYCOL03,Text (10)
1398,U98P3S13,Address,Text (11)
1398,U98P3S13,DYCOL01,Text (6)
1398,U98P3S13,DYCOL02,Text (10)
1398,U98P3S13,DYCOL03,Text (50)
1398,U98P3S13,DYCOL04,Text (1)
1398,U98P3S13,DYCOL05,Text (10)
1398,U98P3S13,DYCOL06,Text (10)
1398,U98P3S14,Address,Text (11)
1398,U98P3S14,DYCOL01,Text (6)
1398,U98P3S14,DYCOL02,Text (1)
1398,U98P3S14,DYCOL03,Text (12)
1398,U98P3S14,DYCOL04,Text (10)
1398,U98P4S01,Address,Text (11)
1398,U98P4S01,DYCOL01,Text (2)
1398,U98P4S01,DYCOL02,Text (1)
1398,U98P4S01,DYCOL03,Text (4)
1398,U98P4S01,DYCOL04,Text (5)
1398,U98P4S01,DYCOL05,Text (1)
1398,U98P4S01,DYCOL06,Text (2)
1398,U98P4S01,DYCOL07,Text (1)
1398,U98P4S01,DYCOL08,Text (10)
1398,U98P4S01,DYCOL09,Text (10)
1398,U98P4S01,DYCOL10,Text (10)
1398,U98P4S01,DYCOL11,Text (10)
1398,U98P4S01,DYCOL12,Text (10)
1398,U98P4S01,DYCOL13,Text (10)
1398,U98P4S01,DYCOL14,Text (14)
1398,U98P4S01,DYCOL15,Text (14)
1398,U98P4S02,Address,Text (11)
1398,U98P4S02,DYCOL01,Text (2)
1398,U98P4S02,DYCOL02,Text (1)
1398,U98P4S02,DYCOL03,Text (4)
1398,U98P4S02,DYCOL04,Text (5)
1398,U98P4S02,DYCOL05,Text (1)
1398,U98P4S02,DYCOL06,Text (1)
1398,U98P4S02,DYCOL07,Text (2)
1398,U98P4S02,DYCOL08,Text (1)
1398,U98P4S02,DYCOL09,Text (14)
1398,U98P4S02,DYCOL10,Text (14)
1398,U98P4S02,DYCOL11,Text (14)
1398,U98P4S02,DYCOL12,Text (14)
1398,U98P4S02,DYCOL13,Text (14)
1398,U98P4S02,DYCOL14,Text (14)
1398,U98P4S02,DYCOL15,Text (14)
1398,U98P4S03,Address,Text (11)
1398,U98P4S03,DYCOL01,Text (2)
1398,U98P4S03,DYCOL03,Text (10)
1398,U98P4S03,DYCOL04,Text (10)
1398,U98P4S03,DYCOL05,Text (10)
1398,U98P4S03,DYCOL06,Text (10)
1398,U98P4S03,DYCOL07,Text (10)
1398,U98P4S03,DYCOL08,Text (10)
1398,U98P4S04,Address,Text (11)
1398,U98P4S04,Dycol01,Text (3)
1398,U98P4S04,Dycol03,Text (2)
1398,U98P4S04,Dycol04,Text (2)
1398,U98P4S04,Dycol05,Text (10)
1399,R99Data,Address,Text (11)
1399,R99Data,MahMorajeh,Text (2)
1399,R99Data,Fasl,Text (1)
1399,R99Data,weight,Double
1399,R99Data,NoeKhn,Text (1)
1399,R99Data,Takmil,Text (1)
1399,R99Data,TakmilDescA,Text (1)
1399,R99Data,TakmilDescB,Text (1)
1399,R99Data,TakmilDescC,Text (100)
1399,R99Data,Jaygozin,Text (1)
1399,R99Data,JaygozinDescA,Text (1)
1399,R99Data,JaygozinDescB,Text (1)
1399,R99Data,JaygozinDescC,Text (100)
1399,R99Data,BlkAbdJaygozin,Text (6)
1399,R99Data,RadifJaygozin,Text (3)
1399,R99Data,IsTel,Text (1)
1399,R99Data,FVam,Text (1)
1399,R99P1,Address,Text (11)
1399,R99P1,DYCOL01,Text (2)
1399,R99P1,DYCOL03,Text (1)
1399,R99P1,DYCOL04,Text (1)
1399,R99P1,DYCOL05,Text (2)
1399,R99P1,DYCOL06,Text (1)
1399,R99P1,DYCOL07,Text (1)
1399,R99P1,DYCOL08,Text (3)
1399,R99P1,DYCOL09,Text (1)
1399,R99P1,DYCOL10,Text (1)
1399,R99P2,Address,Text (11)
1399,R99P2,DYCOL01,Text (1)
1399,R99P2,DYCOL03,Text (2)
1399,R99P2,DYCOL04,Text (3)
1399,R99P2,DYCOL05,Text (1)
1399,R99P2,DYCOL06,Text (2)
1399,R99P2,DYCOL07,Text (1)
1399,R99P2,DYCOL08,Text (1)
1399,R99P2,DYCOL09,Text (1)
1399,R99P2,DYCOL10,Text (1)
1399,R99P2,DYCOL11,Text (1)
1399,R99P2,DYCOL12,Text (1)
1399,R99P2,DYCOL13,Text (1)
1399,R99P2,DYCOL14,Text (1)
1399,R99P2,DYCOL15,Text (1)
1399,R99P2,DYCOL16,Text (1)
1399,R99P2,DYCOL17,Text (1)
1399,R99P2,DYCOL18,Text (1)
1399,R99P2,DYCOL19,Text (1)
1399,R99P2,DYCOL20,Text (1)
1399,R99P2,DYCOL21,Text (1)
1399,R99P2,DYCOL22,Text (1)
1399,R99P2,DYCOL23,Text (1)
1399,R99P2,DYCOL24,Text (1)
1399,R99P2,DYCOL25,Text (1)
1399,R99P2,DYCOL26,Text (1)
1399,R99P2,DYCOL27,Text (1)
1399,R99P2,DYCOL28,Text (1)
1399,R99P2,DYCOL29,Text (1)
1399,R99P2,DYCOL30,Text (1)
1399,R99P2,DYCOL31,Text (1)
1399,R99P2,DYCOL32,Text (1)
1399,R99P2,DYCOL33,Text (1)
1399,R99P2,DYCOL34,Text (1)
1399,R99P2,DYCOL35,Text (1)
1399,R99P2,DYCOL36,Text (1)
1399,R99P2,DYCOL37,Text (1)
1399,R99P2,DYCOL38,Text (1)
1399,R99P2,DYCOL39,Text (1)
1399,R99P2,DYCOL40,Text (1)
1399,R99P2,DYCOL41,Text (1)
1399,R99P2,DYCOL42,Text (1)
1399,R99P2,DYCOL43,Text (2)
1399,R99P2,DYCOL44,Text (2)
1399,R99P2,DYCOL45,Text (2)
1399,R99P3S01,Address,Text (11)
1399,R99P3S01,DYCOL01,Text (6)
1399,R99P3S01,DYCOL02,Text (1)
1399,R99P3S01,DYCOL03,Text (3)
1399,R99P3S01,DYCOL04,Text (5)
1399,R99P3S01,DYCOL05,Text (10)
1399,R99P3S01,DYCOL06,Text (10)
1399,R99P3S02,Address,Text (11)
1399,R99P3S02,DYCOL01,Text (6)
1399,R99P3S02,DYCOL02,Text (1)
1399,R99P3S02,DYCOL03,Text (3)
1399,R99P3S02,DYCOL04,Text (5)
1399,R99P3S02,DYCOL05,Text (10)
1399,R99P3S02,DYCOL06,Text (10)
1399,R99P3S03,Address,Text (11)
1399,R99P3S03,DYCOL01,Text (6)
1399,R99P3S03,DYCOL02,Text (1)
1399,R99P3S03,DYCOL03,Text (10)
1399,R99P3S04,Address,Text (11)
1399,R99P3S04,DYCOL01,Text (6)
1399,R99P3S04,DYCOL02,Text (10)
1399,R99P3S04,DYCOL03,Text (1)
1399,R99P3S04,DYCOL04,Text (10)
1399,R99P3S05,Address,Text (11)
1399,R99P3S05,DYCOL01,Text (6)
1399,R99P3S05,DYCOL02,Text (1)
1399,R99P3S05,DYCOL03,Text (10)
1399,R99P3S06,Address,Text (11)
1399,R99P3S06,DYCOL01,Text (6)
1399,R99P3S06,DYCOL02,Text (1)
1399,R99P3S06,DYCOL03,Text (10)
1399,R99P3S07,Address,Text (11)
1399,R99P3S07,DYCOL01,Text (6)
1399,R99P3S07,DYCOL02,Text (1)
1399,R99P3S07,DYCOL03,Text (10)
1399,R99P3S08,Address,Text (11)
1399,R99P3S08,DYCOL01,Text (6)
1399,R99P3S08,DYCOL02,Text (1)
1399,R99P3S08,DYCOL03,Text (10)
1399,R99P3S09,Address,Text (11)
1399,R99P3S09,DYCOL01,Text (6)
1399,R99P3S09,DYCOL02,Text (1)
1399,R99P3S09,DYCOL03,Text (10)
1399,R99P3S10,Address,Text (11)
1399,R99P3S10,DYCOL01,Text (6)
1399,R99P3S10,DYCOL02,Text (1)
1399,R99P3S10,DYCOL03,Text (10)
1399,R99P3S11,Address,Text (11)
1399,R99P3S11,DYCOL01,Text (6)
1399,R99P3S11,DYCOL02,Text (1)
1399,R99P3S11,DYCOL03,Text (10)
1399,R99P3S12,Address,Text (11)
1399,R99P3S12,DYCOL01,Text (6)
1399,R99P3S12,DYCOL02,Text (1)
1399,R99P3S12,DYCOL03,Text (10)
1399,R99P3S13,Address,Text (11)
1399,R99P3S13,DYCOL01,Text (6)
1399,R99P3S13,DYCOL02,Text (10)
1399,R99P3S13,DYCOL03,Text (50)
1399,R99P3S13,DYCOL04,Text (1)
1399,R99P3S13,DYCOL05,Text (10)
1399,R99P3S13,DYCOL06,Text (10)
1399,R99P3S14,Address,Text (11)
1399,R99P3S14,DYCOL01,Text (6)
1399,R99P3S14,DYCOL02,Text (1)
1399,R99P3S14,DYCOL03,Text (12)
1399,R99P3S14,DYCOL04,Text (11)
1399,R99P4S01,Address,Text (11)
1399,R99P4S01,DYCOL01,Text (2)
1399,R99P4S01,DYCOL02,Text (1)
1399,R99P4S01,DYCOL03,Text (4)
1399,R99P4S01,DYCOL04,Text (5)
1399,R99P4S01,DYCOL05,Text (1)
1399,R99P4S01,DYCOL06,Text (2)
1399,R99P4S01,DYCOL07,Text (1)
1399,R99P4S01,DYCOL08,Text (10)
1399,R99P4S01,DYCOL09,Text (11)
1399,R99P4S01,DYCOL10,Text (10)
1399,R99P4S01,DYCOL11,Text (10)
1399,R99P4S01,DYCOL12,Text (10)
1399,R99P4S01,DYCOL13,Text (10)
1399,R99P4S01,DYCOL14,Text (14)
1399,R99P4S01,DYCOL15,Text (14)
1399,R99P4S02,Address,Text (11)
1399,R99P4S02,DYCOL01,Text (2)
1399,R99P4S02,DYCOL02,Text (1)
1399,R99P4S02,DYCOL03,Text (4)
1399,R99P4S02,DYCOL04,Text (5)
1399,R99P4S02,DYCOL05,Text (1)
1399,R99P4S02,DYCOL06,Text (1)
1399,R99P4S02,DYCOL07,Text (2)
1399,R99P4S02,DYCOL08,Text (1)
1399,R99P4S02,DYCOL09,Text (14)
1399,R99P4S02,DYCOL10,Text (14)
1399,R99P4S02,DYCOL11,Text (14)
1399,R99P4S02,DYCOL12,Text (14)
1399,R99P4S02,DYCOL13,Text (14)
1399,R99P4S02,DYCOL14,Text (14)
1399,R99P4S02,DYCOL15,Text (14)
1399,R99P4S03,Address,Text (11)
1399,R99P4S03,DYCOL01,Text (2)
1399,R99P4S03,DYCOL03,Text (10)
1399,R99P4S03,DYCOL04,Text (10)
1399,R99P4S03,DYCOL05,Text (10)
1399,R99P4S03,DYCOL06,Text (10)
1399,R99P4S03,DYCOL07,Text (10)
1399,R99P4S03,DYCOL08,Text (10)
1399,R99P4S04,Address,Text (11)
1399,R99P4S04,Dycol01,Text (3)
1399,R99P4S04,Dycol03,Text (2)
1399,R99P4S04,Dycol04,Text (2)
1399,R99P4S04,Dycol05,Text (10)
1399,U99Data,Address,Text (11)
1399,U99Data,MahMorajeh,Text (2)
1399,U99Data,Fasl,Text (1)
1399,U99Data,weight,Double
1399,U99Data,NoeKhn,Text (1)
1399,U99Data,Takmil,Text (1)
1399,U99Data,TakmilDescA,Text (1)
1399,U99Data,TakmilDescB,Text (1)
1399,U99Data,TakmilDescC,Text (100)
1399,U99Data,Jaygozin,Text (1)
1399,U99Data,JaygozinDescA,Text (1)
1399,U99Data,JaygozinDescB,Text (1)
1399,U99Data,JaygozinDescC,Text (100)
1399,U99Data,BlkAbdJaygozin,Text (6)
1399,U99Data,RadifJaygozin,Text (3)
1399,U99Data,IsTel,Text (1)
1399,U99Data,FVam,Text (1)
1399,U99P1,Address,Text (11)
1399,U99P1,DYCOL01,Text (2)
1399,U99P1,DYCOL03,Text (1)
1399,U99P1,DYCOL04,Text (1)
1399,U99P1,DYCOL05,Text (2)
1399,U99P1,DYCOL06,Text (1)
1399,U99P1,DYCOL07,Text (1)
1399,U99P1,DYCOL08,Text (3)
1399,U99P1,DYCOL09,Text (1)
1399,U99P1,DYCOL10,Text (1)
1399,U99P2,Address,Text (11)
1399,U99P2,DYCOL01,Text (1)
1399,U99P2,DYCOL03,Text (2)
1399,U99P2,DYCOL04,Text (3)
1399,U99P2,DYCOL05,Text (1)
1399,U99P2,DYCOL06,Text (2)
1399,U99P2,DYCOL07,Text (1)
1399,U99P2,DYCOL08,Text (1)
1399,U99P2,DYCOL09,Text (1)
1399,U99P2,DYCOL10,Text (1)
1399,U99P2,DYCOL11,Text (1)
1399,U99P2,DYCOL12,Text (1)
1399,U99P2,DYCOL13,Text (1)
1399,U99P2,DYCOL14,Text (1)
1399,U99P2,DYCOL15,Text (1)
1399,U99P2,DYCOL16,Text (1)
1399,U99P2,DYCOL17,Text (1)
1399,U99P2,DYCOL18,Text (1)
1399,U99P2,DYCOL19,Text (1)
1399,U99P2,DYCOL20,Text (1)
1399,U99P2,DYCOL21,Text (1)
1399,U99P2,DYCOL22,Text (1)
1399,U99P2,DYCOL23,Text (1)
1399,U99P2,DYCOL24,Text (1)
1399,U99P2,DYCOL25,Text (1)
1399,U99P2,DYCOL26,Text (1)
1399,U99P2,DYCOL27,Text (1)
1399,U99P2,DYCOL28,Text (1)
1399,U99P2,DYCOL29,Text (1)
1399,U99P2,DYCOL30,Text (1)
1399,U99P2,DYCOL31,Text (1)
1399,U99P2,DYCOL32,Text (1)
1399,U99P2,DYCOL33,Text (1)
1399,U99P2,DYCOL34,Text (1)
1399,U99P2,DYCOL35,Text (1)
1399,U99P2,DYCOL36,Text (1)
1399,U99P2,DYCOL37,Text (1)
1399,U99P2,DYCOL38,Text (1)
1399,U99P2,DYCOL39,Text (1)
1399,U99P2,DYCOL40,Text (1)
1399,U99P2,DYCOL41,Text (1)
1399,U99P2,DYCOL42,Text (1)
1399,U99P2,DYCOL43,Text (2)
1399,U99P2,DYCOL44,Text (2)
1399,U99P2,DYCOL45,Text (2)
1399,U99P3S01,Address,Text (11)
1399,U99P3S01,DYCOL01,Text (6)
1399,U99P3S01,DYCOL02,Text (1)
1399,U99P3S01,DYCOL03,Text (3)
1399,U99P3S01,DYCOL04,Text (5)
1399,U99P3S01,DYCOL05,Text (10)
1399,U99P3S01,DYCOL06,Text (10)
1399,U99P3S02,Address,Text (11)
1399,U99P3S02,DYCOL01,Text (6)
1399,U99P3S02,DYCOL02,Text (1)
1399,U99P3S02,DYCOL03,Text (3)
1399,U99P3S02,DYCOL04,Text (5)
1399,U99P3S02,DYCOL05,Text (10)
1399,U99P3S02,DYCOL06,Text (10)
1399,U99P3S03,Address,Text (11)
1399,U99P3S03,DYCOL01,Text (6)
1399,U99P3S03,DYCOL02,Text (1)
1399,U99P3S03,DYCOL03,Text (10)
1399,U99P3S04,Address,Text (11)
1399,U99P3S04,DYCOL01,Text (6)
1399,U99P3S04,DYCOL02,Text (10)
1399,U99P3S04,DYCOL03,Text (1)
1399,U99P3S04,DYCOL04,Text (10)
1399,U99P3S05,Address,Text (11)
1399,U99P3S05,DYCOL01,Text (6)
1399,U99P3S05,DYCOL02,Text (1)
1399,U99P3S05,DYCOL03,Text (10)
1399,U99P3S06,Address,Text (11)
1399,U99P3S06,DYCOL01,Text (6)
1399,U99P3S06,DYCOL02,Text (1)
1399,U99P3S06,DYCOL03,Text (10)
1399,U99P3S07,Address,Text (11)
1399,U99P3S07,DYCOL01,Text (6)
1399,U99P3S07,DYCOL02,Text (1)
1399,U99P3S07,DYCOL03,Text (10)
1399,U99P3S08,Address,Text (11)
1399,U99P3S08,DYCOL01,Text (6)
1399,U99P3S08,DYCOL02,Text (1)
1399,U99P3S08,DYCOL03,Text (10)
1399,U99P3S09,Address,Text (11)
1399,U99P3S09,DYCOL01,Text (6)
1399,U99P3S09,DYCOL02,Text (1)
1399,U99P3S09,DYCOL03,Text (10)
1399,U99P3S10,Address,Text (11)
1399,U99P3S10,DYCOL01,Text (6)
1399,U99P3S10,DYCOL02,Text (1)
1399,U99P3S10,DYCOL03,Text (10)
1399,U99P3S11,Address,Text (11)
1399,U99P3S11,DYCOL01,Text (6)
1399,U99P3S11,DYCOL02,Text (1)
1399,U99P3S11,DYCOL03,Text (10)
1399,U99P3S12,Address,Text (11)
1399,U99P3S12,DYCOL01,Text (6)
1399,U99P3S12,DYCOL02,Text (1)
1399,U99P3S12,DYCOL03,Text (10)
1399,U99P3S13,Address,Text (11)
1399,U99P3S13,DYCOL01,Text (6)
1399,U99P3S13,DYCOL02,Text (10)
1399,U99P3S13,DYCOL03,Text (50)
1399,U99P3S13,DYCOL04,Text (1)
1399,U99P3S13,DYCOL05,Text (10)
1399,U99P3S13,DYCOL06,Text (10)
1399,U99P3S14,Address,Text (11)
1399,U99P3S14,DYCOL01,Text (6)
1399,U99P3S14,DYCOL02,Text (1)
1399,U99P3S14,DYCOL03,Text (12)
1399,U99P3S14,DYCOL04,Text (11)
1399,U99P4S01,Address,Text (11)
1399,U99P4S01,DYCOL01,Text (2)
1399,U99P4S01,DYCOL02,Text (1)
1399,U99P4S01,DYCOL03,Text (4)
1399,U99P4S01,DYCOL04,Text (5)
1399,U99P4S01,DYCOL05,Text (1)
1399,U99P4S01,DYCOL06,Text (2)
1399,U99P4S01,DYCOL07,Text (1)
1399,U99P4S01,DYCOL08,Text (10)
1399,U99P4S01,DYCOL09,Text (11)
1399,U99P4S01,DYCOL10,Text (10)
1399,U99P4S01,DYCOL11,Text (10)
1399,U99P4S01,DYCOL12,Text (10)
1399,U99P4S01,DYCOL13,Text (10)
1399,U99P4S01,DYCOL14,Text (14)
1399,U99P4S01,DYCOL15,Text (14)
1399,U99P4S02,Address,Text (11)
1399,U99P4S02,DYCOL01,Text (2)
1399,U99P4S02,DYCOL02,Text (1)
1399,U99P4S02,DYCOL03,Text (4)
1399,U99P4S02,DYCOL04,Text (5)
1399,U99P4S02,DYCOL05,Text (1)
1399,U99P4S02,DYCOL06,Text (1)
1399,U99P4S02,DYCOL07,Text (2)
1399,U99P4S02,DYCOL08,Text (1)
1399,U99P4S02,DYCOL09,Text (14)
1399,U99P4S02,DYCOL10,Text (14)
1399,U99P4S02,DYCOL11,Text (14)
1399,U99P4S02,DYCOL12,Text (14)
1399,U99P4S02,DYCOL13,Text (14)
1399,U99P4S02,DYCOL14,Text (14)
1399,U99P4S02,DYCOL15,Text (14)
1399,U99P4S03,Address,Text (11)
1399,U99P4S03,DYCOL01,Text (2)
1399,U99P4S03,DYCOL03,Text (10)
1399,U99P4S03,DYCOL04,Text (10)
1399,U99P4S03,DYCOL05,Text (10)
1399,U99P4S03,DYCOL06,Text (10)
1399,U99P4S03,DYCOL07,Text (10)
1399,U99P4S03,DYCOL08,Text (10)
1399,U99P4S04,Address,Text (11)
1399,U99P4S04,Dycol01,Text (3)
1399,U99P4S04,Dycol03,Text (2)
1399,U99P4S04,Dycol04,Text (2)
1399,U99P4S04,Dycol05,Text (10)
1400,R1400Data,Address,Text (11)
1400,R1400Data,Fasl,Text (1)
1400,R1400Data,weight,Long Integer
1400,R1400Data,NoeKhn,Text (1)
1400,R1400Data,Takmil,Text (1)
1400,R1400Data,TakmilDescA,Text (1)
1400,R1400Data,TakmilDescB,Text (1)
1400,R1400Data,TakmilDescC,Text (100)
1400,R1400Data,Jaygozin,Text (1)
1400,R1400Data,JaygozinDescA,Text (1)
1400,R1400Data,JaygozinDescB,Text (1)
1400,R1400Data,JaygozinDescC,Text (100)
1400,R1400Data,BlkAbdJaygozin,Text (6)
1400,R1400Data,RadifJaygozin,Text (3)
1400,R1400Data,IsTel,Text (1)
1400,R1400Data,FVam,Text (1)
1400,R1400P1,Address,Text (11)
1400,R1400P1,DYCOL01,Text (2)
1400,R1400P1,DYCOL03,Text (1)
1400,R1400P1,DYCOL04,Text (1)
1400,R1400P1,DYCOL05,Text (2)
1400,R1400P1,DYCOL06,Text (1)
1400,R1400P1,DYCOL07,Text (1)
1400,R1400P1,DYCOL08,Text (3)
1400,R1400P1,DYCOL09,Text (1)
1400,R1400P1,DYCOL10,Text (1)
1400,R1400P2,Address,Text (11)
1400,R1400P2,DYCOL01,Text (1)
1400,R1400P2,DYCOL03,Text (2)
1400,R1400P2,DYCOL04,Text (3)
1400,R1400P2,DYCOL05,Text (1)
1400,R1400P2,DYCOL06,Text (2)
1400,R1400P2,DYCOL07,Text (1)
1400,R1400P2,DYCOL08,Text (1)
1400,R1400P2,DYCOL09,Text (1)
1400,R1400P2,DYCOL10,Text (1)
1400,R1400P2,DYCOL11,Text (1)
1400,R1400P2,DYCOL12,Text (1)
1400,R1400P2,DYCOL13,Text (1)
1400,R1400P2,DYCOL14,Text (1)
1400,R1400P2,DYCOL15,Text (1)
1400,R1400P2,DYCOL16,Text (1)
1400,R1400P2,DYCOL17,Text (1)
1400,R1400P2,DYCOL18,Text (1)
1400,R1400P2,DYCOL19,Text (1)
1400,R1400P2,DYCOL20,Text (1)
1400,R1400P2,DYCOL21,Text (1)
1400,R1400P2,DYCOL22,Text (1)
1400,R1400P2,DYCOL23,Text (1)
1400,R1400P2,DYCOL24,Text (1)
1400,R1400P2,DYCOL25,Text (1)
1400,R1400P2,DYCOL26,Text (1)
1400,R1400P2,DYCOL27,Text (1)
1400,R1400P2,DYCOL28,Text (1)
1400,R1400P2,DYCOL29,Text (1)
1400,R1400P2,DYCOL30,Text (1)
1400,R1400P2,DYCOL31,Text (1)
1400,R1400P2,DYCOL32,Text (1)
1400,R1400P2,DYCOL33,Text (1)
1400,R1400P2,DYCOL34,Text (1)
1400,R1400P2,DYCOL35,Text (1)
1400,R1400P2,DYCOL36,Text (1)
1400,R1400P2,DYCOL37,Text (1)
1400,R1400P2,DYCOL38,Text (1)
1400,R1400P2,DYCOL39,Text (1)
1400,R1400P2,DYCOL40,Text (1)
1400,R1400P2,DYCOL41,Text (1)
1400,R1400P2,DYCOL42,Text (1)
1400,R1400P2,DYCOL43,Text (2)
1400,R1400P2,DYCOL44,Text (2)
1400,R1400P2,DYCOL45,Text (2)
1400,R1400P3S01,Address,Text (11)
1400,R1400P3S01,DYCOL01,Text (6)
1400,R1400P3S01,DYCOL02,Text (1)
1400,R1400P3S01,DYCOL03,Text (3)
1400,R1400P3S01,DYCOL04,Text (5)
1400,R1400P3S01,DYCOL05,Text (10)
1400,R1400P3S01,DYCOL06,Text (10)
1400,R1400P3S02,Address,Text (11)
1400,R1400P3S02,DYCOL01,Text (6)
1400,R1400P3S02,DYCOL02,Text (1)
1400,R1400P3S02,DYCOL03,Text (3)
1400,R1400P3S02,DYCOL04,Text (5)
1400,R1400P3S02,DYCOL05,Text (10)
1400,R1400P3S02,DYCOL06,Text (10)
1400,R1400P3S03,Address,Text (11)
1400,R1400P3S03,DYCOL01,Text (6)
1400,R1400P3S03,DYCOL02,Text (1)
1400,R1400P3S03,DYCOL03,Text (10)
1400,R1400P3S04,Address,Text (11)
1400,R1400P3S04,DYCOL01,Text (6)
1400,R1400P3S04,DYCOL02,Text (10)
1400,R1400P3S04,DYCOL03,Text (1)
1400,R1400P3S04,DYCOL04,Text (10)
1400,R1400P3S05,Address,Text (11)
1400,R1400P3S05,DYCOL01,Text (6)
1400,R1400P3S05,DYCOL02,Text (1)
1400,R1400P3S05,DYCOL03,Text (10)
1400,R1400P3S06,Address,Text (11)
1400,R1400P3S06,DYCOL01,Text (6)
1400,R1400P3S06,DYCOL02,Text (1)
1400,R1400P3S06,DYCOL03,Text (10)
1400,R1400P3S07,Address,Text (11)
1400,R1400P3S07,DYCOL01,Text (6)
1400,R1400P3S07,DYCOL02,Text (1)
1400,R1400P3S07,DYCOL03,Text (10)
1400,R1400P3S08,Address,Text (11)
1400,R1400P3S08,DYCOL01,Text (6)
1400,R1400P3S08,DYCOL02,Text (1)
1400,R1400P3S08,DYCOL03,Text (10)
1400,R1400P3S09,Address,Text (11)
1400,R1400P3S09,DYCOL01,Text (6)
1400,R1400P3S09,DYCOL02,Text (1)
1400,R1400P3S09,DYCOL03,Text (10)
1400,R1400P3S10,Address,Text (11)
1400,R1400P3S10,DYCOL01,Text (6)
1400,R1400P3S10,DYCOL02,Text (1)
1400,R1400P3S10,DYCOL03,Text (10)
1400,R1400P3S11,Address,Text (11)
1400,R1400P3S11,DYCOL01,Text (6)
1400,R1400P3S11,DYCOL02,Text (1)
1400,R1400P3S11,DYCOL03,Text (10)
1400,R1400P3S12,Address,Text (11)
1400,R1400P3S12,DYCOL01,Text (6)
1400,R1400P3S12,DYCOL02,Text (1)
1400,R1400P3S12,DYCOL03,Text (10)
1400,R1400P3S13,Address,Text (11)
1400,R1400P3S13,DYCOL01,Text (6)
1400,R1400P3S13,DYCOL02,Text (10)
1400,R1400P3S13,DYCOL03,Text (50)
1400,R1400P3S13,DYCOL04,Text (1)
1400,R1400P3S13,DYCOL05,Text (10)
1400,R1400P3S13,DYCOL06,Text (10)
1400,R1400P3S14,Address,Text (11)
1400,R1400P3S14,DYCOL01,Text (6)
1400,R1400P3S14,DYCOL02,Text (1)
1400,R1400P3S14,DYCOL03,Text (12)
1400,R1400P3S14,DYCOL04,Text (11)
1400,R1400P4S01,Address,Text (11)
1400,R1400P4S01,DYCOL01,Text (2)
1400,R1400P4S01,DYCOL02,Text (1)
1400,R1400P4S01,DYCOL03,Text (4)
1400,R1400P4S01,DYCOL04,Text (5)
1400,R1400P4S01,DYCOL05,Text (1)
1400,R1400P4S01,DYCOL06,Text (2)
1400,R1400P4S01,DYCOL07,Text (1)
1400,R1400P4S01,DYCOL08,Text (10)
1400,R1400P4S01,DYCOL09,Text (11)
1400,R1400P4S01,DYCOL10,Text (10)
1400,R1400P4S01,DYCOL11,Text (10)
1400,R1400P4S01,DYCOL12,Text (10)
1400,R1400P4S01,DYCOL13,Text (10)
1400,R1400P4S01,DYCOL14,Text (14)
1400,R1400P4S01,DYCOL15,Text (14)
1400,R1400P4S02,Address,Text (11)
1400,R1400P4S02,DYCOL01,Text (2)
1400,R1400P4S02,DYCOL02,Text (1)
1400,R1400P4S02,DYCOL03,Text (4)
1400,R1400P4S02,DYCOL04,Text (5)
1400,R1400P4S02,DYCOL05,Text (1)
1400,R1400P4S02,DYCOL06,Text (1)
1400,R1400P4S02,DYCOL07,Text (2)
1400,R1400P4S02,DYCOL08,Text (1)
1400,R1400P4S02,DYCOL09,Text (14)
1400,R1400P4S02,DYCOL10,Text (14)
1400,R1400P4S02,DYCOL11,Text (14)
1400,R1400P4S02,DYCOL12,Text (14)
1400,R1400P4S02,DYCOL13,Text (14)
1400,R1400P4S02,DYCOL14,Text (14)
1400,R1400P4S02,DYCOL15,Text (14)
1400,R1400P4S03,Address,Text (11)
1400,R1400P4S03,DYCOL01,Text (2)
1400,R1400P4S03,DYCOL03,Text (10)
1400,R1400P4S03,DYCOL04,Text (10)
1400,R1400P4S03,DYCOL05,Text (10)
1400,R1400P4S03,DYCOL06,Text (10)
1400,R1400P4S03,DYCOL07,Text (10)
1400,R1400P4S03,DYCOL08,Text (10)
1400,R1400P4S04,Address,Text (11)
1400,R1400P4S04,Dycol01,Text (3)
1400,R1400P4S04,Dycol03,Text (2)
1400,R1400P4S04,Dycol04,Text (2)
1400,R1400P4S04,Dycol05,Text (10)
1400,U1400Data,Address,Text (11)
1400,U1400Data,Fasl,Text (1)
1400,U1400Data,weight,Long Integer
1400,U1400Data,NoeKhn,Text (1)
1400,U1400Data,Takmil,Text (1)
1400,U1400Data,TakmilDescA,Text (1)
1400,U1400Data,TakmilDescB,Text (1)
1400,U1400Data,TakmilDescC,Text (100)
1400,U1400Data,Jaygozin,Text (1)
1400,U1400Data,JaygozinDescA,Text (1)
1400,U1400Data,JaygozinDescB,Text (1)
1400,U1400Data,JaygozinDescC,Text (100)
1400,U1400Data,BlkAbdJaygozin,Text (6)
1400,U1400Data,RadifJaygozin,Text (3)
1400,U1400Data,IsTel,Text (1)
1400,U1400Data,FVam,Text (1)
1400,U1400P1,Address,Text (11)
1400,U1400P1,DYCOL01,Text (2)
1400,U1400P1,DYCOL03,Text (1)
1400,U1400P1,DYCOL04,Text (1)
1400,U1400P1,DYCOL05,Text (2)
1400,U1400P1,DYCOL06,Text (1)
1400,U1400P1,DYCOL07,Text (1)
1400,U1400P1,DYCOL08,Text (3)
1400,U1400P1,DYCOL09,Text (1)
1400,U1400P1,DYCOL10,Text (1)
1400,U1400P2,Address,Text (11)
1400,U1400P2,DYCOL01,Text (1)
1400,U1400P2,DYCOL03,Text (2)
1400,U1400P2,DYCOL04,Text (3)
1400,U1400P2,DYCOL05,Text (1)
1400,U1400P2,DYCOL06,Text (2)
1400,U1400P2,DYCOL07,Text (1)
1400,U1400P2,DYCOL08,Text (1)
1400,U1400P2,DYCOL09,Text (1)
1400,U1400P2,DYCOL10,Text (1)
1400,U1400P2,DYCOL11,Text (1)
1400,U1400P2,DYCOL12,Text (1)
1400,U1400P2,DYCOL13,Text (1)
1400,U1400P2,DYCOL14,Text (1)
1400,U1400P2,DYCOL15,Text (1)
1400,U1400P2,DYCOL16,Text (1)
1400,U1400P2,DYCOL17,Text (1)
1400,U1400P2,DYCOL18,Text (1)
1400,U1400P2,DYCOL19,Text (1)
1400,U1400P2,DYCOL20,Text (1)
1400,U1400P2,DYCOL21,Text (1)
1400,U1400P2,DYCOL22,Text (1)
1400,U1400P2,DYCOL23,Text (1)
1400,U1400P2,DYCOL24,Text (1)
1400,U1400P2,DYCOL25,Text (1)
1400,U1400P2,DYCOL26,Text (1)
1400,U1400P2,DYCOL27,Text (1)
1400,U1400P2,DYCOL28,Text (1)
1400,U1400P2,DYCOL29,Text (1)
1400,U1400P2,DYCOL30,Text (1)
1400,U1400P2,DYCOL31,Text (1)
1400,U1400P2,DYCOL32,Text (1)
1400,U1400P2,DYCOL33,Text (1)
1400,U1400P2,DYCOL34,Text (1)
1400,U1400P2,DYCOL35,Text (1)
1400,U1400P2,DYCOL36,Text (1)
1400,U1400P2,DYCOL37,Text (1)
1400,U1400P2,DYCOL38,Text (1)
1400,U1400P2,DYCOL39,Text (1)
1400,U1400P2,DYCOL40,Text (1)
1400,U1400P2,DYCOL41,Text (1)
1400,U1400P2,DYCOL42,Text (1)
1400,U1400P2,DYCOL43,Text (2)
1400,U1400P2,DYCOL44,Text (2)
1400,U1400P2,DYCOL45,Text (2)
1400,U1400P3S01,Address,Text (11)
1400,U1400P3S01,DYCOL01,Text (6)
1400,U1400P3S01,DYCOL02,Text (1)
1400,U1400P3S01,DYCOL03,Text (3)
1400,U1400P3S01,DYCOL04,Text (5)
1400,U1400P3S01,DYCOL05,Text (10)
1400,U1400P3S01,DYCOL06,Text (10)
1400,U1400P3S02,Address,Text (11)
1400,U1400P3S02,DYCOL01,Text (6)
1400,U1400P3S02,DYCOL02,Text (1)
1400,U1400P3S02,DYCOL03,Text (3)
1400,U1400P3S02,DYCOL04,Text (5)
1400,U1400P3S02,DYCOL05,Text (10)
1400,U1400P3S02,DYCOL06,Text (10)
1400,U1400P3S03,Address,Text (11)
1400,U1400P3S03,DYCOL01,Text (6)
1400,U1400P3S03,DYCOL02,Text (1)
1400,U1400P3S03,DYCOL03,Text (10)
1400,U1400P3S04,Address,Text (11)
1400,U1400P3S04,DYCOL01,Text (6)
1400,U1400P3S04,DYCOL02,Text (10)
1400,U1400P3S04,DYCOL03,Text (1)
1400,U1400P3S04,DYCOL04,Text (10)
1400,U1400P3S05,Address,Text (11)
1400,U1400P3S05,DYCOL01,Text (6)
1400,U1400P3S05,DYCOL02,Text (1)
1400,U1400P3S05,DYCOL03,Text (10)
1400,U1400P3S06,Address,Text (11)
1400,U1400P3S06,DYCOL01,Text (6)
1400,U1400P3S06,DYCOL02,Text (1)
1400,U1400P3S06,DYCOL03,Text (10)
1400,U1400P3S07,Address,Text (11)
1400,U1400P3S07,DYCOL01,Text (6)
1400,U1400P3S07,DYCOL02,Text (1)
1400,U1400P3S07,DYCOL03,Text (10)
1400,U1400P3S08,Address,Text (11)
1400,U1400P3S08,DYCOL01,Text (6)
1400,U1400P3S08,DYCOL02,Text (1)
1400,U1400P3S08,DYCOL03,Text (10)
1400,U1400P3S09,Address,Text (11)
1400,U1400P3S09,DYCOL01,Text (6)
1400,U1400P3S09,DYCOL02,Text (1)
1400,U1400P3S09,DYCOL03,Text (10)
1400,U1400P3S10,Address,Text (11)
1400,U1400P3S10,DYCOL01,Text (6)
1400,U1400P3S10,DYCOL02,Text (1)
1400,U1400P3S10,DYCOL03,Text (10)
1400,U1400P3S11,Address,Text (11)
1400,U1400P3S11,DYCOL01,Text (6)
1400,U1400P3S11,DYCOL02,Text (1)
1400,U1400P3S11,DYCOL03,Text (10)
1400,U1400P3S12,Address,Text (11)
1400,U1400P3S12,DYCOL01,Text (6)
1400,U1400P3S12,DYCOL02,Text (1)
1400,U1400P3S12,DYCOL03,Text (10)
1400,U1400P3S13,Address,Text (11)
1400,U1400P3S13,DYCOL01,Text (6)
1400,U1400P3S13,DYCOL02,Text (10)
1400,U1400P3S13,DYCOL03,Text (50)
1400,U1400P3S13,DYCOL04,Text (1)
1400,U1400P3S13,DYCOL05,Text (10)
1400,U1400P3S13,DYCOL06,Text (10)
1400,U1400P3S14,Address,Text (11)
1400,U1400P3S14,DYCOL01,Text (6)
1400,U1400P3S14,DYCOL02,Text (1)
1400,U1400P3S14,DYCOL03,Text (12)
1400,U1400P3S14,DYCOL04,Text (11)
1400,U1400P4S01,Address,Text (11)
1400,U1400P4S01,DYCOL01,Text (2)
1400,U1400P4S01,DYCOL02,Text (1)
1400,U1400P4S01,DYCOL03,Text (4)
1400,U1400P4S01,DYCOL04,Text (5)
1400,U1400P4S01,DYCOL05,Text (1)
1400,U1400P4S01,DYCOL06,Text (2)
1400,U1400P4S01,DYCOL07,Text (1)
1400,U1400P4S01,DYCOL08,Text (10)
1400,U1400P4S01,DYCOL09,Text (11)
1400,U1400P4S01,DYCOL10,Text (10)
1400,U1400P4S01,DYCOL11,Text (10)
1400,U1400P4S01,DYCOL12,Text (10)
1400,U1400P4S01,DYCOL13,Text (10)
1400,U1400P4S01,DYCOL14,Text (14)
1400,U1400P4S01,DYCOL15,Text (14)
1400,U1400P4S02,Address,Text (11)
1400,U1400P4S02,DYCOL01,Text (2)
1400,U1400P4S02,DYCOL02,Text (1)
1400,U1400P4S02,DYCOL03,Text (4)
1400,U1400P4S02,DYCOL04,Text (5)
1400,U1400P4S02,DYCOL05,Text (1)
1400,U1400P4S02,DYCOL06,Text (1)
1400,U1400P4S02,DYCOL07,Text (2)
1400,U1400P4S02,DYCOL08,Text (1)
1400,U1400P4S02,DYCOL09,Text (14)
1400,U1400P4S02,DYCOL10,Text (14)
1400,U1400P4S02,DYCOL11,Text (14)
1400,U1400P4S02,DYCOL12,Text (14)
1400,U1400P4S02,DYCOL13,Text (14)
1400,U1400P4S02,DYCOL14,Text (14)
1400,U1400P4S02,DYCOL15,Text (14)
1400,U1400P4S03,Address,Text (11)
1400,U1400P4S03,DYCOL01,Text (2)
1400,U1400P4S03,DYCOL03,Text (10)
1400,U1400P4S03,DYCOL04,Text (10)
1400,U1400P4S03,DYCOL05,Text (10)
1400,U1400P4S03,DYCOL06,Text (10)
1400,U1400P4S03,DYCOL07,Text (10)
1400,U1400P4S03,DYCOL08,Text (10)
1400,U1400P4S04,Address,Text (11)
1400,U1400P4S04,Dycol01,Text (3)
1400,U1400P4S04,Dycol03,Text (2)
1400,U1400P4S04,Dycol04,Text (2)
1400,U1400P4S04,Dycol05,Text (10)
1401,R1401Data,Address,Text (50)
1401,R1401Data,Fasl,Text (1)
1401,R1401Data,weight,Double
1401,R1401Data,NoeKhn,Text (50) NOT NULL
1401,R1401Data,Takmil,Text (50) NOT NULL
1401,R1401Data,TakmilDescA,Text (50) NOT NULL
1401,R1401Data,TakmilDescB,Text (50) NOT NULL
1401,R1401Data,TakmilDescC,Text (50) NOT NULL
1401,R1401Data,Jaygozin,Text (50) NOT NULL
1401,R1401Data,JaygozinDescA,Text (50) NOT NULL
1401,R1401Data,JaygozinDescB,Text (50) NOT NULL
1401,R1401Data,BlkAbdJaygozin,Text (50)
1401,R1401Data,RadifJaygozin,Text (50)
1401,R1401P1,Address,Text (11) NOT NULL
1401,R1401P1,DYCOL01,Text (2) NOT NULL
1401,R1401P1,DYCOL03,Text (1)
1401,R1401P1,DYCOL04,Text (1)
1401,R1401P1,DYCOL05,Text (2)
1401,R1401P1,DYCOL06,Text (1)
1401,R1401P1,DYCOL07,Text (1)
1401,R1401P1,DYCOL08,Text (2)
1401,R1401P1,DYCOL09,Text (1)
1401,R1401P1,DYCOL10,Text (1)
1401,R1401P2,Address,Text (50)
1401,R1401P2,DYCOL001,Text (50)
1401,R1401P2,DYCOL002,Text (50)
1401,R1401P2,DYCOL01,Text (50)
1401,R1401P2,DYCOL03,Text (50)
1401,R1401P2,DYCOL04,Text (50)
1401,R1401P2,DYCOL05,Text (50)
1401,R1401P2,DYCOL06,Text (50)
1401,R1401P2,DYCOL07,Text (50)
1401,R1401P2,DYCOL08,Text (50)
1401,R1401P2,DYCOL09,Text (50)
1401,R1401P2,DYCOL10,Text (50)
1401,R1401P2,DYCOL11,Text (50)
1401,R1401P2,DYCOL12,Text (50)
1401,R1401P2,DYCOL13,Text (50)
1401,R1401P2,DYCOL14,Text (50)
1401,R1401P2,DYCOL15,Text (50)
1401,R1401P2,DYCOL16,Text (50)
1401,R1401P2,DYCOL17,Text (50)
1401,R1401P2,DYCOL18,Text (50)
1401,R1401P2,DYCOL19,Text (50)
1401,R1401P2,DYCOL20,Text (50)
1401,R1401P2,DYCOL21,Text (50)
1401,R1401P2,DYCOL22,Text (50)
1401,R1401P2,DYCOL23,Text (50)
1401,R1401P2,DYCOL24,Text (50)
1401,R1401P2,DYCOL25,Text (50)
1401,R1401P2,DYCOL26,Text (50)
1401,R1401P2,DYCOL27,Text (50)
1401,R1401P2,DYCOL28,Text (50)
1401,R1401P2,DYCOL29,Text (50)
1401,R1401P2,DYCOL30,Text (50)
1401,R1401P2,DYCOL31,Text (50)
1401,R1401P2,DYCOL32,Text (50)
1401,R1401P2,DYCOL33,Text (50)
1401,R1401P2,DYCOL34,Text (50)
1401,R1401P2,DYCOL35,Text (50)
1401,R1401P2,DYCOL36,Text (50)
1401,R1401P2,DYCOL37,Text (50)
1401,R1401P2,DYCOL38,Text (50)
1401,R1401P2,DYCOL39,Text (50)
1401,R1401P2,DYCOL40,Text (50)
1401,R1401P2,DYCOL41,Text (50)
1401,R1401P2,DYCOL42,Text (50)
1401,R1401P2,DYCOL42_14,Text (50)
1401,R1401P2,DYCOL43,Text (50)
1401,R1401P2,DYCOL44,Text (50)
1401,R1401P2,DYCOL45,Text (50)
1401,R1401P3S01,Address,Text (11) NOT NULL
1401,R1401P3S01,DYCOL01,Text (6) NOT NULL
1401,R1401P3S01,DYCOL02,Text (1) NOT NULL
1401,R1401P3S01,DYCOL03,Text (3)
1401,R1401P3S01,DYCOL04,Text (5)
1401,R1401P3S01,DYCOL05,Text (10)
1401,R1401P3S01,DYCOL06,Text (10)
1401,R1401P3S02,Address,Text (11) NOT NULL
1401,R1401P3S02,DYCOL01,Text (6) NOT NULL
1401,R1401P3S02,DYCOL02,Text (1) NOT NULL
1401,R1401P3S02,DYCOL03,Text (3)
1401,R1401P3S02,DYCOL04,Text (5)
1401,R1401P3S02,DYCOL05,Text (10)
1401,R1401P3S02,DYCOL06,Text (10)
1401,R1401P3S03,Address,Text (11) NOT NULL
1401,R1401P3S03,DYCOL01,Text (6) NOT NULL
1401,R1401P3S03,DYCOL02,Text (1) NOT NULL
1401,R1401P3S03,DYCOL03,Text (10)
1401,R1401P3S04,Address,Text (11) NOT NULL
1401,R1401P3S04,DYCOL01,Text (6) NOT NULL
1401,R1401P3S04,DYCOL02,Text (11)
1401,R1401P3S04,DYCOL03,Text (1) NOT NULL
1401,R1401P3S04,DYCOL04,Text (11)
1401,R1401P3S05,Address,Text (11) NOT NULL
1401,R1401P3S05,DYCOL01,Text (6) NOT NULL
1401,R1401P3S05,DYCOL02,Text (1)
1401,R1401P3S05,DYCOL03,Text (11)
1401,R1401P3S06,Address,Text (11) NOT NULL
1401,R1401P3S06,DYCOL01,Text (6) NOT NULL
1401,R1401P3S06,DYCOL02,Text (1) NOT NULL
1401,R1401P3S06,DYCOL03,Text (11)
1401,R1401P3S07,Address,Text (11) NOT NULL
1401,R1401P3S07,DYCOL01,Text (6) NOT NULL
1401,R1401P3S07,DYCOL02,Text (1) NOT NULL
1401,R1401P3S07,DYCOL03,Text (11)
1401,R1401P3S08,Address,Text (11) NOT NULL
1401,R1401P3S08,DYCOL01,Text (6) NOT NULL
1401,R1401P3S08,DYCOL02,Text (1) NOT NULL
1401,R1401P3S08,DYCOL03,Text (11)
1401,R1401P3S09,Address,Text (11) NOT NULL
1401,R1401P3S09,DYCOL01,Text (6) NOT NULL
1401,R1401P3S09,DYCOL02,Text (1) NOT NULL
1401,R1401P3S09,DYCOL03,Text (11)
1401,R1401P3S10,Address,Text (11)
1401,R1401P3S10,DYCOL01,Text (6)
1401,R1401P3S10,DYCOL02,Text (1)
1401,R1401P3S10,DYCOL03,Text (10)
1401,R1401P3S11,Address,Text (11) NOT NULL
1401,R1401P3S11,DYCOL01,Text (6) NOT NULL
1401,R1401P3S11,DYCOL02,Text (1) NOT NULL
1401,R1401P3S11,DYCOL03,Text (11)
1401,R1401P3S12,Address,Text (11) NOT NULL
1401,R1401P3S12,DYCOL01,Text (6) NOT NULL
1401,R1401P3S12,DYCOL02,Text (1) NOT NULL
1401,R1401P3S12,DYCOL03,Text (10)
1401,R1401P3S13,Address,Text (11) NOT NULL
1401,R1401P3S13,DYCOL01,Text (6) NOT NULL
1401,R1401P3S13,DYCOL02,Text (11)
1401,R1401P3S13,DYCOL03,Text (100)
1401,R1401P3S13,DYCOL04,Text (1)
1401,R1401P3S13,DYCOL05,Text (12)
1401,R1401P3S13,DYCOL06,Text (12)
1401,R1401P3S14,Address,Text (11) NOT NULL
1401,R1401P3S14,DYCOL01,Text (6) NOT NULL
1401,R1401P3S14,DYCOL02,Text (1)
1401,R1401P3S14,DYCOL03,Text (12)
1401,R1401P3S14,DYCOL04,Text (12)
1401,R1401P4S01,Address,Text (255)
1401,R1401P4S01,DYCOL01,Text (255)
1401,R1401P4S01,DYCOL02,Text (255)
1401,R1401P4S01,DYCOL03,Text (255)
1401,R1401P4S01,DYCOL04,Text (255)
1401,R1401P4S01,DYCOL05,Text (255)
1401,R1401P4S01,DYCOL06,Text (255)
1401,R1401P4S01,DYCOL07,Text (255)
1401,R1401P4S01,DYCOL08,Text (255)
1401,R1401P4S01,DYCOL09,Text (255)
1401,R1401P4S01,DYCOL10,Text (255)
1401,R1401P4S01,DYCOL11,Text (255)
1401,R1401P4S01,DYCOL12,Text (255)
1401,R1401P4S01,DYCOL13,Text (255)
1401,R1401P4S01,DYCOL14,Text (255)
1401,R1401P4S01,DYCOL15,Text (255)
1401,R1401P4S02,Address,Text (11) NOT NULL
1401,R1401P4S02,DYCOL01,Text (2) NOT NULL
1401,R1401P4S02,DYCOL02,Text (1)
1401,R1401P4S02,DYCOL03,Text (4)
1401,R1401P4S02,DYCOL04,Text (5)
1401,R1401P4S02,DYCOL05,Text (1)
1401,R1401P4S02,DYCOL06,Text (1)
1401,R1401P4S02,DYCOL07,Text (2)
1401,R1401P4S02,DYCOL08,Text (1)
1401,R1401P4S02,DYCOL09,Text (14)
1401,R1401P4S02,DYCOL10,Text (14)
1401,R1401P4S02,DYCOL11,Text (14)
1401,R1401P4S02,DYCOL12,Text (14)
1401,R1401P4S02,DYCOL13,Text (14)
1401,R1401P4S02,DYCOL14,Text (14)
1401,R1401P4S02,DYCOL15,Text (14)
1401,R1401P4S03,Address,Text (11) NOT NULL
1401,R1401P4S03,DYCOL01,Text (2) NOT NULL
1401,R1401P4S03,DYCOL03,Text (10)
1401,R1401P4S03,DYCOL04,Text (10)
1401,R1401P4S03,DYCOL05,Text (10)
1401,R1401P4S03,DYCOL06,Text (10)
1401,R1401P4S03,DYCOL07,Text (10)
1401,R1401P4S03,DYCOL08,Text (10)
1401,R1401P4S04,Address,Text (11) NOT NULL
1401,R1401P4S04,Dycol01,Text (2)
1401,R1401P4S04,Dycol03,Text (2)
1401,R1401P4S04,Dycol04,Text (2)
1401,R1401P4S04,Dycol05,Text (10)
1401,U1401Data,Address,Text (50)
1401,U1401Data,Fasl,Text (1)
1401,U1401Data,weight,Double
1401,U1401Data,NoeKhn,Text (50) NOT NULL
1401,U1401Data,Takmil,Text (50) NOT NULL
1401,U1401Data,TakmilDescA,Text (50) NOT NULL
1401,U1401Data,TakmilDescB,Text (50) NOT NULL
1401,U1401Data,TakmilDescC,Text (50) NOT NULL
1401,U1401Data,Jaygozin,Text (50) NOT NULL
1401,U1401Data,JaygozinDescA,Text (50) NOT NULL
1401,U1401Data,JaygozinDescB,Text (50) NOT NULL
1401,U1401Data,BlkAbdJaygozin,Text (50)
1401,U1401Data,RadifJaygozin,Text (50)
1401,U1401P1,Address,Text (11) NOT NULL
1401,U1401P1,DYCOL01,Text (2) NOT NULL
1401,U1401P1,DYCOL03,Text (1)
1401,U1401P1,DYCOL04,Text (1)
1401,U1401P1,DYCOL05,Text (2)
1401,U1401P1,DYCOL06,Text (1)
1401,U1401P1,DYCOL07,Text (1)
1401,U1401P1,DYCOL08,Text (2)
1401,U1401P1,DYCOL09,Text (1)
1401,U1401P1,DYCOL10,Text (1)
1401,U1401P2,Address,Text (50)
1401,U1401P2,DYCOL001,Text (50)
1401,U1401P2,DYCOL002,Text (50)
1401,U1401P2,DYCOL01,Text (50)
1401,U1401P2,DYCOL03,Text (50)
1401,U1401P2,DYCOL04,Text (50)
1401,U1401P2,DYCOL05,Text (50)
1401,U1401P2,DYCOL06,Text (50)
1401,U1401P2,DYCOL07,Text (50)
1401,U1401P2,DYCOL08,Text (50)
1401,U1401P2,DYCOL09,Text (50)
1401,U1401P2,DYCOL10,Text (50)
1401,U1401P2,DYCOL11,Text (50)
1401,U1401P2,DYCOL12,Text (50)
1401,U1401P2,DYCOL13,Text (50)
1401,U1401P2,DYCOL14,Text (50)
1401,U1401P2,DYCOL15,Text (50)
1401,U1401P2,DYCOL16,Text (50)
1401,U1401P2,DYCOL17,Text (50)
1401,U1401P2,DYCOL18,Text (50)
1401,U1401P2,DYCOL19,Text (50)
1401,U1401P2,DYCOL20,Text (50)
1401,U1401P2,DYCOL21,Text (50)
1401,U1401P2,DYCOL22,Text (50)
1401,U1401P2,DYCOL23,Text (50)
1401,U1401P2,DYCOL24,Text (50)
1401,U1401P2,DYCOL25,Text (50)
1401,U1401P2,DYCOL26,Text (50)
1401,U1401P2,DYCOL27,Text (50)
1401,U1401P2,DYCOL28,Text (50)
1401,U1401P2,DYCOL29,Text (50)
1401,U1401P2,DYCOL30,Text (50)
1401,U1401P2,DYCOL31,Text (50)
1401,U1401P2,DYCOL32,Text (50)
1401,U1401P2,DYCOL33,Text (50)
1401,U1401P2,DYCOL34,Text (50)
1401,U1401P2,DYCOL35,Text (50)
1401,U1401P2,DYCOL36,Text (50)
1401,U1401P2,DYCOL37,Text (50)
1401,U1401P2,DYCOL38,Text (50)
1401,U1401P2,DYCOL39,Text (50)
1401,U1401P2,DYCOL40,Text (50)
1401,U1401P2,DYCOL41,Text (50)
1401,U1401P2,DYCOL42,Text (50)
1401,U1401P2,DYCOL42_14,Text (50)
1401,U1401P2,DYCOL43,Text (50)
1401,U1401P2,DYCOL44,Text (50)
1401,U1401P2,DYCOL45,Text (50)
1401,U1401P3S01,Address,Text (11) NOT NULL
1401,U1401P3S01,DYCOL01,Text (6) NOT NULL
1401,U1401P3S01,DYCOL02,Text (1) NOT NULL
1401,U1401P3S01,DYCOL03,Text (3)
1401,U1401P3S01,DYCOL04,Text (5)
1401,U1401P3S01,DYCOL05,Text (10)
1401,U1401P3S01,DYCOL06,Text (10)
1401,U1401P3S02,Address,Text (11) NOT NULL
1401,U1401P3S02,DYCOL01,Text (6) NOT NULL
1401,U1401P3S02,DYCOL02,Text (1) NOT NULL
1401,U1401P3S02,DYCOL03,Text (3)
1401,U1401P3S02,DYCOL04,Text (5)
1401,U1401P3S02,DYCOL05,Text (10)
1401,U1401P3S02,DYCOL06,Text (10)
1401,U1401P3S03,Address,Text (11) NOT NULL
1401,U1401P3S03,DYCOL01,Text (6) NOT NULL
1401,U1401P3S03,DYCOL02,Text (1) NOT NULL
1401,U1401P3S03,DYCOL03,Text (10)
1401,U1401P3S04,Address,Text (11) NOT NULL
1401,U1401P3S04,DYCOL01,Text (6) NOT NULL
1401,U1401P3S04,DYCOL02,Text (11)
1401,U1401P3S04,DYCOL03,Text (1) NOT NULL
1401,U1401P3S04,DYCOL04,Text (11)
1401,U1401P3S05,Address,Text (11) NOT NULL
1401,U1401P3S05,DYCOL01,Text (6) NOT NULL
1401,U1401P3S05,DYCOL02,Text (1)
1401,U1401P3S05,DYCOL03,Text (11)
1401,U1401P3S06,Address,Text (11) NOT NULL
1401,U1401P3S06,DYCOL01,Text (6) NOT NULL
1401,U1401P3S06,DYCOL02,Text (1) NOT NULL
1401,U1401P3S06,DYCOL03,Text (11)
1401,U1401P3S07,Address,Text (11) NOT NULL
1401,U1401P3S07,DYCOL01,Text (6) NOT NULL
1401,U1401P3S07,DYCOL02,Text (1) NOT NULL
1401,U1401P3S07,DYCOL03,Text (11)
1401,U1401P3S08,Address,Text (11) NOT NULL
1401,U1401P3S08,DYCOL01,Text (6) NOT NULL
1401,U1401P3S08,DYCOL02,Text (1) NOT NULL
1401,U1401P3S08,DYCOL03,Text (11)
1401,U1401P3S09,Address,Text (11) NOT NULL
1401,U1401P3S09,DYCOL01,Text (6) NOT NULL
1401,U1401P3S09,DYCOL02,Text (1) NOT NULL
1401,U1401P3S09,DYCOL03,Text (11)
1401,U1401P3S10,Address,Text (11)
1401,U1401P3S10,DYCOL01,Text (6)
1401,U1401P3S10,DYCOL02,Text (1)
1401,U1401P3S10,DYCOL03,Text (10)
1401,U1401P3S11,Address,Text (11) NOT NULL
1401,U1401P3S11,DYCOL01,Text (6) NOT NULL
1401,U1401P3S11,DYCOL02,Text (1) NOT NULL
1401,U1401P3S11,DYCOL03,Text (11)
1401,U1401P3S12,Address,Text (11) NOT NULL
1401,U1401P3S12,DYCOL01,Text (6) NOT NULL
1401,U1401P3S12,DYCOL02,Text (1) NOT NULL
1401,U1401P3S12,DYCOL03,Text (10)
1401,U1401P3S13,Address,Text (11) NOT NULL
1401,U1401P3S13,DYCOL01,Text (6) NOT NULL
1401,U1401P3S13,DYCOL02,Text (11)
1401,U1401P3S13,DYCOL03,Text (100)
1401,U1401P3S13,DYCOL04,Text (1)
1401,U1401P3S13,DYCOL05,Text (12)
1401,U1401P3S13,DYCOL06,Text (12)
1401,U1401P3S14,Address,Text (11) NOT NULL
1401,U1401P3S14,DYCOL01,Text (6) NOT NULL
1401,U1401P3S14,DYCOL02,Text (1)
1401,U1401P3S14,DYCOL03,Text (12)
1401,U1401P3S14,DYCOL04,Text (12)
1401,U1401P4S01,Address,Text (255)
1401,U1401P4S01,DYCOL01,Text (255)
1401,U1401P4S01,DYCOL02,Text (255)
1401,U1401P4S01,DYCOL03,Text (255)
1401,U1401P4S01,DYCOL04,Text (255)
1401,U1401P4S01,DYCOL05,Text (255)
1401,U1401P4S01,DYCOL06,Text (255)
1401,U1401P4S01,DYCOL07,Text (255)
1401,U1401P4S01,DYCOL08,Text (255)
1401,U1401P4S01,DYCOL09,Text (255)
1401,U1401P4S01,DYCOL10,Text (255)
1401,U1401P4S01,DYCOL11,Text (255)
1401,U1401P4S01,DYCOL12,Text (255)
1401,U1401P4S01,DYCOL13,Text (255)
1401,U1401P4S01,DYCOL14,Text (255)
1401,U1401P4S01,DYCOL15,Text (255)
1401,U1401P4S02,Address,Text (11) NOT NULL
1401,U1401P4S02,DYCOL01,Text (2) NOT NULL
1401,U1401P4S02,DYCOL02,Text (1)
1401,U1401P4S02,DYCOL03,Text (4)
1401,U1401P4S02,DYCOL04,Text (5)
1401,U1401P4S02,DYCOL05,Text (1)
1401,U1401P4S02,DYCOL06,Text (1)
1401,U1401P4S02,DYCOL07,Text (2)
1401,U1401P4S02,DYCOL08,Text (1)
1401,U1401P4S02,DYCOL09,Text (14)
1401,U1401P4S02,DYCOL10,Text (14)
1401,U1401P4S02,DYCOL11,Text (14)
1401,U1401P4S02,DYCOL12,Text (14)
1401,U1401P4S02,DYCOL13,Text (14)
1401,U1401P4S02,DYCOL14,Text (14)
1401,U1401P4S02,DYCOL15,Text (14)
1401,U1401P4S03,Address,Text (11) NOT NULL
1401,U1401P4S03,DYCOL01,Text (2) NOT NULL
1401,U1401P4S03,DYCOL03,Text (10)
1401,U1401P4S03,DYCOL04,Text (10)
1401,U1401P4S03,DYCOL05,Text (10)
1401,U1401P4S03,DYCOL06,Text (10)
1401,U1401P4S03,DYCOL07,Text (10)
1401,U1401P4S03,DYCOL08,Text (10)
1401,U1401P4S04,Address,Text (11) NOT NULL
1401,U1401P4S04,Dycol01,Text (2)
1401,U1401P4S04,Dycol03,Text (2)
1401,U1401P4S04,Dycol04,Text (2)
1401,U1401P4S04,Dycol05,Text (10)
1402,R1402Data,Address,Memo/Hyperlink (255)
1402,R1402Data,Weight,Double
1402,R1402Data,NoeKhn,Memo/Hyperlink (255) NOT NULL
1402,R1402Data,Takmil,Memo/Hyperlink (255) NOT NULL
1402,R1402Data,TakmilDescA,Memo/Hyperlink (255) NOT NULL
1402,R1402Data,TakmilDescB,Memo/Hyperlink (255) NOT NULL
1402,R1402Data,TakmilDescC,Memo/Hyperlink (255) NOT NULL
1402,R1402Data,Jaygozin,Memo/Hyperlink (255) NOT NULL
1402,R1402Data,JaygozinDescA,Memo/Hyperlink (255) NOT NULL
1402,R1402Data,JaygozinDescB,Memo/Hyperlink (255) NOT NULL
1402,R1402Data,BlkAbdJaygozin,Memo/Hyperlink (255)
1402,R1402Data,RadifJaygozin,Memo/Hyperlink (255)
1402,R1402Data,Fasl,Text (50)
1402,R1402P1,Address,Text (11) NOT NULL
1402,R1402P1,DYCOL01,Text (2) NOT NULL
1402,R1402P1,DYCOL03,Text (1)
1402,R1402P1,DYCOL04,Text (1)
1402,R1402P1,DYCOL05,Text (2)
1402,R1402P1,DYCOL06,Text (1)
1402,R1402P1,DYCOL07,Text (1)
1402,R1402P1,DYCOL08,Text (2)
1402,R1402P1,DYCOL09,Text (1)
1402,R1402P1,DYCOL10,Text (1)
1402,R1402P2,Address,Text (50)
1402,R1402P2,DYCOL001,Text (50)
1402,R1402P2,DYCOL002,Text (50)
1402,R1402P2,DYCOL01,Text (50)
1402,R1402P2,DYCOL03,Text (50)
1402,R1402P2,DYCOL04,Text (50)
1402,R1402P2,DYCOL05,Text (50)
1402,R1402P2,DYCOL06,Text (50)
1402,R1402P2,DYCOL07,Text (50)
1402,R1402P2,DYCOL08,Text (50)
1402,R1402P2,DYCOL09,Text (50)
1402,R1402P2,DYCOL10,Text (50)
1402,R1402P2,DYCOL11,Text (50)
1402,R1402P2,DYCOL12,Text (50)
1402,R1402P2,DYCOL13,Text (50)
1402,R1402P2,DYCOL14,Text (50)
1402,R1402P2,DYCOL15,Text (50)
1402,R1402P2,DYCOL16,Text (50)
1402,R1402P2,DYCOL17,Text (50)
1402,R1402P2,DYCOL18,Text (50)
1402,R1402P2,DYCOL19,Text (50)
1402,R1402P2,DYCOL20,Text (50)
1402,R1402P2,DYCOL21,Text (50)
1402,R1402P2,DYCOL22,Text (50)
1402,R1402P2,DYCOL23,Text (50)
1402,R1402P2,DYCOL24,Text (50)
1402,R1402P2,DYCOL25,Text (50)
1402,R1402P2,DYCOL26,Text (50)
1402,R1402P2,DYCOL27,Text (50)
1402,R1402P2,DYCOL28,Text (50)
1402,R1402P2,DYCOL29,Text (50)
1402,R1402P2,DYCOL30,Text (50)
1402,R1402P2,DYCOL31,Text (50)
1402,R1402P2,DYCOL32,Text (50)
1402,R1402P2,DYCOL33,Text (50)
1402,R1402P2,DYCOL34,Text (50)
1402,R1402P2,DYCOL35,Text (50)
1402,R1402P2,DYCOL36,Text (50)
1402,R1402P2,DYCOL37,Text (50)
1402,R1402P2,DYCOL38,Text (50)
1402,R1402P2,DYCOL39,Text (50)
1402,R1402P2,DYCOL40,Text (50)
1402,R1402P2,DYCOL41,Text (50)
1402,R1402P2,DYCOL42,Text (50)
1402,R1402P2,DYCOL42_14,Text (50)
1402,R1402P2,DYCOL43,Text (50)
1402,R1402P2,DYCOL44,Text (50)
1402,R1402P2,DYCOL45,Text (50)
1402,R1402P3S01,Address,Text (11) NOT NULL
1402,R1402P3S01,DYCOL01,Text (6) NOT NULL
1402,R1402P3S01,DYCOL02,Text (1) NOT NULL
1402,R1402P3S01,DYCOL03,Text (3)
1402,R1402P3S01,DYCOL04,Text (5)
1402,R1402P3S01,DYCOL05,Text (10)
1402,R1402P3S01,DYCOL06,Text (10)
1402,R1402P3S02,Address,Text (11) NOT NULL
1402,R1402P3S02,DYCOL01,Text (6) NOT NULL
1402,R1402P3S02,DYCOL02,Text (1) NOT NULL
1402,R1402P3S02,DYCOL03,Text (3)
1402,R1402P3S02,DYCOL04,Text (5)
1402,R1402P3S02,DYCOL05,Text (10)
1402,R1402P3S02,DYCOL06,Text (10)
1402,R1402P3S03,Address,Text (11) NOT NULL
1402,R1402P3S03,DYCOL01,Text (6) NOT NULL
1402,R1402P3S03,DYCOL02,Text (1) NOT NULL
1402,R1402P3S03,DYCOL03,Text (10)
1402,R1402P3S04,Address,Text (11) NOT NULL
1402,R1402P3S04,DYCOL01,Text (6) NOT NULL
1402,R1402P3S04,DYCOL02,Text (11)
1402,R1402P3S04,DYCOL03,Text (1) NOT NULL
1402,R1402P3S04,DYCOL04,Text (11)
1402,R1402P3S05,Address,Text (11) NOT NULL
1402,R1402P3S05,DYCOL01,Text (6) NOT NULL
1402,R1402P3S05,DYCOL02,Text (1)
1402,R1402P3S05,DYCOL03,Text (11)
1402,R1402P3S06,Address,Text (11) NOT NULL
1402,R1402P3S06,DYCOL01,Text (6) NOT NULL
1402,R1402P3S06,DYCOL02,Text (1) NOT NULL
1402,R1402P3S06,DYCOL03,Text (11)
1402,R1402P3S07,Address,Text (11) NOT NULL
1402,R1402P3S07,DYCOL01,Text (6) NOT NULL
1402,R1402P3S07,DYCOL02,Text (1) NOT NULL
1402,R1402P3S07,DYCOL03,Text (11)
1402,R1402P3S08,Address,Text (11) NOT NULL
1402,R1402P3S08,DYCOL01,Text (6) NOT NULL
1402,R1402P3S08,DYCOL02,Text (1) NOT NULL
1402,R1402P3S08,DYCOL03,Text (11)
1402,R1402P3S09,Address,Text (11) NOT NULL
1402,R1402P3S09,DYCOL01,Text (6) NOT NULL
1402,R1402P3S09,DYCOL02,Text (1) NOT NULL
1402,R1402P3S09,DYCOL03,Text (11)
1402,R1402P3S10,Address,Text (11)
1402,R1402P3S10,DYCOL01,Text (6)
1402,R1402P3S10,DYCOL02,Text (1)
1402,R1402P3S10,DYCOL03,Text (10)
1402,R1402P3S11,Address,Text (11) NOT NULL
1402,R1402P3S11,DYCOL01,Text (6) NOT NULL
1402,R1402P3S11,DYCOL02,Text (1) NOT NULL
1402,R1402P3S11,DYCOL03,Text (11)
1402,R1402P3S12,Address,Text (11) NOT NULL
1402,R1402P3S12,DYCOL01,Text (6) NOT NULL
1402,R1402P3S12,DYCOL02,Text (1) NOT NULL
1402,R1402P3S12,DYCOL03,Text (10)
1402,R1402P3S13,Address,Text (11) NOT NULL
1402,R1402P3S13,DYCOL01,Text (6) NOT NULL
1402,R1402P3S13,DYCOL02,Text (50)
1402,R1402P3S13,DYCOL03,Memo/Hyperlink (255)
1402,R1402P3S13,DYCOL04,Text (1)
1402,R1402P3S13,DYCOL05,Text (15)
1402,R1402P3S13,DYCOL06,Text (15)
1402,R1402P3S14,Address,Text (11) NOT NULL
1402,R1402P3S14,DYCOL01,Text (6) NOT NULL
1402,R1402P3S14,DYCOL02,Text (1)
1402,R1402P3S14,DYCOL03,Text (12)
1402,R1402P3S14,DYCOL04,Text (12)
1402,R1402P4S01,Address,Text (11) NOT NULL
1402,R1402P4S01,DYCOL01,Text (2) NOT NULL
1402,R1402P4S01,DYCOL02,Text (1)
1402,R1402P4S01,DYCOL03,Text (4)
1402,R1402P4S01,DYCOL04,Text (5)
1402,R1402P4S01,DYCOL05,Text (1)
1402,R1402P4S01,DYCOL06,Text (2)
1402,R1402P4S01,DYCOL07,Text (1)
1402,R1402P4S01,DYCOL08,Text (10)
1402,R1402P4S01,DYCOL09,Text (11)
1402,R1402P4S01,DYCOL10,Text (11)
1402,R1402P4S01,DYCOL11,Text (11)
1402,R1402P4S01,DYCOL12,Text (11)
1402,R1402P4S01,DYCOL13,Text (11)
1402,R1402P4S01,DYCOL14,Text (15)
1402,R1402P4S01,DYCOL15,Text (15)
1402,R1402P4S02,Address,Text (11) NOT NULL
1402,R1402P4S02,DYCOL01,Text (2) NOT NULL
1402,R1402P4S02,DYCOL02,Text (1)
1402,R1402P4S02,DYCOL03,Text (4)
1402,R1402P4S02,DYCOL04,Text (5)
1402,R1402P4S02,DYCOL05,Text (1)
1402,R1402P4S02,DYCOL06,Text (1)
1402,R1402P4S02,DYCOL07,Text (2)
1402,R1402P4S02,DYCOL08,Text (1)
1402,R1402P4S02,DYCOL09,Text (14)
1402,R1402P4S02,DYCOL10,Text (14)
1402,R1402P4S02,DYCOL11,Text (14)
1402,R1402P4S02,DYCOL12,Text (14)
1402,R1402P4S02,DYCOL13,Text (14)
1402,R1402P4S02,DYCOL14,Text (14)
1402,R1402P4S02,DYCOL15,Text (14)
1402,R1402P4S03,Address,Text (11) NOT NULL
1402,R1402P4S03,DYCOL01,Text (2) NOT NULL
1402,R1402P4S03,DYCOL03,Text (10)
1402,R1402P4S03,DYCOL04,Text (10)
1402,R1402P4S03,DYCOL05,Text (10)
1402,R1402P4S03,DYCOL06,Text (10)
1402,R1402P4S03,DYCOL07,Text (10)
1402,R1402P4S03,DYCOL08,Text (10)
1402,R1402P4S04,Address,Text (11) NOT NULL
1402,R1402P4S04,Dycol01,Text (2)
1402,R1402P4S04,Dycol03,Text (2)
1402,R1402P4S04,Dycol04,Text (2)
1402,R1402P4S04,Dycol05,Text (10)
1402,U1402Data,Address,Memo/Hyperlink (255)
1402,U1402Data,Weight,Double
1402,U1402Data,NoeKhn,Memo/Hyperlink (255) NOT NULL
1402,U1402Data,Takmil,Memo/Hyperlink (255) NOT NULL
1402,U1402Data,TakmilDescA,Memo/Hyperlink (255) NOT NULL
1402,U1402Data,TakmilDescB,Memo/Hyperlink (255) NOT NULL
1402,U1402Data,TakmilDescC,Memo/Hyperlink (255) NOT NULL
1402,U1402Data,Jaygozin,Memo/Hyperlink (255) NOT NULL
1402,U1402Data,JaygozinDescA,Memo/Hyperlink (255) NOT NULL
1402,U1402Data,JaygozinDescB,Memo/Hyperlink (255) NOT NULL
1402,U1402Data,BlkAbdJaygozin,Memo/Hyperlink (255)
1402,U1402Data,RadifJaygozin,Memo/Hyperlink (255)
1402,U1402Data,Fasl,Text (50)
1402,U1402P1,Address,Text (11) NOT NULL
1402,U1402P1,DYCOL01,Text (2) NOT NULL
1402,U1402P1,DYCOL03,Text (1)
1402,U1402P1,DYCOL04,Text (1)
1402,U1402P1,DYCOL05,Text (2)
1402,U1402P1,DYCOL06,Text (1)
1402,U1402P1,DYCOL07,Text (1)
1402,U1402P1,DYCOL08,Text (2)
1402,U1402P1,DYCOL09,Text (1)
1402,U1402P1,DYCOL10,Text (1)
1402,U1402P2,Address,Text (50)
1402,U1402P2,DYCOL001,Text (50)
1402,U1402P2,DYCOL002,Text (50)
1402,U1402P2,DYCOL01,Text (50)
1402,U1402P2,DYCOL03,Text (50)
1402,U1402P2,DYCOL04,Text (50)
1402,U1402P2,DYCOL05,Text (50)
1402,U1402P2,DYCOL06,Text (50)
1402,U1402P2,DYCOL07,Text (50)
1402,U1402P2,DYCOL08,Text (50)
1402,U1402P2,DYCOL09,Text (50)
1402,U1402P2,DYCOL10,Text (50)
1402,U1402P2,DYCOL11,Text (50)
1402,U1402P2,DYCOL12,Text (50)
1402,U1402P2,DYCOL13,Text (50)
1402,U1402P2,DYCOL14,Text (50)
1402,U1402P2,DYCOL15,Text (50)
1402,U1402P2,DYCOL16,Text (50)
1402,U1402P2,DYCOL17,Text (50)
1402,U1402P2,DYCOL18,Text (50)
1402,U1402P2,DYCOL19,Text (50)
1402,U1402P2,DYCOL20,Text (50)
1402,U1402P2,DYCOL21,Text (50)
1402,U1402P2,DYCOL22,Text (50)
1402,U1402P2,DYCOL23,Text (50)
1402,U1402P2,DYCOL24,Text (50)
1402,U1402P2,DYCOL25,Text (50)
1402,U1402P2,DYCOL26,Text (50)
1402,U1402P2,DYCOL27,Text (50)
1402,U1402P2,DYCOL28,Text (50)
1402,U1402P2,DYCOL29,Text (50)
1402,U1402P2,DYCOL30,Text (50)
1402,U1402P2,DYCOL31,Text (50)
1402,U1402P2,DYCOL32,Text (50)
1402,U1402P2,DYCOL33,Text (50)
1402,U1402P2,DYCOL34,Text (50)
1402,U1402P2,DYCOL35,Text (50)
1402,U1402P2,DYCOL36,Text (50)
1402,U1402P2,DYCOL37,Text (50)
1402,U1402P2,DYCOL38,Text (50)
1402,U1402P2,DYCOL39,Text (50)
1402,U1402P2,DYCOL40,Text (50)
1402,U1402P2,DYCOL41,Text (50)
1402,U1402P2,DYCOL42,Text (50)
1402,U1402P2,DYCOL42_14,Text (50)
1402,U1402P2,DYCOL43,Text (50)
1402,U1402P2,DYCOL44,Text (50)
1402,U1402P2,DYCOL45,Text (50)
1402,U1402P3S01,Address,Text (11) NOT NULL
1402,U1402P3S01,DYCOL01,Text (6) NOT NULL
1402,U1402P3S01,DYCOL02,Text (1) NOT NULL
1402,U1402P3S01,DYCOL03,Text (3)
1402,U1402P3S01,DYCOL04,Text (5)
1402,U1402P3S01,DYCOL05,Text (10)
1402,U1402P3S01,DYCOL06,Text (10)
1402,U1402P3S02,Address,Text (11) NOT NULL
1402,U1402P3S02,DYCOL01,Text (6) NOT NULL
1402,U1402P3S02,DYCOL02,Text (1) NOT NULL
1402,U1402P3S02,DYCOL03,Text (3)
1402,U1402P3S02,DYCOL04,Text (5)
1402,U1402P3S02,DYCOL05,Text (10)
1402,U1402P3S02,DYCOL06,Text (10)
1402,U1402P3S03,Address,Text (11) NOT NULL
1402,U1402P3S03,DYCOL01,Text (6) NOT NULL
1402,U1402P3S03,DYCOL02,Text (1) NOT NULL
1402,U1402P3S03,DYCOL03,Text (10)
1402,U1402P3S04,Address,Text (11) NOT NULL
1402,U1402P3S04,DYCOL01,Text (6) NOT NULL
1402,U1402P3S04,DYCOL02,Text (11)
1402,U1402P3S04,DYCOL03,Text (1) NOT NULL
1402,U1402P3S04,DYCOL04,Text (11)
1402,U1402P3S05,Address,Text (11) NOT NULL
1402,U1402P3S05,DYCOL01,Text (6) NOT NULL
1402,U1402P3S05,DYCOL02,Text (1)
1402,U1402P3S05,DYCOL03,Text (11)
1402,U1402P3S06,Address,Text (11) NOT NULL
1402,U1402P3S06,DYCOL01,Text (6) NOT NULL
1402,U1402P3S06,DYCOL02,Text (1) NOT NULL
1402,U1402P3S06,DYCOL03,Text (11)
1402,U1402P3S07,Address,Text (11) NOT NULL
1402,U1402P3S07,DYCOL01,Text (6) NOT NULL
1402,U1402P3S07,DYCOL02,Text (1) NOT NULL
1402,U1402P3S07,DYCOL03,Text (11)
1402,U1402P3S08,Address,Text (11) NOT NULL
1402,U1402P3S08,DYCOL01,Text (6) NOT NULL
1402,U1402P3S08,DYCOL02,Text (1) NOT NULL
1402,U1402P3S08,DYCOL03,Text (11)
1402,U1402P3S09,Address,Text (11) NOT NULL
1402,U1402P3S09,DYCOL01,Text (6) NOT NULL
1402,U1402P3S09,DYCOL02,Text (1) NOT NULL
1402,U1402P3S09,DYCOL03,Text (11)
1402,U1402P3S10,Address,Text (11)
1402,U1402P3S10,DYCOL01,Text (6)
1402,U1402P3S10,DYCOL02,Text (1)
1402,U1402P3S10,DYCOL03,Text (10)
1402,U1402P3S11,Address,Text (11) NOT NULL
1402,U1402P3S11,DYCOL01,Text (6) NOT NULL
1402,U1402P3S11,DYCOL02,Text (1) NOT NULL
1402,U1402P3S11,DYCOL03,Text (11)
1402,U1402P3S12,Address,Text (11) NOT NULL
1402,U1402P3S12,DYCOL01,Text (6) NOT NULL
1402,U1402P3S12,DYCOL02,Text (1) NOT NULL
1402,U1402P3S12,DYCOL03,Text (10)
1402,U1402P3S13,Address,Text (11) NOT NULL
1402,U1402P3S13,DYCOL01,Text (6) NOT NULL
1402,U1402P3S13,DYCOL02,Text (50)
1402,U1402P3S13,DYCOL03,Memo/Hyperlink (255)
1402,U1402P3S13,DYCOL04,Text (1)
1402,U1402P3S13,DYCOL05,Text (15)
1402,U1402P3S13,DYCOL06,Text (15)
1402,U1402P3S14,Address,Text (11) NOT NULL
1402,U1402P3S14,DYCOL01,Text (6) NOT NULL
1402,U1402P3S14,DYCOL02,Text (1)
1402,U1402P3S14,DYCOL03,Text (12)
1402,U1402P3S14,DYCOL04,Text (12)
1402,U1402P4S01,Address,Text (11) NOT NULL
1402,U1402P4S01,DYCOL01,Text (2) NOT NULL
1402,U1402P4S01,DYCOL02,Text (1)
1402,U1402P4S01,DYCOL03,Text (4)
1402,U1402P4S01,DYCOL04,Text (5)
1402,U1402P4S01,DYCOL05,Text (1)
1402,U1402P4S01,DYCOL06,Text (2)
1402,U1402P4S01,DYCOL07,Text (1)
1402,U1402P4S01,DYCOL08,Text (10)
1402,U1402P4S01,DYCOL09,Text (11)
1402,U1402P4S01,DYCOL10,Text (11)
1402,U1402P4S01,DYCOL11,Text (11)
1402,U1402P4S01,DYCOL12,Text (11)
1402,U1402P4S01,DYCOL13,Text (11)
1402,U1402P4S01,DYCOL14,Text (15)
1402,U1402P4S01,DYCOL15,Text (15)
1402,U1402P4S02,Address,Text (11) NOT NULL
1402,U1402P4S02,DYCOL01,Text (2) NOT NULL
1402,U1402P4S02,DYCOL02,Text (1)
1402,U1402P4S02,DYCOL03,Text (4)
1402,U1402P4S02,DYCOL04,Text (5)
1402,U1402P4S02,DYCOL05,Text (1)
1402,U1402P4S02,DYCOL06,Text (1)
1402,U1402P4S02,DYCOL07,Text (2)
1402,U1402P4S02,DYCOL08,Text (1)
1402,U1402P4S02,DYCOL09,Text (14)
1402,U1402P4S02,DYCOL10,Text (14)
1402,U1402P4S02,DYCOL11,Text (14)
1402,U1402P4S02,DYCOL12,Text (14)
1402,U1402P4S02,DYCOL13,Text (14)
1402,U1402P4S02,DYCOL14,Text (14)
1402,U1402P4S02,DYCOL15,Text (14)
1402,U1402P4S03,Address,Text (11) NOT NULL
1402,U1402P4S03,DYCOL01,Text (2) NOT NULL
1402,U1402P4S03,DYCOL03,Text (10)
1402,U1402P4S03,DYCOL04,Text (10)
1402,U1402P4S03,DYCOL05,Text (10)
1402,U1402P4S03,DYCOL06,Text (10)
1402,U1402P4S03,DYCOL07,Text (10)
1402,U1402P4S03,DYCOL08,Text (10)
1402,U1402P4S04,Address,Text (11) NOT NULL
1402,U1402P4S04,Dycol01,Text (2)
1402,U1402P4S04,Dycol03,Text (2)
1402,U1402P4S04,Dycol04,Text (2)
1402,U1402P4S04,Dycol05,Text (10)
1403,R1403Data,Address,Text (50)
1403,R1403Data,NoeKhn,Text (50) NOT NULL
1403,R1403Data,Takmil,Text (50) NOT NULL
1403,R1403Data,TakmilDescA,Text (50) NOT NULL
1403,R1403Data,TakmilDescB,Text (50) NOT NULL
1403,R1403Data,TakmilDescC,Text (50) NOT NULL
1403,R1403Data,Jaygozin,Text (50) NOT NULL
1403,R1403Data,JaygozinDescA,Text (50) NOT NULL
1403,R1403Data,JaygozinDescB,Text (50) NOT NULL
1403,R1403Data,BlkAbdJaygozin,Text (50)
1403,R1403Data,RadifJaygozin,Text (50)
1403,R1403Data,Fasl,Text (255)
1403,R1403Data,weight,Long Integer
1403,R1403P1,Address,Text (11) NOT NULL
1403,R1403P1,DYCOL01,Text (2) NOT NULL
1403,R1403P1,DYCOL03,Text (1)
1403,R1403P1,DYCOL04,Text (1)
1403,R1403P1,DYCOL05,Text (2)
1403,R1403P1,DYCOL06,Text (1)
1403,R1403P1,DYCOL07,Text (1)
1403,R1403P1,DYCOL08,Text (2)
1403,R1403P1,DYCOL09,Text (1)
1403,R1403P1,DYCOL10,Text (1)
1403,R1403P2,Address,Text (50)
1403,R1403P2,DYCOL001,Text (50)
1403,R1403P2,DYCOL002,Text (50)
1403,R1403P2,DYCOL01,Text (50)
1403,R1403P2,DYCOL03,Text (50)
1403,R1403P2,DYCOL04,Text (50)
1403,R1403P2,DYCOL05,Text (50)
1403,R1403P2,DYCOL06,Text (50)
1403,R1403P2,DYCOL07,Text (50)
1403,R1403P2,DYCOL08,Text (50)
1403,R1403P2,DYCOL09,Text (50)
1403,R1403P2,DYCOL10,Text (50)
1403,R1403P2,DYCOL11,Text (50)
1403,R1403P2,DYCOL12,Text (50)
1403,R1403P2,DYCOL13,Text (50)
1403,R1403P2,DYCOL14,Text (50)
1403,R1403P2,DYCOL15,Text (50)
1403,R1403P2,DYCOL16,Text (50)
1403,R1403P2,DYCOL17,Text (50)
1403,R1403P2,DYCOL18,Text (50)
1403,R1403P2,DYCOL19,Text (50)
1403,R1403P2,DYCOL20,Text (50)
1403,R1403P2,DYCOL21,Text (50)
1403,R1403P2,DYCOL22,Text (50)
1403,R1403P2,DYCOL23,Text (50)
1403,R1403P2,DYCOL24,Text (50)
1403,R1403P2,DYCOL25,Text (50)
1403,R1403P2,DYCOL26,Text (50)
1403,R1403P2,DYCOL27,Text (50)
1403,R1403P2,DYCOL28,Text (50)
1403,R1403P2,DYCOL29,Text (50)
1403,R1403P2,DYCOL30,Text (50)
1403,R1403P2,DYCOL31,Text (50)
1403,R1403P2,DYCOL32,Text (50)
1403,R1403P2,DYCOL33,Text (50)
1403,R1403P2,DYCOL34,Text (50)
1403,R1403P2,DYCOL35,Text (50)
1403,R1403P2,DYCOL36,Text (50)
1403,R1403P2,DYCOL37,Text (50)
1403,R1403P2,DYCOL38,Text (50)
1403,R1403P2,DYCOL39,Text (50)
1403,R1403P2,DYCOL40,Text (50)
1403,R1403P2,DYCOL41,Text (50)
1403,R1403P2,DYCOL42,Text (50)
1403,R1403P2,DYCOL42_14,Text (50)
1403,R1403P2,DYCOL43,Text (50)
1403,R1403P2,DYCOL44,Text (50)
1403,R1403P2,DYCOL45,Text (50)
1403,R1403P3S01,Address,Text (11) NOT NULL
1403,R1403P3S01,DYCOL01,Text (6) NOT NULL
1403,R1403P3S01,DYCOL02,Text (1) NOT NULL
1403,R1403P3S01,DYCOL03,Text (3)
1403,R1403P3S01,DYCOL04,Text (5)
1403,R1403P3S01,DYCOL05,Text (10)
1403,R1403P3S01,DYCOL06,Text (10)
1403,R1403P3S02,Address,Text (11) NOT NULL
1403,R1403P3S02,DYCOL01,Text (6) NOT NULL
1403,R1403P3S02,DYCOL02,Text (1) NOT NULL
1403,R1403P3S02,DYCOL03,Text (3)
1403,R1403P3S02,DYCOL04,Text (5)
1403,R1403P3S02,DYCOL05,Text (10)
1403,R1403P3S02,DYCOL06,Text (10)
1403,R1403P3S03,Address,Text (11) NOT NULL
1403,R1403P3S03,DYCOL01,Text (6) NOT NULL
1403,R1403P3S03,DYCOL02,Text (1) NOT NULL
1403,R1403P3S03,DYCOL03,Text (10)
1403,R1403P3S04,Address,Text (11) NOT NULL
1403,R1403P3S04,DYCOL01,Text (6) NOT NULL
1403,R1403P3S04,DYCOL02,Text (11)
1403,R1403P3S04,DYCOL03,Text (1) NOT NULL
1403,R1403P3S04,DYCOL04,Text (11)
1403,R1403P3S05,Address,Text (11) NOT NULL
1403,R1403P3S05,DYCOL01,Text (6) NOT NULL
1403,R1403P3S05,DYCOL02,Text (1)
1403,R1403P3S05,DYCOL03,Text (11)
1403,R1403P3S06,Address,Text (11) NOT NULL
1403,R1403P3S06,DYCOL01,Text (6) NOT NULL
1403,R1403P3S06,DYCOL02,Text (1) NOT NULL
1403,R1403P3S06,DYCOL03,Text (11)
1403,R1403P3S07,Address,Text (11) NOT NULL
1403,R1403P3S07,DYCOL01,Text (6) NOT NULL
1403,R1403P3S07,DYCOL02,Text (1) NOT NULL
1403,R1403P3S07,DYCOL03,Text (11)
1403,R1403P3S08,Address,Text (11) NOT NULL
1403,R1403P3S08,DYCOL01,Text (6) NOT NULL
1403,R1403P3S08,DYCOL02,Text (1) NOT NULL
1403,R1403P3S08,DYCOL03,Text (11)
1403,R1403P3S09,Address,Text (11) NOT NULL
1403,R1403P3S09,DYCOL01,Text (6) NOT NULL
1403,R1403P3S09,DYCOL02,Text (1) NOT NULL
1403,R1403P3S09,DYCOL03,Text (11)
1403,R1403P3S10,Address,Text (11)
1403,R1403P3S10,DYCOL01,Text (6)
1403,R1403P3S10,DYCOL02,Text (1)
1403,R1403P3S10,DYCOL03,Text (10)
1403,R1403P3S11,Address,Text (11) NOT NULL
1403,R1403P3S11,DYCOL01,Text (6) NOT NULL
1403,R1403P3S11,DYCOL02,Text (1) NOT NULL
1403,R1403P3S11,DYCOL03,Text (11)
1403,R1403P3S12,Address,Text (11) NOT NULL
1403,R1403P3S12,DYCOL01,Text (6) NOT NULL
1403,R1403P3S12,DYCOL02,Text (1) NOT NULL
1403,R1403P3S12,DYCOL03,Text (10)
1403,R1403P3S13,Address,Text (11) NOT NULL
1403,R1403P3S13,DYCOL01,Text (6) NOT NULL
1403,R1403P3S13,DYCOL02,Text (50)
1403,R1403P3S13,DYCOL03,Text (250)
1403,R1403P3S13,DYCOL04,Text (1)
1403,R1403P3S13,DYCOL05,Text (15)
1403,R1403P3S13,DYCOL06,Text (15)
1403,R1403P3S14,Address,Text (11) NOT NULL
1403,R1403P3S14,DYCOL01,Text (6) NOT NULL
1403,R1403P3S14,DYCOL02,Text (1)
1403,R1403P3S14,DYCOL03,Text (12)
1403,R1403P3S14,DYCOL04,Text (12)
1403,R1403P4S01,Address,Text (11) NOT NULL
1403,R1403P4S01,DYCOL01,Text (2) NOT NULL
1403,R1403P4S01,DYCOL02,Text (1)
1403,R1403P4S01,DYCOL03,Text (4)
1403,R1403P4S01,DYCOL04,Text (5)
1403,R1403P4S01,DYCOL05,Text (1)
1403,R1403P4S01,DYCOL06,Text (2)
1403,R1403P4S01,DYCOL07,Text (1)
1403,R1403P4S01,DYCOL08,Text (10)
1403,R1403P4S01,DYCOL09,Text (11)
1403,R1403P4S01,DYCOL10,Text (11)
1403,R1403P4S01,DYCOL11,Text (11)
1403,R1403P4S01,DYCOL12,Text (11)
1403,R1403P4S01,DYCOL13,Text (11)
1403,R1403P4S01,DYCOL14,Text (15)
1403,R1403P4S01,DYCOL15,Text (15)
1403,R1403P4S02,Address,Text (11) NOT NULL
1403,R1403P4S02,DYCOL01,Text (2) NOT NULL
1403,R1403P4S02,DYCOL02,Text (1)
1403,R1403P4S02,DYCOL03,Text (4)
1403,R1403P4S02,DYCOL04,Text (5)
1403,R1403P4S02,DYCOL05,Text (1)
1403,R1403P4S02,DYCOL06,Text (1)
1403,R1403P4S02,DYCOL07,Text (2)
1403,R1403P4S02,DYCOL08,Text (1)
1403,R1403P4S02,DYCOL09,Text (14)
1403,R1403P4S02,DYCOL10,Text (14)
1403,R1403P4S02,DYCOL11,Text (14)
1403,R1403P4S02,DYCOL12,Text (14)
1403,R1403P4S02,DYCOL13,Text (14)
1403,R1403P4S02,DYCOL14,Text (14)
1403,R1403P4S02,DYCOL15,Text (14)
1403,R1403P4S03,Address,Text (11) NOT NULL
1403,R1403P4S03,DYCOL01,Text (2) NOT NULL
1403,R1403P4S03,DYCOL03,Text (10)
1403,R1403P4S03,DYCOL04,Text (10)
1403,R1403P4S03,DYCOL05,Text (10)
1403,R1403P4S03,DYCOL06,Text (10)
1403,R1403P4S03,DYCOL07,Text (10)
1403,R1403P4S03,DYCOL08,Text (50)
1403,R1403P4S04,Address,Text (11) NOT NULL
1403,R1403P4S04,DycolVam,Text (1)
1403,R1403P4S04,Dycol01,Text (2)
1403,R1403P4S04,Dycol03,Text (2)
1403,R1403P4S04,Dycol04,Text (2)
1403,R1403P4S04,Dycol05,Text (10)
1403,U1403Data,Address,Text (50)
1403,U1403Data,NoeKhn,Text (50) NOT NULL
1403,U1403Data,Takmil,Text (50) NOT NULL
1403,U1403Data,TakmilDescA,Text (50) NOT NULL
1403,U1403Data,TakmilDescB,Text (50) NOT NULL
1403,U1403Data,TakmilDescC,Text (50) NOT NULL
1403,U1403Data,Jaygozin,Text (50) NOT NULL
1403,U1403Data,JaygozinDescA,Text (50) NOT NULL
1403,U1403Data,JaygozinDescB,Text (50) NOT NULL
1403,U1403Data,BlkAbdJaygozin,Text (50)
1403,U1403Data,RadifJaygozin,Text (50)
1403,U1403Data,Fasl,Text (255)
1403,U1403Data,weight,Long Integer
1403,U1403P1,Address,Text (11) NOT NULL
1403,U1403P1,DYCOL01,Text (2) NOT NULL
1403,U1403P1,DYCOL03,Text (1)
1403,U1403P1,DYCOL04,Text (1)
1403,U1403P1,DYCOL05,Text (2)
1403,U1403P1,DYCOL06,Text (1)
1403,U1403P1,DYCOL07,Text (1)
1403,U1403P1,DYCOL08,Text (2)
1403,U1403P1,DYCOL09,Text (1)
1403,U1403P1,DYCOL10,Text (1)
1403,U1403P2,Address,Text (50)
1403,U1403P2,DYCOL001,Text (50)
1403,U1403P2,DYCOL002,Text (50)
1403,U1403P2,DYCOL01,Text (50)
1403,U1403P2,DYCOL03,Text (50)
1403,U1403P2,DYCOL04,Text (50)
1403,U1403P2,DYCOL05,Text (50)
1403,U1403P2,DYCOL06,Text (50)
1403,U1403P2,DYCOL07,Text (50)
1403,U1403P2,DYCOL08,Text (50)
1403,U1403P2,DYCOL09,Text (50)
1403,U1403P2,DYCOL10,Text (50)
1403,U1403P2,DYCOL11,Text (50)
1403,U1403P2,DYCOL12,Text (50)
1403,U1403P2,DYCOL13,Text (50)
1403,U1403P2,DYCOL14,Text (50)
1403,U1403P2,DYCOL15,Text (50)
1403,U1403P2,DYCOL16,Text (50)
1403,U1403P2,DYCOL17,Text (50)
1403,U1403P2,DYCOL18,Text (50)
1403,U1403P2,DYCOL19,Text (50)
1403,U1403P2,DYCOL20,Text (50)
1403,U1403P2,DYCOL21,Text (50)
1403,U1403P2,DYCOL22,Text (50)
1403,U1403P2,DYCOL23,Text (50)
1403,U1403P2,DYCOL24,Text (50)
1403,U1403P2,DYCOL25,Text (50)
1403,U1403P2,DYCOL26,Text (50)
1403,U1403P2,DYCOL27,Text (50)
1403,U1403P2,DYCOL28,Text (50)
1403,U1403P2,DYCOL29,Text (50)
1403,U1403P2,DYCOL30,Text (50)
1403,U1403P2,DYCOL31,Text (50)
1403,U1403P2,DYCOL32,Text (50)
1403,U1403P2,DYCOL33,Text (50)
1403,U1403P2,DYCOL34,Text (50)
1403,U1403P2,DYCOL35,Text (50)
1403,U1403P2,DYCOL36,Text (50)
1403,U1403P2,DYCOL37,Text (50)
1403,U1403P2,DYCOL38,Text (50)
1403,U1403P2,DYCOL39,Text (50)
1403,U1403P2,DYCOL40,Text (50)
1403,U1403P2,DYCOL41,Text (50)
1403,U1403P2,DYCOL42,Text (50)
1403,U1403P2,DYCOL42_14,Text (50)
1403,U1403P2,DYCOL43,Text (50)
1403,U1403P2,DYCOL44,Text (50)
1403,U1403P2,DYCOL45,Text (50)
1403,U1403P3S01,Address,Text (11) NOT NULL
1403,U1403P3S01,DYCOL01,Text (6) NOT NULL
1403,U1403P3S01,DYCOL02,Text (1) NOT NULL
1403,U1403P3S01,DYCOL03,Text (3)
1403,U1403P3S01,DYCOL04,Text (5)
1403,U1403P3S01,DYCOL05,Text (10)
1403,U1403P3S01,DYCOL06,Text (10)
1403,U1403P3S02,Address,Text (11) NOT NULL
1403,U1403P3S02,DYCOL01,Text (6) NOT NULL
1403,U1403P3S02,DYCOL02,Text (1) NOT NULL
1403,U1403P3S02,DYCOL03,Text (3)
1403,U1403P3S02,DYCOL04,Text (5)
1403,U1403P3S02,DYCOL05,Text (10)
1403,U1403P3S02,DYCOL06,Text (10)
1403,U1403P3S03,Address,Text (11) NOT NULL
1403,U1403P3S03,DYCOL01,Text (6) NOT NULL
1403,U1403P3S03,DYCOL02,Text (1) NOT NULL
1403,U1403P3S03,DYCOL03,Text (10)
1403,U1403P3S04,Address,Text (11) NOT NULL
1403,U1403P3S04,DYCOL01,Text (6) NOT NULL
1403,U1403P3S04,DYCOL02,Text (11)
1403,U1403P3S04,DYCOL03,Text (1) NOT NULL
1403,U1403P3S04,DYCOL04,Text (11)
1403,U1403P3S05,Address,Text (11) NOT NULL
1403,U1403P3S05,DYCOL01,Text (6) NOT NULL
1403,U1403P3S05,DYCOL02,Text (1)
1403,U1403P3S05,DYCOL03,Text (11)
1403,U1403P3S06,Address,Text (11) NOT NULL
1403,U1403P3S06,DYCOL01,Text (6) NOT NULL
1403,U1403P3S06,DYCOL02,Text (1) NOT NULL
1403,U1403P3S06,DYCOL03,Text (11)
1403,U1403P3S07,Address,Text (11) NOT NULL
1403,U1403P3S07,DYCOL01,Text (6) NOT NULL
1403,U1403P3S07,DYCOL02,Text (1) NOT NULL
1403,U1403P3S07,DYCOL03,Text (11)
1403,U1403P3S08,Address,Text (11) NOT NULL
1403,U1403P3S08,DYCOL01,Text (6) NOT NULL
1403,U1403P3S08,DYCOL02,Text (1) NOT NULL
1403,U1403P3S08,DYCOL03,Text (11)
1403,U1403P3S09,Address,Text (11) NOT NULL
1403,U1403P3S09,DYCOL01,Text (6) NOT NULL
1403,U1403P3S09,DYCOL02,Text (1) NOT NULL
1403,U1403P3S09,DYCOL03,Text (11)
1403,U1403P3S10,Address,Text (11)
1403,U1403P3S10,DYCOL01,Text (6)
1403,U1403P3S10,DYCOL02,Text (1)
1403,U1403P3S10,DYCOL03,Text (10)
1403,U1403P3S11,Address,Text (11) NOT NULL
1403,U1403P3S11,DYCOL01,Text (6) NOT NULL
1403,U1403P3S11,DYCOL02,Text (1) NOT NULL
1403,U1403P3S11,DYCOL03,Text (11)
1403,U1403P3S12,Address,Text (11) NOT NULL
1403,U1403P3S12,DYCOL01,Text (6) NOT NULL
1403,U1403P3S12,DYCOL02,Text (1) NOT NULL
1403,U1403P3S12,DYCOL03,Text (10)
1403,U1403P3S13,Address,Text (11) NOT NULL
1403,U1403P3S13,DYCOL01,Text (6) NOT NULL
1403,U1403P3S13,DYCOL02,Text (50)
1403,U1403P3S13,DYCOL03,Text (250)
1403,U1403P3S13,DYCOL04,Text (1)
1403,U1403P3S13,DYCOL05,Text (15)
1403,U1403P3S13,DYCOL06,Text (15)
1403,U1403P3S14,Address,Text (11) NOT NULL
1403,U1403P3S14,DYCOL01,Text (6) NOT NULL
1403,U1403P3S14,DYCOL02,Text (1)
1403,U1403P3S14,DYCOL03,Text (12)
1403,U1403P3S14,DYCOL04,Text (12)
1403,U1403P4S01,Address,Text (11) NOT NULL
1403,U1403P4S01,DYCOL01,Text (2) NOT NULL
1403,U1403P4S01,DYCOL02,Text (1)
1403,U1403P4S01,DYCOL03,Text (4)
1403,U1403P4S01,DYCOL04,Text (5)
1403,U1403P4S01,DYCOL05,Text (1)
1403,U1403P4S01,DYCOL06,Text (2)
1403,U1403P4S01,DYCOL07,Text (1)
1403,U1403P4S01,DYCOL08,Text (10)
1403,U1403P4S01,DYCOL09,Text (11)
1403,U1403P4S01,DYCOL10,Text (11)
1403,U1403P4S01,DYCOL11,Text (11)
1403,U1403P4S01,DYCOL12,Text (11)
1403,U1403P4S01,DYCOL13,Text (11)
1403,U1403P4S01,DYCOL14,Text (15)
1403,U1403P4S01,DYCOL15,Text (15)
1403,U1403P4S02,Address,Text (11) NOT NULL
1403,U1403P4S02,DYCOL01,Text (2) NOT NULL
1403,U1403P4S02,DYCOL02,Text (1)
1403,U1403P4S02,DYCOL03,Text (4)
1403,U1403P4S02,DYCOL04,Text (5)
1403,U1403P4S02,DYCOL05,Text (1)
1403,U1403P4S02,DYCOL06,Text (1)
1403,U1403P4S02,DYCOL07,Text (2)
1403,U1403P4S02,DYCOL08,Text (1)
1403,U1403P4S02,DYCOL09,Text (14)
1403,U1403P4S02,DYCOL10,Text (14)
1403,U1403P4S02,DYCOL11,Text (14)
1403,U1403P4S02,DYCOL12,Text (14)
1403,U1403P4S02,DYCOL13,Text (14)
1403,U1403P4S02,DYCOL14,Text (14)
1403,U1403P4S02,DYCOL15,Text (14)
1403,U1403P4S03,Address,Text (11) NOT NULL
1403,U1403P4S03,DYCOL01,Text (2) NOT NULL
1403,U1403P4S03,DYCOL03,Text (10)
1403,U1403P4S03,DYCOL04,Text (10)
1403,U1403P4S03,DYCOL05,Text (10)
1403,U1403P4S03,DYCOL06,Text (10)
1403,U1403P4S03,DYCOL07,Text (10)
1403,U1403P4S03,DYCOL08,Text (50)
1403,U1403P4S04,Address,Text (11) NOT NULL
1403,U1403P4S04,DycolVam,Text (1)
1403,U1403P4S04,Dycol01,Text (2)
1403,U1403P4S04,Dycol03,Text (2)
1403,U1403P4S04,Dycol04,Text (2)
1403,U1403P4S04,Dycol05,Text (10)
