commodity_code,commodity_name,years_observed,first_year,last_year,HBSIR_category,name_changed_across_years,category_changed_across_years,unit_information,unit_source_values,amount_source_values,price_source_values,notes
11111,غلات,1392;1393;1394;1395;1396;1397;1398;1399;1400;1401;1402;1403,1392,1403,HBSIR_Category_Level_1: مواد خوراکی و نوشیدنی\u200cهای غیر الکلی | HBSIR_Category_Level_2: مواد خوراکی | HBSIR_Category_Level_3: غلات، نان، آرد، رشته و فرآورده\u200cهای آن,0,0,HBSIR amount is based on Kilos + Grams/1000 (kg-equivalent); HBSIR Amount may use Expenditure/Price fallback. Price_Raw is the cleaned-source survey unit-price field.,HBSIR Kilos/Grams fields to kg-equivalent,HBSIR_Expenditure_divided_by_Price | HBSIR_Kilos_Grams,survey_price_field_in_HBSIR_cleaned_table; raw_access_not_decoded,Names/categories retained as observed. No commodity grouping or price index applied.
11112,غلات,1392;1393;1394;1395;1396;1397;1398;1399;1400;1401;1402;1403,1392,1403,HBSIR_Category_Level_1: مواد خوراکی و نوشیدنی\u200cهای غیر الکلی | HBSIR_Category_Level_2: مواد خوراکی | HBSIR_Category_Level_3: غلات، نان، آرد، رشته و فرآورده\u200cهای آن,0,0,HBSIR amount is based on Kilos + Grams/1000 (kg-equivalent); HBSIR Amount may use Expenditure/Price fallback. Price_Raw is the cleaned-source survey unit-price field.,HBSIR Kilos/Grams fields to kg-equivalent,HBSIR_Expenditure_divided_by_Price | HBSIR_Kilos_Grams,survey_price_field_in_HBSIR_cleaned_table; raw_access_not_decoded,Names/categories retained as observed. No commodity grouping or price index applied.
11113,غلات,1392;1393;1394;1395;1396;1397;1398;1399;1400;1401;1402;1403,1392,1403,HBSIR_Category_Level_1: مواد خوراکی و نوشیدنی\u200cهای غیر الکلی | HBSIR_Category_Level_2: مواد خوراکی | HBSIR_Category_Level_3: غلات، نان، آرد، رشته و فرآورده\u200cهای آن,0,0,HBSIR amount is based on Kilos + Grams/1000 (kg-equivalent); HBSIR Amount may use Expenditure/Price fallback. Price_Raw is the cleaned-source survey unit-price field.,HBSIR Kilos/Grams fields to kg-equivalent,HBSIR_Expenditure_divided_by_Price | HBSIR_Kilos_Grams,survey_price_field_in_HBSIR_cleaned_table; raw_access_not_decoded,Names/categories retained as observed. No commodity grouping or price index applied.
11114,غلات,1392;1393;1394;1395;1396;1397;1398;1399;1400;1401;1402;1403,1392,1403,HBSIR_Category_Level_1: مواد خوراکی و نوشیدنی\u200cهای غیر الکلی | HBSIR_Category_Level_2: مواد خوراکی | HBSIR_Category_Level_3: غلات، نان، آرد، رشته و فرآورده\u200cهای آن,0,0,HBSIR amount is based on Kilos + Grams/1000 (kg-equivalent); HBSIR Amount may use Expenditure/Price fallback. Price_Raw is the cleaned-source survey unit-price field.,HBSIR Kilos/Grams fields to kg-equivalent,HBSIR_Kilos_Grams,survey_price_field_in_HBSIR_cleaned_table; raw_access_not_decoded,Names/categories retained as observed. No commodity grouping or price index applied.
11115,غلات,1392;1393;1394;1395;1396;1397;1398;1399;1400;1401;1402;1403,1392,1403,HBSIR_Category_Level_1: مواد خوراکی و نوشیدنی\u200cهای غیر الکلی | HBSIR_Category_Level_2: مواد خوراکی | HBSIR_Category_Level_3: غلات، نان، آرد، رشته و فرآورده\u200cهای آن,0,0,HBSIR amount is based on Kilos + Grams/1000 (kg-equivalent); HBSIR Amount may use Expenditure/Price fallback. Price_Raw is the cleaned-source survey unit-price field.,HBSIR Kilos/Grams fields to kg-equivalent,HBSIR_Expenditure_divided_by_Price | HBSIR_Kilos_Grams,survey_price_field_in_HBSIR_cleaned_table; raw_access_not_decoded,Names/categories retained as observed. No commodity grouping or price index applied.
11116,غلات,1392;1393;1394;1395;1396;1397;1398;1399;1400;1401;1402;1403,1392,1403,HBSIR_Category_Level_1: مواد خوراکی و نوشیدنی\u200cهای غیر الکلی | HBSIR_Category_Level_2: مواد خوراکی | HBSIR_Category_Level_3: غلات، نان، آرد، رشته و فرآورده\u200cهای آن,0,0,HBSIR amount is based on Kilos + Grams/1000 (kg-equivalent); HBSIR Amount may use Expenditure/Price fallback. Price_Raw is the cleaned-source survey unit-price field.,HBSIR Kilos/Grams fields to kg-equivalent,HBSIR_Expenditure_divided_by_Price | HBSIR_Kilos_Grams,survey_price_field_in_HBSIR_cleaned_table; raw_access_not_decoded,Names/categories retained as observed. No commodity grouping or price index applied.
11117,غلات,1392;1393;1394;1395;1396;1397;1398;1399;1400;1401;1402;1403,1392,1403,HBSIR_Category_Level_1: مواد خوراکی و نوشیدنی\u200cهای غیر الکلی | HBSIR_Category_Level_2: مواد خوراکی | HBSIR_Category_Level_3: غلات، نان، آرد، رشته و فرآورده\u200cهای آن,0,0,HBSIR amount is based on Kilos + Grams/1000 (kg-equivalent); HBSIR Amount may use Expenditure/Price fallback. Price_Raw is the cleaned-source survey unit-price field.,HBSIR Kilos/Grams fields to kg-equivalent,HBSIR_Expenditure_divided_by_Price | HBSIR_Kilos_Grams,survey_price_field_in_HBSIR_cleaned_table; raw_access_not_decoded,Names/categories retained as observed. No commodity grouping or price index applied.
11118,غلات,1392;1393;1394;1395;1396;1397;1398;1399;1400;1401;1402;1403,1392,1403,HBSIR_Category_Level_1: مواد خوراکی و نوشیدنی\u200cهای غیر الکلی | HBSIR_Category_Level_2: مواد خوراکی | HBSIR_Category_Level_3: غلات، نان، آرد، رشته و فرآورده\u200cهای آن,0,0,HBSIR amount is based on Kilos + Grams/1000 (kg-equivalent); HBSIR Amount may use Expenditure/Price fallback. Price_Raw is the cleaned-source survey unit-price field.,HBSIR Kilos/Grams fields to kg-equivalent,HBSIR_Expenditure_divided_by_Price | HBSIR_Kilos_Grams,survey_price_field_in_HBSIR_cleaned_table; raw_access_not_decoded,Names/categories retained as observed. No commodity grouping or price index applied.
11121,غلات,1392;1393;1394;1395;1396;1397;1398;1399;1400;1401;1402;1403,1392,1403,HBSIR_Category_Level_1: مواد خوراکی و نوشیدنی\u200cهای غیر الکلی | HBSIR_Category_Level_2: مواد خوراکی | HBSIR_Category_Level_3: غلات، نان، آرد، رشته و فرآورده\u200cهای آن,0,0,HBSIR amount is based on Kilos + Grams/1000 (kg-equivalent); HBSIR Amount may use Expenditure/Price fallback. Price_Raw is the cleaned-source survey unit-price field.,HBSIR Kilos/Grams fields to kg-equivalent,HBSIR_Kilos_Grams,survey_price_field_in_HBSIR_cleaned_table; raw_access_not_decoded,Names/categories retained as observed. No commodity grouping or price index applied.
11122,غلات,1392;1393;1394;1395;1396;1397;1398;1399;1400;1401;1402;1403,1392,1403,HBSIR_Category_Level_1: مواد خوراکی و نوشیدنی\u200cهای غیر الکلی | HBSIR_Category_Level_2: مواد خوراکی | HBSIR_Category_Level_3: غلات، نان، آرد، رشته و فرآورده\u200cهای آن,0,0,HBSIR amount is based on Kilos + Grams/1000 (kg-equivalent); HBSIR Amount may use Expenditure/Price fallback. Price_Raw is the cleaned-source survey unit-price field.,HBSIR Kilos/Grams fields to kg-equivalent,HBSIR_Kilos_Grams,survey_price_field_in_HBSIR_cleaned_table; raw_access_not_decoded,Names/categories retained as observed. No commodity grouping or price index applied.
11123,غلات,1392;1393;1394;1395;1396;1397;1398;1399;1400;1401;1402;1403,1392,1403,HBSIR_Category_Level_1: مواد خوراکی و نوشیدنی\u200cهای غیر الکلی | HBSIR_Category_Level_2: مواد خوراکی | HBSIR_Category_Level_3: غلات، نان، آرد، رشته و فرآورده\u200cهای آن,0,0,HBSIR amount is based on Kilos + Grams/1000 (kg-equivalent); HBSIR Amount may use Expenditure/Price fallback. Price_Raw is the cleaned-source survey unit-price field.,HBSIR Kilos/Grams fields to kg-equivalent,HBSIR_Kilos_Grams,survey_price_field_in_HBSIR_cleaned_table; raw_access_not_decoded,Names/categories retained as observed. No commodity grouping or price index applied.
11124,غلات,1392;1393;1394;1395;1396;1397;1398;1399;1400;1401;1402;1403,1392,1403,HBSIR_Category_Level_1: مواد خوراکی و نوشیدنی\u200cهای غیر الکلی | HBSIR_Category_Level_2: مواد خوراکی | HBSIR_Category_Level_3: غلات، نان، آرد، رشته و فرآورده\u200cهای آن,0,0,HBSIR amount is based on Kilos + Grams/1000 (kg-equivalent); HBSIR Amount may use Expenditure/Price fallback. Price_Raw is the cleaned-source survey unit-price field.,HBSIR Kilos/Grams fields to kg-equivalent,HBSIR_Kilos_Grams,survey_price_field_in_HBSIR_cleaned_table; raw_access_not_decoded,Names/categories retained as observed. No commodity grouping or price index applied.
11125,غلات,1392;1393;1394;1395;1396;1397;1398;1399;1400;1401;1402;1403,1392,1403,HBSIR_Category_Level_1: مواد خوراکی و نوشیدنی\u200cهای غیر الکلی | HBSIR_Category_Level_2: مواد خوراکی | HBSIR_Category_Level_3: غلات، نان، آرد، رشته و فرآورده\u200cهای آن,0,0,HBSIR amount is based on Kilos + Grams/1000 (kg-equivalent); HBSIR Amount may use Expenditure/Price fallback. Price_Raw is the cleaned-source survey unit-price field.,HBSIR Kilos/Grams fields to kg-equivalent,HBSIR_Kilos_Grams,survey_price_field_in_HBSIR_cleaned_table; raw_access_not_decoded,Names/categories retained as observed. No commodity grouping or price index applied.
11141,انواع نان,1392;1393;1394;1395;1396;1397;1398;1399;1400;1401;1402;1403,1392,1403,HBSIR_Category_Level_1: مواد خوراکی و نوشیدنی\u200cهای غیر الکلی | HBSIR_Category_Level_2: مواد خوراکی | HBSIR_Category_Level_3: غلات، نان، آرد، رشته و فرآورده\u200cهای آن,0,0,HBSIR amount is based on Kilos + Grams/1000 (kg-equivalent); HBSIR Amount may use Expenditure/Price fallback. Price_Raw is the cleaned-source survey unit-price field.,HBSIR Kilos/Grams fields to kg-equivalent,HBSIR_Kilos_Grams,survey_price_field_in_HBSIR_cleaned_table; raw_access_not_decoded,Names/categories retained as observed. No commodity grouping or price index applied.
11142,انواع نان,1392;1393;1394;1395;1396;1397;1398;1399;1400;1401;1402;1403,1392,1403,HBSIR_Category_Level_1: مواد خوراکی و نوشیدنی\u200cهای غیر الکلی | HBSIR_Category_Level_2: مواد خوراکی | HBSIR_Category_Level_3: غلات، نان، آرد، رشته و فرآورده\u200cهای آن,0,0,HBSIR amount is based on Kilos + Grams/1000 (kg-equivalent); HBSIR Amount may use Expenditure/Price fallback. Price_Raw is the cleaned-source survey unit-price field.,HBSIR Kilos/Grams fields to kg-equivalent,HBSIR_Kilos_Grams,survey_price_field_in_HBSIR_cleaned_table; raw_access_not_decoded,Names/categories retained as observed. No commodity grouping or price index applied.
11143,انواع نان,1392;1393;1394;1395;1396;1397;1398;1399;1400;1401;1402;1403,1392,1403,HBSIR_Category_Level_1: مواد خوراکی و نوشیدنی\u200cهای غیر الکلی | HBSIR_Category_Level_2: مواد خوراکی | HBSIR_Category_Level_3: غلات، نان، آرد، رشته و فرآورده\u200cهای آن,0,0,HBSIR amount is based on Kilos + Grams/1000 (kg-equivalent); HBSIR Amount may use Expenditure/Price fallback. Price_Raw is the cleaned-source survey unit-price field.,HBSIR Kilos/Grams fields to kg-equivalent,HBSIR_Kilos_Grams,survey_price_field_in_HBSIR_cleaned_table; raw_access_not_decoded,Names/categories retained as observed. No commodity grouping or price index applied.
11144,انواع نان,1392;1393;1394;1395;1396;1397;1398;1399;1400;1401;1402;1403,1392,1403,HBSIR_Category_Level_1: مواد خوراکی و نوشیدنی\u200cهای غیر الکلی | HBSIR_Category_Level_2: مواد خوراکی | HBSIR_Category_Level_3: غلات، نان، آرد، رشته و فرآورده\u200cهای آن,0,0,HBSIR amount is based on Kilos + Grams/1000 (kg-equivalent); HBSIR Amount may use Expenditure/Price fallback. Price_Raw is the cleaned-source survey unit-price field.,HBSIR Kilos/Grams fields to kg-equivalent,HBSIR_Expenditure_divided_by_Price | HBSIR_Kilos_Grams,survey_price_field_in_HBSIR_cleaned_table; raw_access_not_decoded,Names/categories retained as observed. No commodity grouping or price index applied.
11151,انواع نان,1392;1393;1394;1395;1396;1397;1398;1399;1400;1401;1402;1403,1392,1403,HBSIR_Category_Level_1: مواد خوراکی و نوشیدنی\u200cهای غیر الکلی | HBSIR_Category_Level_2: مواد خوراکی | HBSIR_Category_Level_3: غلات، نان، آرد، رشته و فرآورده\u200cهای آن,0,0,HBSIR amount is based on Kilos + Grams/1000 (kg-equivalent); HBSIR Amount may use Expenditure/Price fallback. Price_Raw is the cleaned-source survey unit-price field.,HBSIR Kilos/Grams fields to kg-equivalent,HBSIR_Expenditure_divided_by_Price | HBSIR_Kilos_Grams,survey_price_field_in_HBSIR_cleaned_table; raw_access_not_decoded,Names/categories retained as observed. No commodity grouping or price index applied.
11152,انواع نان,1392;1393;1394;1395;1396;1397;1398;1399;1400;1401;1402;1403,1392,1403,HBSIR_Category_Level_1: مواد خوراکی و نوشیدنی\u200cهای غیر الکلی | HBSIR_Category_Level_2: مواد خوراکی | HBSIR_Category_Level_3: غلات، نان، آرد، رشته و فرآورده\u200cهای آن,0,0,HBSIR amount is based on Kilos + Grams/1000 (kg-equivalent); HBSIR Amount may use Expenditure/Price fallback. Price_Raw is the cleaned-source survey unit-price field.,HBSIR Kilos/Grams fields to kg-equivalent,HBSIR_Kilos_Grams,survey_price_field_in_HBSIR_cleaned_table; raw_access_not_decoded,Names/categories retained as observed. No commodity grouping or price index applied.
11153,انواع نان,1392;1393;1394;1395;1396;1397;1398;1399;1400;1401;1402;1403,1392,1403,HBSIR_Category_Level_1: مواد خوراکی و نوشیدنی\u200cهای غیر الکلی | HBSIR_Category_Level_2: مواد خوراکی | HBSIR_Category_Level_3: غلات، نان، آرد، رشته و فرآورده\u200cهای آن,0,0,HBSIR amount is based on Kilos + Grams/1000 (kg-equivalent); HBSIR Amount may use Expenditure/Price fallback. Price_Raw is the cleaned-source survey unit-price field.,HBSIR Kilos/Grams fields to kg-equivalent,HBSIR_Kilos_Grams,survey_price_field_in_HBSIR_cleaned_table; raw_access_not_decoded,Names/categories retained as observed. No commodity grouping or price index applied.
11154,انواع نان,1392;1393;1394;1395;1396;1397;1398;1399;1400;1401;1402;1403,1392,1403,HBSIR_Category_Level_1: مواد خوراکی و نوشیدنی\u200cهای غیر الکلی | HBSIR_Category_Level_2: مواد خوراکی | HBSIR_Category_Level_3: غلات، نان، آرد، رشته و فرآورده\u200cهای آن,0,0,HBSIR amount is based on Kilos + Grams/1000 (kg-equivalent); HBSIR Amount may use Expenditure/Price fallback. Price_Raw is the cleaned-source survey unit-price field.,HBSIR Kilos/Grams fields to kg-equivalent,HBSIR_Kilos_Grams,survey_price_field_in_HBSIR_cleaned_table; raw_access_not_decoded,Names/categories retained as observed. No commodity grouping or price index applied.
11155,انواع نان,1392;1393;1394;1395;1396;1397;1398;1399;1400;1401;1402;1403,1392,1403,HBSIR_Category_Level_1: مواد خوراکی و نوشیدنی\u200cهای غیر الکلی | HBSIR_Category_Level_2: مواد خوراکی | HBSIR_Category_Level_3: غلات، نان، آرد، رشته و فرآورده\u200cهای آن,0,0,HBSIR amount is based on Kilos + Grams/1000 (kg-equivalent); HBSIR Amount may use Expenditure/Price fallback. Price_Raw is the cleaned-source survey unit-price field.,No observed raw mass component on some rows,missing,survey_price_field_in_HBSIR_cleaned_table; raw_access_not_decoded,Names/categories retained as observed. No commodity grouping or price index applied.
11156,انواع نان,1392;1393;1394;1395;1396;1397;1398;1399;1400;1401;1402;1403,1392,1403,HBSIR_Category_Level_1: مواد خوراکی و نوشیدنی\u200cهای غیر الکلی | HBSIR_Category_Level_2: مواد خوراکی | HBSIR_Category_Level_3: غلات، نان، آرد، رشته و فرآورده\u200cهای آن,0,0,HBSIR amount is based on Kilos + Grams/1000 (kg-equivalent); HBSIR Amount may use Expenditure/Price fallback. Price_Raw is the cleaned-source survey unit-price field.,No observed raw mass component on some rows,missing,survey_price_field_in_HBSIR_cleaned_table; raw_access_not_decoded,Names/categories retained as observed. No commodity grouping or price index applied.
11161,آرد رشته و فرآورده\u200cهای آن,1392;1393;1394;1395;1396;1397;1398;1399;1400;1401;1402;1403,1392,1403,HBSIR_Category_Level_1: مواد خوراکی و نوشیدنی\u200cهای غیر الکلی | HBSIR_Category_Level_2: مواد خوراکی | HBSIR_Category_Level_3: غلات، نان، آرد، رشته و فرآورده\u200cهای آن,0,0,HBSIR amount is based on Kilos + Grams/1000 (kg-equivalent); HBSIR Amount may use Expenditure/Price fallback. Price_Raw is the cleaned-source survey unit-price field.,HBSIR Kilos/Grams fields to kg-equivalent,HBSIR_Expenditure_divided_by_Price | HBSIR_Kilos_Grams | missing,survey_price_field_in_HBSIR_cleaned_table; raw_access_not_decoded,Names/categories retained as observed. No commodity grouping or price index applied.
11162,آرد رشته و فرآورده\u200cهای آن,1392;1393;1394;1395;1396;1397;1398;1399;1400;1401;1402;1403,1392,1403,HBSIR_Category_Level_1: مواد خوراکی و نوشیدنی\u200cهای غیر الکلی | HBSIR_Category_Level_2: مواد خوراکی | HBSIR_Category_Level_3: غلات، نان، آرد، رشته و فرآورده\u200cهای آن,0,0,HBSIR amount is based on Kilos + Grams/1000 (kg-equivalent); HBSIR Amount may use Expenditure/Price fallback. Price_Raw is the cleaned-source survey unit-price field.,HBSIR Kilos/Grams fields to kg-equivalent,HBSIR_Kilos_Grams,survey_price_field_in_HBSIR_cleaned_table; raw_access_not_decoded,Names/categories retained as observed. No commodity grouping or price index applied.
11163,آرد رشته و فرآورده\u200cهای آن,1392;1393;1394;1395;1396;1397;1398;1399;1400;1401;1402;1403,1392,1403,HBSIR_Category_Level_1: مواد خوراکی و نوشیدنی\u200cهای غیر الکلی | HBSIR_Category_Level_2: مواد خوراکی | HBSIR_Category_Level_3: غلات، نان، آرد، رشته و فرآورده\u200cهای آن,0,0,HBSIR amount is based on Kilos + Grams/1000 (kg-equivalent); HBSIR Amount may use Expenditure/Price fallback. Price_Raw is the cleaned-source survey unit-price field.,HBSIR Kilos/Grams fields to kg-equivalent,HBSIR_Kilos_Grams,survey_price_field_in_HBSIR_cleaned_table; raw_access_not_decoded,Names/categories retained as observed. No commodity grouping or price index applied.
11164,آرد رشته و فرآورده\u200cهای آن,1392;1393;1394;1395;1396;1397;1398;1399;1400;1401;1402;1403,1392,1403,HBSIR_Category_Level_1: مواد خوراکی و نوشیدنی\u200cهای غیر الکلی | HBSIR_Category_Level_2: مواد خوراکی | HBSIR_Category_Level_3: غلات، نان، آرد، رشته و فرآورده\u200cهای آن,0,0,HBSIR amount is based on Kilos + Grams/1000 (kg-equivalent); HBSIR Amount may use Expenditure/Price fallback. Price_Raw is the cleaned-source survey unit-price field.,HBSIR Kilos/Grams fields to kg-equivalent,HBSIR_Expenditure_divided_by_Price | HBSIR_Kilos_Grams,survey_price_field_in_HBSIR_cleaned_table; raw_access_not_decoded,Names/categories retained as observed. No commodity grouping or price index applied.
11165,آرد رشته و فرآورده\u200cهای آن,1392;1393;1394;1395;1396;1397;1398;1399;1400;1401;1402;1403,1392,1403,HBSIR_Category_Level_1: مواد خوراکی و نوشیدنی\u200cهای غیر الکلی | HBSIR_Category_Level_2: مواد خوراکی | HBSIR_Category_Level_3: غلات، نان، آرد، رشته و فرآورده\u200cهای آن,0,0,HBSIR amount is based on Kilos + Grams/1000 (kg-equivalent); HBSIR Amount may use Expenditure/Price fallback. Price_Raw is the cleaned-source survey unit-price field.,HBSIR Kilos/Grams fields to kg-equivalent,HBSIR_Expenditure_divided_by_Price | HBSIR_Kilos_Grams,survey_price_field_in_HBSIR_cleaned_table; raw_access_not_decoded,Names/categories retained as observed. No commodity grouping or price index applied.
11166,آرد رشته و فرآورده\u200cهای آن,1392;1393;1394;1395;1396;1397;1398;1399;1400;1401;1402;1403,1392,1403,HBSIR_Category_Level_1: مواد خوراکی و نوشیدنی\u200cهای غیر الکلی | HBSIR_Category_Level_2: مواد خوراکی | HBSIR_Category_Level_3: غلات، نان، آرد، رشته و فرآورده\u200cهای آن,0,0,HBSIR amount is based on Kilos + Grams/1000 (kg-equivalent); HBSIR Amount may use Expenditure/Price fallback. Price_Raw is the cleaned-source survey unit-price field.,HBSIR Kilos/Grams fields to kg-equivalent,HBSIR_Kilos_Grams,survey_price_field_in_HBSIR_cleaned_table; raw_access_not_decoded,Names/categories retained as observed. No commodity grouping or price index applied.
11171,بیسکویت و کیک,1392;1393;1394;1395;1396;1397;1398;1399;1400;1401;1402;1403,1392,1403,HBSIR_Category_Level_1: مواد خوراکی و نوشیدنی\u200cهای غیر الکلی | HBSIR_Category_Level_2: مواد خوراکی | HBSIR_Category_Level_3: غلات، نان، آرد، رشته و فرآورده\u200cهای آن,0,0,HBSIR amount is based on Kilos + Grams/1000 (kg-equivalent); HBSIR Amount may use Expenditure/Price fallback. Price_Raw is the cleaned-source survey unit-price field.,HBSIR Kilos/Grams fields to kg-equivalent,HBSIR_Expenditure_divided_by_Price | HBSIR_Kilos_Grams,survey_price_field_in_HBSIR_cleaned_table; raw_access_not_decoded,Names/categories retained as observed. No commodity grouping or price index applied.
11172,بیسکویت و کیک,1392;1393;1394;1395;1396;1397;1398;1399;1400;1401;1402;1403,1392,1403,HBSIR_Category_Level_1: مواد خوراکی و نوشیدنی\u200cهای غیر الکلی | HBSIR_Category_Level_2: مواد خوراکی | HBSIR_Category_Level_3: غلات، نان، آرد، رشته و فرآورده\u200cهای آن,0,0,HBSIR amount is based on Kilos + Grams/1000 (kg-equivalent); HBSIR Amount may use Expenditure/Price fallback. Price_Raw is the cleaned-source survey unit-price field.,HBSIR Kilos/Grams fields to kg-equivalent,HBSIR_Expenditure_divided_by_Price | HBSIR_Kilos_Grams,survey_price_field_in_HBSIR_cleaned_table; raw_access_not_decoded,Names/categories retained as observed. No commodity grouping or price index applied.
11173,بیسکویت و کیک,1392;1393;1394;1395;1396;1397;1398;1399;1400;1401;1402;1403,1392,1403,HBSIR_Category_Level_1: مواد خوراکی و نوشیدنی\u200cهای غیر الکلی | HBSIR_Category_Level_2: مواد خوراکی | HBSIR_Category_Level_3: غلات، نان، آرد، رشته و فرآورده\u200cهای آن,0,0,HBSIR amount is based on Kilos + Grams/1000 (kg-equivalent); HBSIR Amount may use Expenditure/Price fallback. Price_Raw is the cleaned-source survey unit-price field.,HBSIR Kilos/Grams fields to kg-equivalent,HBSIR_Expenditure_divided_by_Price | HBSIR_Kilos_Grams,survey_price_field_in_HBSIR_cleaned_table; raw_access_not_decoded,Names/categories retained as observed. No commodity grouping or price index applied.
11174,بیسکویت و کیک,1392;1393;1394;1395;1396;1397;1398;1399;1400;1401;1402;1403,1392,1403,HBSIR_Category_Level_1: مواد خوراکی و نوشیدنی\u200cهای غیر الکلی | HBSIR_Category_Level_2: مواد خوراکی | HBSIR_Category_Level_3: غلات، نان، آرد، رشته و فرآورده\u200cهای آن,0,0,HBSIR amount is based on Kilos + Grams/1000 (kg-equivalent); HBSIR Amount may use Expenditure/Price fallback. Price_Raw is the cleaned-source survey unit-price field.,HBSIR Kilos/Grams fields to kg-equivalent,HBSIR_Expenditure_divided_by_Price | HBSIR_Kilos_Grams,survey_price_field_in_HBSIR_cleaned_table; raw_access_not_decoded,Names/categories retained as observed. No commodity grouping or price index applied.
11175,بیسکویت و کیک,1392;1393;1394;1395;1396;1397;1398;1399;1400;1401;1402;1403,1392,1403,HBSIR_Category_Level_1: مواد خوراکی و نوشیدنی\u200cهای غیر الکلی | HBSIR_Category_Level_2: مواد خوراکی | HBSIR_Category_Level_3: غلات، نان، آرد، رشته و فرآورده\u200cهای آن,0,0,HBSIR amount is based on Kilos + Grams/1000 (kg-equivalent); HBSIR Amount may use Expenditure/Price fallback. Price_Raw is the cleaned-source survey unit-price field.,No observed raw mass component on some rows,missing,survey_price_field_in_HBSIR_cleaned_table; raw_access_not_decoded,Names/categories retained as observed. No commodity grouping or price index applied.
11211,گوشت دام,1392;1393;1394;1395;1396;1397;1398;1399;1400;1401;1402;1403,1392,1403,HBSIR_Category_Level_1: مواد خوراکی و نوشیدنی\u200cهای غیر الکلی | HBSIR_Category_Level_2: مواد خوراکی | HBSIR_Category_Level_3: گوشت,0,0,HBSIR amount is based on Kilos + Grams/1000 (kg-equivalent); HBSIR Amount may use Expenditure/Price fallback. Price_Raw is the cleaned-source survey unit-price field.,HBSIR Kilos/Grams fields to kg-equivalent,HBSIR_Expenditure_divided_by_Price | HBSIR_Kilos_Grams | missing,survey_price_field_in_HBSIR_cleaned_table; raw_access_not_decoded,Names/categories retained as observed. No commodity grouping or price index applied.
11212,گوشت دام,1392;1393;1394;1395;1396;1397;1398;1399;1400;1401;1402;1403,1392,1403,HBSIR_Category_Level_1: مواد خوراکی و نوشیدنی\u200cهای غیر الکلی | HBSIR_Category_Level_2: مواد خوراکی | HBSIR_Category_Level_3: گوشت,0,0,HBSIR amount is based on Kilos + Grams/1000 (kg-equivalent); HBSIR Amount may use Expenditure/Price fallback. Price_Raw is the cleaned-source survey unit-price field.,HBSIR Kilos/Grams fields to kg-equivalent,HBSIR_Expenditure_divided_by_Price | HBSIR_Kilos_Grams | missing,survey_price_field_in_HBSIR_cleaned_table; raw_access_not_decoded,Names/categories retained as observed. No commodity grouping or price index applied.
11213,گوشت دام,1392;1393;1394;1395;1396;1397;1398;1399;1400;1401;1402;1403,1392,1403,HBSIR_Category_Level_1: مواد خوراکی و نوشیدنی\u200cهای غیر الکلی | HBSIR_Category_Level_2: مواد خوراکی | HBSIR_Category_Level_3: گوشت,0,0,HBSIR amount is based on Kilos + Grams/1000 (kg-equivalent); HBSIR Amount may use Expenditure/Price fallback. Price_Raw is the cleaned-source survey unit-price field.,HBSIR Kilos/Grams fields to kg-equivalent,HBSIR_Kilos_Grams,survey_price_field_in_HBSIR_cleaned_table; raw_access_not_decoded,Names/categories retained as observed. No commodity grouping or price index applied.
11214,گوشت دام,1392;1393;1394;1395;1396;1397;1398;1399;1400;1401;1402;1403,1392,1403,HBSIR_Category_Level_1: مواد خوراکی و نوشیدنی\u200cهای غیر الکلی | HBSIR_Category_Level_2: مواد خوراکی | HBSIR_Category_Level_3: گوشت,0,0,HBSIR amount is based on Kilos + Grams/1000 (kg-equivalent); HBSIR Amount may use Expenditure/Price fallback. Price_Raw is the cleaned-source survey unit-price field.,HBSIR Kilos/Grams fields to kg-equivalent,HBSIR_Kilos_Grams,survey_price_field_in_HBSIR_cleaned_table; raw_access_not_decoded,Names/categories retained as observed. No commodity grouping or price index applied.
11215,گوشت دام,1392;1393;1394;1395;1396;1397;1398;1399;1400;1401;1402;1403,1392,1403,HBSIR_Category_Level_1: مواد خوراکی و نوشیدنی\u200cهای غیر الکلی | HBSIR_Category_Level_2: مواد خوراکی | HBSIR_Category_Level_3: گوشت,0,0,HBSIR amount is based on Kilos + Grams/1000 (kg-equivalent); HBSIR Amount may use Expenditure/Price fallback. Price_Raw is the cleaned-source survey unit-price field.,HBSIR Kilos/Grams fields to kg-equivalent,HBSIR_Kilos_Grams,survey_price_field_in_HBSIR_cleaned_table; raw_access_not_decoded,Names/categories retained as observed. No commodity grouping or price index applied.
11216,گوشت دام,1392;1393;1394;1395;1396;1397;1398;1399;1400;1401;1402;1403,1392,1403,HBSIR_Category_Level_1: مواد خوراکی و نوشیدنی\u200cهای غیر الکلی | HBSIR_Category_Level_2: مواد خوراکی | HBSIR_Category_Level_3: گوشت,0,0,HBSIR amount is based on Kilos + Grams/1000 (kg-equivalent); HBSIR Amount may use Expenditure/Price fallback. Price_Raw is the cleaned-source survey unit-price field.,HBSIR Kilos/Grams fields to kg-equivalent,HBSIR_Kilos_Grams,survey_price_field_in_HBSIR_cleaned_table; raw_access_not_decoded,Names/categories retained as observed. No commodity grouping or price index applied.
11217,گوشت دام,1392;1393;1394;1395;1396;1397;1398;1399;1400;1401;1402;1403,1392,1403,HBSIR_Category_Level_1: مواد خوراکی و نوشیدنی\u200cهای غیر الکلی | HBSIR_Category_Level_2: مواد خوراکی | HBSIR_Category_Level_3: گوشت,0,0,HBSIR amount is based on Kilos + Grams/1000 (kg-equivalent); HBSIR Amount may use Expenditure/Price fallback. Price_Raw is the cleaned-source survey unit-price field.,HBSIR Kilos/Grams fields to kg-equivalent,HBSIR_Kilos_Grams,survey_price_field_in_HBSIR_cleaned_table; raw_access_not_decoded,Names/categories retained as observed. No commodity grouping or price index applied.
11218,گوشت دام,1392;1393;1394;1395;1396;1397;1398;1399;1400;1401;1402;1403,1392,1403,HBSIR_Category_Level_1: مواد خوراکی و نوشیدنی\u200cهای غیر الکلی | HBSIR_Category_Level_2: مواد خوراکی | HBSIR_Category_Level_3: گوشت,0,0,HBSIR amount is based on Kilos + Grams/1000 (kg-equivalent); HBSIR Amount may use Expenditure/Price fallback. Price_Raw is the cleaned-source survey unit-price field.,HBSIR Kilos/Grams fields to kg-equivalent | No observed raw mass component on some rows,HBSIR_Kilos_Grams | missing,survey_price_field_in_HBSIR_cleaned_table; raw_access_not_decoded,Names/categories retained as observed. No commodity grouping or price index applied.
11221,گوشت دام,1392;1393;1394;1395;1396;1397;1398;1399;1400;1401;1402;1403,1392,1403,HBSIR_Category_Level_1: مواد خوراکی و نوشیدنی\u200cهای غیر الکلی | HBSIR_Category_Level_2: مواد خوراکی | HBSIR_Category_Level_3: گوشت,0,0,HBSIR amount is based on Kilos + Grams/1000 (kg-equivalent); HBSIR Amount may use Expenditure/Price fallback. Price_Raw is the cleaned-source survey unit-price field.,HBSIR Kilos/Grams fields to kg-equivalent,HBSIR_Kilos_Grams,survey_price_field_in_HBSIR_cleaned_table; raw_access_not_decoded,Names/categories retained as observed. No commodity grouping or price index applied.
11222,گوشت دام,1392;1393;1394;1395;1396;1397;1398;1399;1400;1401;1402;1403,1392,1403,HBSIR_Category_Level_1: مواد خوراکی و نوشیدنی\u200cهای غیر الکلی | HBSIR_Category_Level_2: مواد خوراکی | HBSIR_Category_Level_3: گوشت,0,0,HBSIR amount is based on Kilos + Grams/1000 (kg-equivalent); HBSIR Amount may use Expenditure/Price fallback. Price_Raw is the cleaned-source survey unit-price field.,HBSIR Kilos/Grams fields to kg-equivalent,HBSIR_Kilos_Grams,survey_price_field_in_HBSIR_cleaned_table; raw_access_not_decoded,Names/categories retained as observed. No commodity grouping or price index applied.
11223,گوشت دام,1392;1393;1394;1395;1396;1397;1398;1399;1400;1401;1402;1403,1392,1403,HBSIR_Category_Level_1: مواد خوراکی و نوشیدنی\u200cهای غیر الکلی | HBSIR_Category_Level_2: مواد خوراکی | HBSIR_Category_Level_3: گوشت,0,0,HBSIR amount is based on Kilos + Grams/1000 (kg-equivalent); HBSIR Amount may use Expenditure/Price fallback. Price_Raw is the cleaned-source survey unit-price field.,HBSIR Kilos/Grams fields to kg-equivalent,HBSIR_Kilos_Grams,survey_price_field_in_HBSIR_cleaned_table; raw_access_not_decoded,Names/categories retained as observed. No commodity grouping or price index applied.
11224,گوشت دام,1392;1393;1394;1395;1396;1397;1398;1399;1400;1401;1402;1403,1392,1403,HBSIR_Category_Level_1: مواد خوراکی و نوشیدنی\u200cهای غیر الکلی | HBSIR_Category_Level_2: مواد خوراکی | HBSIR_Category_Level_3: گوشت,0,0,HBSIR amount is based on Kilos + Grams/1000 (kg-equivalent); HBSIR Amount may use Expenditure/Price fallback. Price_Raw is the cleaned-source survey unit-price field.,HBSIR Kilos/Grams fields to kg-equivalent,HBSIR_Kilos_Grams,survey_price_field_in_HBSIR_cleaned_table; raw_access_not_decoded,Names/categories retained as observed. No commodity grouping or price index applied.
11231,گوشت پرندگان,1392;1393;1394;1395;1396;1397;1398;1399;1400;1401;1402;1403,1392,1403,HBSIR_Category_Level_1: مواد خوراکی و نوشیدنی\u200cهای غیر الکلی | HBSIR_Category_Level_2: مواد خوراکی | HBSIR_Category_Level_3: گوشت,0,0,HBSIR amount is based on Kilos + Grams/1000 (kg-equivalent); HBSIR Amount may use Expenditure/Price fallback. Price_Raw is the cleaned-source survey unit-price field.,HBSIR Kilos/Grams fields to kg-equivalent,HBSIR_Expenditure_divided_by_Price | HBSIR_Kilos_Grams,survey_price_field_in_HBSIR_cleaned_table; raw_access_not_decoded,Names/categories retained as observed. No commodity grouping or price index applied.
11232,گوشت پرندگان,1392;1393;1394;1395;1396;1397;1398;1399;1400;1401;1402;1403,1392,1403,HBSIR_Category_Level_1: مواد خوراکی و نوشیدنی\u200cهای غیر الکلی | HBSIR_Category_Level_2: مواد خوراکی | HBSIR_Category_Level_3: گوشت,0,0,HBSIR amount is based on Kilos + Grams/1000 (kg-equivalent); HBSIR Amount may use Expenditure/Price fallback. Price_Raw is the cleaned-source survey unit-price field.,HBSIR Kilos/Grams fields to kg-equivalent,HBSIR_Kilos_Grams,survey_price_field_in_HBSIR_cleaned_table; raw_access_not_decoded,Names/categories retained as observed. No commodity grouping or price index applied.
11233,گوشت پرندگان,1392;1393;1394;1395;1396;1397;1398;1399;1400;1401;1402;1403,1392,1403,HBSIR_Category_Level_1: مواد خوراکی و نوشیدنی\u200cهای غیر الکلی | HBSIR_Category_Level_2: مواد خوراکی | HBSIR_Category_Level_3: گوشت,0,0,HBSIR amount is based on Kilos + Grams/1000 (kg-equivalent); HBSIR Amount may use Expenditure/Price fallback. Price_Raw is the cleaned-source survey unit-price field.,HBSIR Kilos/Grams fields to kg-equivalent,HBSIR_Expenditure_divided_by_Price | HBSIR_Kilos_Grams,survey_price_field_in_HBSIR_cleaned_table; raw_access_not_decoded,Names/categories retained as observed. No commodity grouping or price index applied.
11234,گوشت پرندگان,1392;1393;1394;1395;1396;1397;1398;1399;1400;1401;1402;1403,1392,1403,HBSIR_Category_Level_1: مواد خوراکی و نوشیدنی\u200cهای غیر الکلی | HBSIR_Category_Level_2: مواد خوراکی | HBSIR_Category_Level_3: گوشت,0,0,HBSIR amount is based on Kilos + Grams/1000 (kg-equivalent); HBSIR Amount may use Expenditure/Price fallback. Price_Raw is the cleaned-source survey unit-price field.,HBSIR Kilos/Grams fields to kg-equivalent,HBSIR_Kilos_Grams,survey_price_field_in_HBSIR_cleaned_table; raw_access_not_decoded,Names/categories retained as observed. No commodity grouping or price index applied.
11235,گوشت پرندگان,1392;1393;1394;1395;1396;1397;1398;1399;1400;1401;1402;1403,1392,1403,HBSIR_Category_Level_1: مواد خوراکی و نوشیدنی\u200cهای غیر الکلی | HBSIR_Category_Level_2: مواد خوراکی | HBSIR_Category_Level_3: گوشت,0,0,HBSIR amount is based on Kilos + Grams/1000 (kg-equivalent); HBSIR Amount may use Expenditure/Price fallback. Price_Raw is the cleaned-source survey unit-price field.,HBSIR Kilos/Grams fields to kg-equivalent,HBSIR_Kilos_Grams,survey_price_field_in_HBSIR_cleaned_table; raw_access_not_decoded,Names/categories retained as observed. No commodity grouping or price index applied.
11236,گوشت پرندگان,1392;1393;1394;1395;1396;1397;1398;1399;1400;1401;1402;1403,1392,1403,HBSIR_Category_Level_1: مواد خوراکی و نوشیدنی\u200cهای غیر الکلی | HBSIR_Category_Level_2: مواد خوراکی | HBSIR_Category_Level_3: گوشت,0,0,HBSIR amount is based on Kilos + Grams/1000 (kg-equivalent); HBSIR Amount may use Expenditure/Price fallback. Price_Raw is the cleaned-source survey unit-price field.,HBSIR Kilos/Grams fields to kg-equivalent,HBSIR_Kilos_Grams,survey_price_field_in_HBSIR_cleaned_table; raw_access_not_decoded,Names/categories retained as observed. No commodity grouping or price index applied.
11237,گوشت پرندگان,1392;1393;1394;1395;1396;1397;1398;1399;1400;1401;1402;1403,1392,1403,HBSIR_Category_Level_1: مواد خوراکی و نوشیدنی\u200cهای غیر الکلی | HBSIR_Category_Level_2: مواد خوراکی | HBSIR_Category_Level_3: گوشت,0,0,HBSIR amount is based on Kilos + Grams/1000 (kg-equivalent); HBSIR Amount may use Expenditure/Price fallback. Price_Raw is the cleaned-source survey unit-price field.,HBSIR Kilos/Grams fields to kg-equivalent,HBSIR_Kilos_Grams,survey_price_field_in_HBSIR_cleaned_table; raw_access_not_decoded,Names/categories retained as observed. No commodity grouping or price index applied.
11238,گوشت پرندگان,1392;1393;1394;1395;1396;1397;1398;1399;1400;1401;1402;1403,1392,1403,HBSIR_Category_Level_1: مواد خوراکی و نوشیدنی\u200cهای غیر الکلی | HBSIR_Category_Level_2: مواد خوراکی | HBSIR_Category_Level_3: گوشت,0,0,HBSIR amount is based on Kilos + Grams/1000 (kg-equivalent); HBSIR Amount may use Expenditure/Price fallback. Price_Raw is the cleaned-source survey unit-price field.,HBSIR Kilos/Grams fields to kg-equivalent,HBSIR_Kilos_Grams,survey_price_field_in_HBSIR_cleaned_table; raw_access_not_decoded,Names/categories retained as observed. No commodity grouping or price index applied.
11239,گوشت پرندگان,1392;1393;1394;1395;1396;1397;1398;1399;1400;1401;1402;1403,1392,1403,HBSIR_Category_Level_1: مواد خوراکی و نوشیدنی\u200cهای غیر الکلی | HBSIR_Category_Level_2: مواد خوراکی | HBSIR_Category_Level_3: گوشت,0,0,HBSIR amount is based on Kilos + Grams/1000 (kg-equivalent); HBSIR Amount may use Expenditure/Price fallback. Price_Raw is the cleaned-source survey unit-price field.,HBSIR Kilos/Grams fields to kg-equivalent,HBSIR_Kilos_Grams,survey_price_field_in_HBSIR_cleaned_table; raw_access_not_decoded,Names/categories retained as observed. No commodity grouping or price index applied.
11241,گوشت آماده برای طبخ,1392;1393;1394;1395;1396;1397;1398;1399;1400;1401;1402;1403,1392,1403,HBSIR_Category_Level_1: مواد خوراکی و نوشیدنی\u200cهای غیر الکلی | HBSIR_Category_Level_2: مواد خوراکی | HBSIR_Category_Level_3: گوشت,0,0,HBSIR amount is based on Kilos + Grams/1000 (kg-equivalent); HBSIR Amount may use Expenditure/Price fallback. Price_Raw is the cleaned-source survey unit-price field.,HBSIR Kilos/Grams fields to kg-equivalent,HBSIR_Kilos_Grams,survey_price_field_in_HBSIR_cleaned_table; raw_access_not_decoded,Names/categories retained as observed. No commodity grouping or price index applied.
11244,گوشت آماده برای طبخ,1392;1393;1394;1395;1396;1397;1398;1399;1400;1401;1402;1403,1392,1403,HBSIR_Category_Level_1: مواد خوراکی و نوشیدنی\u200cهای غیر الکلی | HBSIR_Category_Level_2: مواد خوراکی | HBSIR_Category_Level_3: گوشت,0,0,HBSIR amount is based on Kilos + Grams/1000 (kg-equivalent); HBSIR Amount may use Expenditure/Price fallback. Price_Raw is the cleaned-source survey unit-price field.,HBSIR Kilos/Grams fields to kg-equivalent,HBSIR_Kilos_Grams,survey_price_field_in_HBSIR_cleaned_table; raw_access_not_decoded,Names/categories retained as observed. No commodity grouping or price index applied.
11247,گوشت آماده برای طبخ,1392;1393;1394;1395;1396;1397;1398;1399;1400;1401;1402;1403,1392,1403,HBSIR_Category_Level_1: مواد خوراکی و نوشیدنی\u200cهای غیر الکلی | HBSIR_Category_Level_2: مواد خوراکی | HBSIR_Category_Level_3: گوشت,0,0,HBSIR amount is based on Kilos + Grams/1000 (kg-equivalent); HBSIR Amount may use Expenditure/Price fallback. Price_Raw is the cleaned-source survey unit-price field.,HBSIR Kilos/Grams fields to kg-equivalent,HBSIR_Kilos_Grams,survey_price_field_in_HBSIR_cleaned_table; raw_access_not_decoded,Names/categories retained as observed. No commodity grouping or price index applied.
11311,ماهی، میگو و فرآورده\u200cهای آن\u200cها,1392;1393;1394;1395;1396;1397;1398;1399;1400;1401;1402;1403,1392,1403,HBSIR_Category_Level_1: مواد خوراکی و نوشیدنی\u200cهای غیر الکلی | HBSIR_Category_Level_2: مواد خوراکی | HBSIR_Category_Level_3: گوشت,0,0,HBSIR amount is based on Kilos + Grams/1000 (kg-equivalent); HBSIR Amount may use Expenditure/Price fallback. Price_Raw is the cleaned-source survey unit-price field.,HBSIR Kilos/Grams fields to kg-equivalent,HBSIR_Kilos_Grams,survey_price_field_in_HBSIR_cleaned_table; raw_access_not_decoded,Names/categories retained as observed. No commodity grouping or price index applied.
11312,ماهی، میگو و فرآورده\u200cهای آن\u200cها,1392;1393;1394;1395;1396;1397;1398;1399;1400;1401;1402;1403,1392,1403,HBSIR_Category_Level_1: مواد خوراکی و نوشیدنی\u200cهای غیر الکلی | HBSIR_Category_Level_2: مواد خوراکی | HBSIR_Category_Level_3: گوشت,0,0,HBSIR amount is based on Kilos + Grams/1000 (kg-equivalent); HBSIR Amount may use Expenditure/Price fallback. Price_Raw is the cleaned-source survey unit-price field.,HBSIR Kilos/Grams fields to kg-equivalent,HBSIR_Kilos_Grams,survey_price_field_in_HBSIR_cleaned_table; raw_access_not_decoded,Names/categories retained as observed. No commodity grouping or price index applied.
11313,ماهی، میگو و فرآورده\u200cهای آن\u200cها,1392;1393;1394;1395;1396;1397;1398;1399;1400;1401;1402;1403,1392,1403,HBSIR_Category_Level_1: مواد خوراکی و نوشیدنی\u200cهای غیر الکلی | HBSIR_Category_Level_2: مواد خوراکی | HBSIR_Category_Level_3: گوشت,0,0,HBSIR amount is based on Kilos + Grams/1000 (kg-equivalent); HBSIR Amount may use Expenditure/Price fallback. Price_Raw is the cleaned-source survey unit-price field.,HBSIR Kilos/Grams fields to kg-equivalent,HBSIR_Expenditure_divided_by_Price | HBSIR_Kilos_Grams,survey_price_field_in_HBSIR_cleaned_table; raw_access_not_decoded,Names/categories retained as observed. No commodity grouping or price index applied.
11314,ماهی، میگو و فرآورده\u200cهای آن\u200cها,1392;1393;1394;1395;1396;1397;1398;1399;1400;1401;1402;1403,1392,1403,HBSIR_Category_Level_1: مواد خوراکی و نوشیدنی\u200cهای غیر الکلی | HBSIR_Category_Level_2: مواد خوراکی | HBSIR_Category_Level_3: گوشت,0,0,HBSIR amount is based on Kilos + Grams/1000 (kg-equivalent); HBSIR Amount may use Expenditure/Price fallback. Price_Raw is the cleaned-source survey unit-price field.,HBSIR Kilos/Grams fields to kg-equivalent,HBSIR_Kilos_Grams,survey_price_field_in_HBSIR_cleaned_table; raw_access_not_decoded,Names/categories retained as observed. No commodity grouping or price index applied.
11315,ماهی، میگو و فرآورده\u200cهای آن\u200cها,1392;1393;1394;1395;1396;1397;1398;1399;1400;1401;1402;1403,1392,1403,HBSIR_Category_Level_1: مواد خوراکی و نوشیدنی\u200cهای غیر الکلی | HBSIR_Category_Level_2: مواد خوراکی | HBSIR_Category_Level_3: گوشت,0,0,HBSIR amount is based on Kilos + Grams/1000 (kg-equivalent); HBSIR Amount may use Expenditure/Price fallback. Price_Raw is the cleaned-source survey unit-price field.,HBSIR Kilos/Grams fields to kg-equivalent,HBSIR_Kilos_Grams,survey_price_field_in_HBSIR_cleaned_table; raw_access_not_decoded,Names/categories retained as observed. No commodity grouping or price index applied.
11316,ماهی، میگو و فرآورده\u200cهای آن\u200cها,1392;1393;1394;1395;1396;1397;1398;1399;1400;1401;1402;1403,1392,1403,HBSIR_Category_Level_1: مواد خوراکی و نوشیدنی\u200cهای غیر الکلی | HBSIR_Category_Level_2: مواد خوراکی | HBSIR_Category_Level_3: گوشت,0,0,HBSIR amount is based on Kilos + Grams/1000 (kg-equivalent); HBSIR Amount may use Expenditure/Price fallback. Price_Raw is the cleaned-source survey unit-price field.,HBSIR Kilos/Grams fields to kg-equivalent,HBSIR_Expenditure_divided_by_Price | HBSIR_Kilos_Grams,survey_price_field_in_HBSIR_cleaned_table; raw_access_not_decoded,Names/categories retained as observed. No commodity grouping or price index applied.
11317,ماهی، میگو و فرآورده\u200cهای آن\u200cها,1392;1393;1394;1395;1396;1397;1398;1399;1400;1401;1402;1403,1392,1403,HBSIR_Category_Level_1: مواد خوراکی و نوشیدنی\u200cهای غیر الکلی | HBSIR_Category_Level_2: مواد خوراکی | HBSIR_Category_Level_3: گوشت,0,0,HBSIR amount is based on Kilos + Grams/1000 (kg-equivalent); HBSIR Amount may use Expenditure/Price fallback. Price_Raw is the cleaned-source survey unit-price field.,HBSIR Kilos/Grams fields to kg-equivalent,HBSIR_Kilos_Grams,survey_price_field_in_HBSIR_cleaned_table; raw_access_not_decoded,Names/categories retained as observed. No commodity grouping or price index applied.
11318,ماهی، میگو و فرآورده\u200cهای آن\u200cها,1392;1393;1394;1395;1396;1397;1398;1399;1400;1401;1402;1403,1392,1403,HBSIR_Category_Level_1: مواد خوراکی و نوشیدنی\u200cهای غیر الکلی | HBSIR_Category_Level_2: مواد خوراکی | HBSIR_Category_Level_3: گوشت,0,0,HBSIR amount is based on Kilos + Grams/1000 (kg-equivalent); HBSIR Amount may use Expenditure/Price fallback. Price_Raw is the cleaned-source survey unit-price field.,HBSIR Kilos/Grams fields to kg-equivalent,HBSIR_Kilos_Grams,survey_price_field_in_HBSIR_cleaned_table; raw_access_not_decoded,Names/categories retained as observed. No commodity grouping or price index applied.
11319,ماهی، میگو و فرآورده\u200cهای آن\u200cها,1392;1393;1394;1395;1396;1397;1398;1399;1400;1401,1392,1401,HBSIR_Category_Level_1: مواد خوراکی و نوشیدنی\u200cهای غیر الکلی | HBSIR_Category_Level_2: مواد خوراکی | HBSIR_Category_Level_3: گوشت,0,0,HBSIR amount is based on Kilos + Grams/1000 (kg-equivalent); HBSIR Amount may use Expenditure/Price fallback. Price_Raw is the cleaned-source survey unit-price field.,HBSIR Kilos/Grams fields to kg-equivalent,HBSIR_Kilos_Grams,survey_price_field_in_HBSIR_cleaned_table; raw_access_not_decoded,Names/categories retained as observed. No commodity grouping or price index applied.
11321,ماهی، میگو و فرآورده\u200cهای آن\u200cها,1392;1393;1394;1395;1396;1397;1398;1399;1400;1401;1402;1403,1392,1403,HBSIR_Category_Level_1: مواد خوراکی و نوشیدنی\u200cهای غیر الکلی | HBSIR_Category_Level_2: مواد خوراکی | HBSIR_Category_Level_3: گوشت,0,0,HBSIR amount is based on Kilos + Grams/1000 (kg-equivalent); HBSIR Amount may use Expenditure/Price fallback. Price_Raw is the cleaned-source survey unit-price field.,HBSIR Kilos/Grams fields to kg-equivalent,HBSIR_Kilos_Grams,survey_price_field_in_HBSIR_cleaned_table; raw_access_not_decoded,Names/categories retained as observed. No commodity grouping or price index applied.
11411,شیر,1392;1393;1394;1395;1396;1397;1398;1399;1400;1401;1402;1403,1392,1403,HBSIR_Category_Level_1: مواد خوراکی و نوشیدنی\u200cهای غیر الکلی | HBSIR_Category_Level_2: مواد خوراکی | HBSIR_Category_Level_3: شیر و فرآورده\u200cهای آن (به جز کره) و تخم پرندگان,0,0,HBSIR amount is based on Kilos + Grams/1000 (kg-equivalent); HBSIR Amount may use Expenditure/Price fallback. Price_Raw is the cleaned-source survey unit-price field.,HBSIR Kilos/Grams fields to kg-equivalent,HBSIR_Expenditure_divided_by_Price | HBSIR_Kilos_Grams,survey_price_field_in_HBSIR_cleaned_table; raw_access_not_decoded,Names/categories retained as observed. No commodity grouping or price index applied.
11412,شیر,1392;1393;1394;1395;1396;1397;1398;1399;1400;1401;1402;1403,1392,1403,HBSIR_Category_Level_1: مواد خوراکی و نوشیدنی\u200cهای غیر الکلی | HBSIR_Category_Level_2: مواد خوراکی | HBSIR_Category_Level_3: شیر و فرآورده\u200cهای آن (به جز کره) و تخم پرندگان,0,0,HBSIR amount is based on Kilos + Grams/1000 (kg-equivalent); HBSIR Amount may use Expenditure/Price fallback. Price_Raw is the cleaned-source survey unit-price field.,HBSIR Kilos/Grams fields to kg-equivalent,HBSIR_Expenditure_divided_by_Price | HBSIR_Kilos_Grams,survey_price_field_in_HBSIR_cleaned_table; raw_access_not_decoded,Names/categories retained as observed. No commodity grouping or price index applied.
11413,شیر,1392;1393;1394;1395;1396;1397;1398;1399;1400;1401;1402;1403,1392,1403,HBSIR_Category_Level_1: مواد خوراکی و نوشیدنی\u200cهای غیر الکلی | HBSIR_Category_Level_2: مواد خوراکی | HBSIR_Category_Level_3: شیر و فرآورده\u200cهای آن (به جز کره) و تخم پرندگان,0,0,HBSIR amount is based on Kilos + Grams/1000 (kg-equivalent); HBSIR Amount may use Expenditure/Price fallback. Price_Raw is the cleaned-source survey unit-price field.,HBSIR Kilos/Grams fields to kg-equivalent,HBSIR_Expenditure_divided_by_Price | HBSIR_Kilos_Grams,survey_price_field_in_HBSIR_cleaned_table; raw_access_not_decoded,Names/categories retained as observed. No commodity grouping or price index applied.
11414,شیر,1392;1393;1394;1395;1396;1397;1398;1399;1400;1401;1402;1403,1392,1403,HBSIR_Category_Level_1: مواد خوراکی و نوشیدنی\u200cهای غیر الکلی | HBSIR_Category_Level_2: مواد خوراکی | HBSIR_Category_Level_3: شیر و فرآورده\u200cهای آن (به جز کره) و تخم پرندگان,0,0,HBSIR amount is based on Kilos + Grams/1000 (kg-equivalent); HBSIR Amount may use Expenditure/Price fallback. Price_Raw is the cleaned-source survey unit-price field.,HBSIR Kilos/Grams fields to kg-equivalent,HBSIR_Kilos_Grams,survey_price_field_in_HBSIR_cleaned_table; raw_access_not_decoded,Names/categories retained as observed. No commodity grouping or price index applied.
11421,فراورده\u200cهای شیری (به جز کره),1392;1393;1394;1395;1396;1397;1398;1399;1400;1401;1402;1403,1392,1403,HBSIR_Category_Level_1: مواد خوراکی و نوشیدنی\u200cهای غیر الکلی | HBSIR_Category_Level_2: مواد خوراکی | HBSIR_Category_Level_3: شیر و فرآورده\u200cهای آن (به جز کره) و تخم پرندگان,0,0,HBSIR amount is based on Kilos + Grams/1000 (kg-equivalent); HBSIR Amount may use Expenditure/Price fallback. Price_Raw is the cleaned-source survey unit-price field.,HBSIR Kilos/Grams fields to kg-equivalent,HBSIR_Kilos_Grams,survey_price_field_in_HBSIR_cleaned_table; raw_access_not_decoded,Names/categories retained as observed. No commodity grouping or price index applied.
11422,فراورده\u200cهای شیری (به جز کره),1392;1393;1394;1395;1396;1397;1398;1399;1400;1401;1402;1403,1392,1403,HBSIR_Category_Level_1: مواد خوراکی و نوشیدنی\u200cهای غیر الکلی | HBSIR_Category_Level_2: مواد خوراکی | HBSIR_Category_Level_3: شیر و فرآورده\u200cهای آن (به جز کره) و تخم پرندگان,0,0,HBSIR amount is based on Kilos + Grams/1000 (kg-equivalent); HBSIR Amount may use Expenditure/Price fallback. Price_Raw is the cleaned-source survey unit-price field.,HBSIR Kilos/Grams fields to kg-equivalent,HBSIR_Kilos_Grams,survey_price_field_in_HBSIR_cleaned_table; raw_access_not_decoded,Names/categories retained as observed. No commodity grouping or price index applied.
11423,فراورده\u200cهای شیری (به جز کره),1392;1393;1394;1395;1396;1397;1398;1399;1400;1401;1402;1403,1392,1403,HBSIR_Category_Level_1: مواد خوراکی و نوشیدنی\u200cهای غیر الکلی | HBSIR_Category_Level_2: مواد خوراکی | HBSIR_Category_Level_3: شیر و فرآورده\u200cهای آن (به جز کره) و تخم پرندگان,0,0,HBSIR amount is based on Kilos + Grams/1000 (kg-equivalent); HBSIR Amount may use Expenditure/Price fallback. Price_Raw is the cleaned-source survey unit-price field.,No observed raw mass component on some rows,missing,survey_price_field_in_HBSIR_cleaned_table; raw_access_not_decoded,Names/categories retained as observed. No commodity grouping or price index applied.
11424,فراورده\u200cهای شیری (به جز کره),1392;1393;1394;1395;1396;1397;1398;1399;1400;1401;1402;1403,1392,1403,HBSIR_Category_Level_1: مواد خوراکی و نوشیدنی\u200cهای غیر الکلی | HBSIR_Category_Level_2: مواد خوراکی | HBSIR_Category_Level_3: شیر و فرآورده\u200cهای آن (به جز کره) و تخم پرندگان,0,0,HBSIR amount is based on Kilos + Grams/1000 (kg-equivalent); HBSIR Amount may use Expenditure/Price fallback. Price_Raw is the cleaned-source survey unit-price field.,HBSIR Kilos/Grams fields to kg-equivalent,HBSIR_Expenditure_divided_by_Price | HBSIR_Kilos_Grams,survey_price_field_in_HBSIR_cleaned_table; raw_access_not_decoded,Names/categories retained as observed. No commodity grouping or price index applied.
11425,فراورده\u200cهای شیری (به جز کره),1392;1393;1394;1395;1396;1397;1398;1399;1400;1401;1402;1403,1392,1403,HBSIR_Category_Level_1: مواد خوراکی و نوشیدنی\u200cهای غیر الکلی | HBSIR_Category_Level_2: مواد خوراکی | HBSIR_Category_Level_3: شیر و فرآورده\u200cهای آن (به جز کره) و تخم پرندگان,0,0,HBSIR amount is based on Kilos + Grams/1000 (kg-equivalent); HBSIR Amount may use Expenditure/Price fallback. Price_Raw is the cleaned-source survey unit-price field.,HBSIR Kilos/Grams fields to kg-equivalent,HBSIR_Expenditure_divided_by_Price | HBSIR_Kilos_Grams,survey_price_field_in_HBSIR_cleaned_table; raw_access_not_decoded,Names/categories retained as observed. No commodity grouping or price index applied.
11426,فراورده\u200cهای شیری (به جز کره),1392;1393;1394;1395;1396;1397;1398;1399;1400;1401;1402;1403,1392,1403,HBSIR_Category_Level_1: مواد خوراکی و نوشیدنی\u200cهای غیر الکلی | HBSIR_Category_Level_2: مواد خوراکی | HBSIR_Category_Level_3: شیر و فرآورده\u200cهای آن (به جز کره) و تخم پرندگان,0,0,HBSIR amount is based on Kilos + Grams/1000 (kg-equivalent); HBSIR Amount may use Expenditure/Price fallback. Price_Raw is the cleaned-source survey unit-price field.,HBSIR Kilos/Grams fields to kg-equivalent,HBSIR_Kilos_Grams,survey_price_field_in_HBSIR_cleaned_table; raw_access_not_decoded,Names/categories retained as observed. No commodity grouping or price index applied.
11427,فراورده\u200cهای شیری (به جز کره),1392;1393;1394;1395;1396;1397;1398;1399;1400;1401;1402;1403,1392,1403,HBSIR_Category_Level_1: مواد خوراکی و نوشیدنی\u200cهای غیر الکلی | HBSIR_Category_Level_2: مواد خوراکی | HBSIR_Category_Level_3: شیر و فرآورده\u200cهای آن (به جز کره) و تخم پرندگان,0,0,HBSIR amount is based on Kilos + Grams/1000 (kg-equivalent); HBSIR Amount may use Expenditure/Price fallback. Price_Raw is the cleaned-source survey unit-price field.,HBSIR Kilos/Grams fields to kg-equivalent,HBSIR_Kilos_Grams,survey_price_field_in_HBSIR_cleaned_table; raw_access_not_decoded,Names/categories retained as observed. No commodity grouping or price index applied.
11428,فراورده\u200cهای شیری (به جز کره),1392;1393;1394;1395;1396;1397;1398;1399;1400;1401;1402;1403,1392,1403,HBSIR_Category_Level_1: مواد خوراکی و نوشیدنی\u200cهای غیر الکلی | HBSIR_Category_Level_2: مواد خوراکی | HBSIR_Category_Level_3: شیر و فرآورده\u200cهای آن (به جز کره) و تخم پرندگان,0,0,HBSIR amount is based on Kilos + Grams/1000 (kg-equivalent); HBSIR Amount may use Expenditure/Price fallback. Price_Raw is the cleaned-source survey unit-price field.,HBSIR Kilos/Grams fields to kg-equivalent,HBSIR_Expenditure_divided_by_Price | HBSIR_Kilos_Grams,survey_price_field_in_HBSIR_cleaned_table; raw_access_not_decoded,Names/categories retained as observed. No commodity grouping or price index applied.
11429,فراورده\u200cهای شیری (به جز کره),1392;1393;1394;1395;1396;1397;1398;1399;1400;1401;1402;1403,1392,1403,HBSIR_Category_Level_1: مواد خوراکی و نوشیدنی\u200cهای غیر الکلی | HBSIR_Category_Level_2: مواد خوراکی | HBSIR_Category_Level_3: شیر و فرآورده\u200cهای آن (به جز کره) و تخم پرندگان,0,0,HBSIR amount is based on Kilos + Grams/1000 (kg-equivalent); HBSIR Amount may use Expenditure/Price fallback. Price_Raw is the cleaned-source survey unit-price field.,HBSIR Kilos/Grams fields to kg-equivalent,HBSIR_Expenditure_divided_by_Price | HBSIR_Kilos_Grams,survey_price_field_in_HBSIR_cleaned_table; raw_access_not_decoded,Names/categories retained as observed. No commodity grouping or price index applied.
11431,فراورده\u200cهای شیری (به جز کره),1392;1393;1394;1395;1396;1397;1398;1399;1400;1401;1402;1403,1392,1403,HBSIR_Category_Level_1: مواد خوراکی و نوشیدنی\u200cهای غیر الکلی | HBSIR_Category_Level_2: مواد خوراکی | HBSIR_Category_Level_3: شیر و فرآورده\u200cهای آن (به جز کره) و تخم پرندگان,0,0,HBSIR amount is based on Kilos + Grams/1000 (kg-equivalent); HBSIR Amount may use Expenditure/Price fallback. Price_Raw is the cleaned-source survey unit-price field.,HBSIR Kilos/Grams fields to kg-equivalent,HBSIR_Kilos_Grams,survey_price_field_in_HBSIR_cleaned_table; raw_access_not_decoded,Names/categories retained as observed. No commodity grouping or price index applied.
11432,فراورده\u200cهای شیری (به جز کره),1392;1393;1394;1395;1396;1397;1398;1399;1400;1401;1402;1403,1392,1403,HBSIR_Category_Level_1: مواد خوراکی و نوشیدنی\u200cهای غیر الکلی | HBSIR_Category_Level_2: مواد خوراکی | HBSIR_Category_Level_3: شیر و فرآورده\u200cهای آن (به جز کره) و تخم پرندگان,0,0,HBSIR amount is based on Kilos + Grams/1000 (kg-equivalent); HBSIR Amount may use Expenditure/Price fallback. Price_Raw is the cleaned-source survey unit-price field.,HBSIR Kilos/Grams fields to kg-equivalent,HBSIR_Kilos_Grams,survey_price_field_in_HBSIR_cleaned_table; raw_access_not_decoded,Names/categories retained as observed. No commodity grouping or price index applied.
11433,فراورده\u200cهای شیری (به جز کره),1392;1393;1394;1395;1396;1397;1398;1399;1400;1401;1402;1403,1392,1403,HBSIR_Category_Level_1: مواد خوراکی و نوشیدنی\u200cهای غیر الکلی | HBSIR_Category_Level_2: مواد خوراکی | HBSIR_Category_Level_3: شیر و فرآورده\u200cهای آن (به جز کره) و تخم پرندگان,0,0,HBSIR amount is based on Kilos + Grams/1000 (kg-equivalent); HBSIR Amount may use Expenditure/Price fallback. Price_Raw is the cleaned-source survey unit-price field.,HBSIR Kilos/Grams fields to kg-equivalent,HBSIR_Kilos_Grams,survey_price_field_in_HBSIR_cleaned_table; raw_access_not_decoded,Names/categories retained as observed. No commodity grouping or price index applied.
11434,فراورده\u200cهای شیری (به جز کره),1392;1393;1394;1395;1396;1397;1398;1399;1400;1401;1402;1403,1392,1403,HBSIR_Category_Level_1: مواد خوراکی و نوشیدنی\u200cهای غیر الکلی | HBSIR_Category_Level_2: مواد خوراکی | HBSIR_Category_Level_3: شیر و فرآورده\u200cهای آن (به جز کره) و تخم پرندگان,0,0,HBSIR amount is based on Kilos + Grams/1000 (kg-equivalent); HBSIR Amount may use Expenditure/Price fallback. Price_Raw is the cleaned-source survey unit-price field.,No observed raw mass component on some rows,missing,survey_price_field_in_HBSIR_cleaned_table; raw_access_not_decoded,Names/categories retained as observed. No commodity grouping or price index applied.
11441,تخم پرندگان,1392;1393;1394;1395;1396;1397;1398;1399;1400;1401;1402;1403,1392,1403,HBSIR_Category_Level_1: مواد خوراکی و نوشیدنی\u200cهای غیر الکلی | HBSIR_Category_Level_2: مواد خوراکی | HBSIR_Category_Level_3: شیر و فرآورده\u200cهای آن (به جز کره) و تخم پرندگان,0,0,HBSIR amount is based on Kilos + Grams/1000 (kg-equivalent); HBSIR Amount may use Expenditure/Price fallback. Price_Raw is the cleaned-source survey unit-price field.,HBSIR Kilos/Grams fields to kg-equivalent,HBSIR_Expenditure_divided_by_Price | HBSIR_Kilos_Grams,survey_price_field_in_HBSIR_cleaned_table; raw_access_not_decoded,Names/categories retained as observed. No commodity grouping or price index applied.
11442,تخم پرندگان,1392;1393;1394;1395;1396;1397;1398;1399;1400;1401;1402;1403,1392,1403,HBSIR_Category_Level_1: مواد خوراکی و نوشیدنی\u200cهای غیر الکلی | HBSIR_Category_Level_2: مواد خوراکی | HBSIR_Category_Level_3: شیر و فرآورده\u200cهای آن (به جز کره) و تخم پرندگان,0,0,HBSIR amount is based on Kilos + Grams/1000 (kg-equivalent); HBSIR Amount may use Expenditure/Price fallback. Price_Raw is the cleaned-source survey unit-price field.,HBSIR Kilos/Grams fields to kg-equivalent,HBSIR_Expenditure_divided_by_Price | HBSIR_Kilos_Grams,survey_price_field_in_HBSIR_cleaned_table; raw_access_not_decoded,Names/categories retained as observed. No commodity grouping or price index applied.
11443,تخم پرندگان,1392;1393;1394;1395;1396;1397;1398;1399;1400;1401;1402;1403,1392,1403,HBSIR_Category_Level_1: مواد خوراکی و نوشیدنی\u200cهای غیر الکلی | HBSIR_Category_Level_2: مواد خوراکی | HBSIR_Category_Level_3: شیر و فرآورده\u200cهای آن (به جز کره) و تخم پرندگان,0,0,HBSIR amount is based on Kilos + Grams/1000 (kg-equivalent); HBSIR Amount may use Expenditure/Price fallback. Price_Raw is the cleaned-source survey unit-price field.,HBSIR Kilos/Grams fields to kg-equivalent,HBSIR_Kilos_Grams,survey_price_field_in_HBSIR_cleaned_table; raw_access_not_decoded,Names/categories retained as observed. No commodity grouping or price index applied.
11511,روغن\u200cها و چربی\u200cهای حیوانی (به جز کره),1392;1393;1394;1395;1396;1397;1398;1399;1400;1401;1402;1403,1392,1403,HBSIR_Category_Level_1: مواد خوراکی و نوشیدنی\u200cهای غیر الکلی | HBSIR_Category_Level_2: مواد خوراکی | HBSIR_Category_Level_3: روغن\u200cها، چربی\u200cها و کره,0,0,HBSIR amount is based on Kilos + Grams/1000 (kg-equivalent); HBSIR Amount may use Expenditure/Price fallback. Price_Raw is the cleaned-source survey unit-price field.,HBSIR Kilos/Grams fields to kg-equivalent,HBSIR_Kilos_Grams,survey_price_field_in_HBSIR_cleaned_table; raw_access_not_decoded,Names/categories retained as observed. No commodity grouping or price index applied.
11512,روغن\u200cها و چربی\u200cهای حیوانی (به جز کره),1392;1393;1394;1395;1396;1397;1398;1399;1400;1401;1402;1403,1392,1403,HBSIR_Category_Level_1: مواد خوراکی و نوشیدنی\u200cهای غیر الکلی | HBSIR_Category_Level_2: مواد خوراکی | HBSIR_Category_Level_3: روغن\u200cها، چربی\u200cها و کره,0,0,HBSIR amount is based on Kilos + Grams/1000 (kg-equivalent); HBSIR Amount may use Expenditure/Price fallback. Price_Raw is the cleaned-source survey unit-price field.,HBSIR Kilos/Grams fields to kg-equivalent,HBSIR_Kilos_Grams,survey_price_field_in_HBSIR_cleaned_table; raw_access_not_decoded,Names/categories retained as observed. No commodity grouping or price index applied.
11521,انواع کره,1392;1393;1394;1395;1396;1397;1398;1399;1400;1401;1402;1403,1392,1403,HBSIR_Category_Level_1: مواد خوراکی و نوشیدنی\u200cهای غیر الکلی | HBSIR_Category_Level_2: مواد خوراکی | HBSIR_Category_Level_3: روغن\u200cها، چربی\u200cها و کره,0,0,HBSIR amount is based on Kilos + Grams/1000 (kg-equivalent); HBSIR Amount may use Expenditure/Price fallback. Price_Raw is the cleaned-source survey unit-price field.,HBSIR Kilos/Grams fields to kg-equivalent,HBSIR_Kilos_Grams,survey_price_field_in_HBSIR_cleaned_table; raw_access_not_decoded,Names/categories retained as observed. No commodity grouping or price index applied.
11522,انواع کره,1392;1393;1394;1395;1396;1397;1398;1399;1400;1401;1402;1403,1392,1403,HBSIR_Category_Level_1: مواد خوراکی و نوشیدنی\u200cهای غیر الکلی | HBSIR_Category_Level_2: مواد خوراکی | HBSIR_Category_Level_3: روغن\u200cها، چربی\u200cها و کره,0,0,HBSIR amount is based on Kilos + Grams/1000 (kg-equivalent); HBSIR Amount may use Expenditure/Price fallback. Price_Raw is the cleaned-source survey unit-price field.,HBSIR Kilos/Grams fields to kg-equivalent,HBSIR_Kilos_Grams,survey_price_field_in_HBSIR_cleaned_table; raw_access_not_decoded,Names/categories retained as observed. No commodity grouping or price index applied.
11523,انواع کره,1392;1393;1394;1395;1396;1397;1398;1399;1400;1401;1402;1403,1392,1403,HBSIR_Category_Level_1: مواد خوراکی و نوشیدنی\u200cهای غیر الکلی | HBSIR_Category_Level_2: مواد خوراکی | HBSIR_Category_Level_3: روغن\u200cها، چربی\u200cها و کره,0,0,HBSIR amount is based on Kilos + Grams/1000 (kg-equivalent); HBSIR Amount may use Expenditure/Price fallback. Price_Raw is the cleaned-source survey unit-price field.,HBSIR Kilos/Grams fields to kg-equivalent,HBSIR_Kilos_Grams,survey_price_field_in_HBSIR_cleaned_table; raw_access_not_decoded,Names/categories retained as observed. No commodity grouping or price index applied.
11531,روغن\u200cهای نباتی,1392;1393;1394;1395;1396;1397;1398;1399;1400;1401;1402;1403,1392,1403,HBSIR_Category_Level_1: مواد خوراکی و نوشیدنی\u200cهای غیر الکلی | HBSIR_Category_Level_2: مواد خوراکی | HBSIR_Category_Level_3: روغن\u200cها، چربی\u200cها و کره,0,0,HBSIR amount is based on Kilos + Grams/1000 (kg-equivalent); HBSIR Amount may use Expenditure/Price fallback. Price_Raw is the cleaned-source survey unit-price field.,HBSIR Kilos/Grams fields to kg-equivalent,HBSIR_Expenditure_divided_by_Price | HBSIR_Kilos_Grams,survey_price_field_in_HBSIR_cleaned_table; raw_access_not_decoded,Names/categories retained as observed. No commodity grouping or price index applied.
11532,روغن\u200cهای نباتی,1392;1393;1394;1395;1396;1397;1398;1399;1400;1401;1402;1403,1392,1403,HBSIR_Category_Level_1: مواد خوراکی و نوشیدنی\u200cهای غیر الکلی | HBSIR_Category_Level_2: مواد خوراکی | HBSIR_Category_Level_3: روغن\u200cها، چربی\u200cها و کره,0,0,HBSIR amount is based on Kilos + Grams/1000 (kg-equivalent); HBSIR Amount may use Expenditure/Price fallback. Price_Raw is the cleaned-source survey unit-price field.,HBSIR Kilos/Grams fields to kg-equivalent,HBSIR_Expenditure_divided_by_Price | HBSIR_Kilos_Grams,survey_price_field_in_HBSIR_cleaned_table; raw_access_not_decoded,Names/categories retained as observed. No commodity grouping or price index applied.
11533,روغن\u200cهای نباتی,1392;1393;1394;1395;1396;1397;1398;1399;1400;1401;1402;1403,1392,1403,HBSIR_Category_Level_1: مواد خوراکی و نوشیدنی\u200cهای غیر الکلی | HBSIR_Category_Level_2: مواد خوراکی | HBSIR_Category_Level_3: روغن\u200cها، چربی\u200cها و کره,0,0,HBSIR amount is based on Kilos + Grams/1000 (kg-equivalent); HBSIR Amount may use Expenditure/Price fallback. Price_Raw is the cleaned-source survey unit-price field.,HBSIR Kilos/Grams fields to kg-equivalent,HBSIR_Expenditure_divided_by_Price | HBSIR_Kilos_Grams,survey_price_field_in_HBSIR_cleaned_table; raw_access_not_decoded,Names/categories retained as observed. No commodity grouping or price index applied.
11611,میوه\u200cهای درختی,1392;1393;1394;1395;1396;1397;1398;1399;1400;1401;1402;1403,1392,1403,HBSIR_Category_Level_1: مواد خوراکی و نوشیدنی\u200cهای غیر الکلی | HBSIR_Category_Level_2: مواد خوراکی | HBSIR_Category_Level_3: میوه\u200cها و خشکبار,0,0,HBSIR amount is based on Kilos + Grams/1000 (kg-equivalent); HBSIR Amount may use Expenditure/Price fallback. Price_Raw is the cleaned-source survey unit-price field.,HBSIR Kilos/Grams fields to kg-equivalent,HBSIR_Kilos_Grams,survey_price_field_in_HBSIR_cleaned_table; raw_access_not_decoded,Names/categories retained as observed. No commodity grouping or price index applied.
11612,میوه\u200cهای درختی,1392;1393;1394;1395;1396;1397;1398;1399;1400;1401;1402;1403,1392,1403,HBSIR_Category_Level_1: مواد خوراکی و نوشیدنی\u200cهای غیر الکلی | HBSIR_Category_Level_2: مواد خوراکی | HBSIR_Category_Level_3: میوه\u200cها و خشکبار,0,0,HBSIR amount is based on Kilos + Grams/1000 (kg-equivalent); HBSIR Amount may use Expenditure/Price fallback. Price_Raw is the cleaned-source survey unit-price field.,HBSIR Kilos/Grams fields to kg-equivalent,HBSIR_Kilos_Grams,survey_price_field_in_HBSIR_cleaned_table; raw_access_not_decoded,Names/categories retained as observed. No commodity grouping or price index applied.
11613,میوه\u200cهای درختی,1392;1393;1394;1395;1396;1397;1398;1399;1400;1401;1402;1403,1392,1403,HBSIR_Category_Level_1: مواد خوراکی و نوشیدنی\u200cهای غیر الکلی | HBSIR_Category_Level_2: مواد خوراکی | HBSIR_Category_Level_3: میوه\u200cها و خشکبار,0,0,HBSIR amount is based on Kilos + Grams/1000 (kg-equivalent); HBSIR Amount may use Expenditure/Price fallback. Price_Raw is the cleaned-source survey unit-price field.,HBSIR Kilos/Grams fields to kg-equivalent,HBSIR_Kilos_Grams,survey_price_field_in_HBSIR_cleaned_table; raw_access_not_decoded,Names/categories retained as observed. No commodity grouping or price index applied.
11614,میوه\u200cهای درختی,1392;1393;1394;1395;1396;1397;1398;1399;1400;1401;1402;1403,1392,1403,HBSIR_Category_Level_1: مواد خوراکی و نوشیدنی\u200cهای غیر الکلی | HBSIR_Category_Level_2: مواد خوراکی | HBSIR_Category_Level_3: میوه\u200cها و خشکبار,0,0,HBSIR amount is based on Kilos + Grams/1000 (kg-equivalent); HBSIR Amount may use Expenditure/Price fallback. Price_Raw is the cleaned-source survey unit-price field.,HBSIR Kilos/Grams fields to kg-equivalent,HBSIR_Kilos_Grams,survey_price_field_in_HBSIR_cleaned_table; raw_access_not_decoded,Names/categories retained as observed. No commodity grouping or price index applied.
11615,میوه\u200cهای درختی,1392;1393;1394;1395;1396;1397;1398;1399;1400;1401;1402;1403,1392,1403,HBSIR_Category_Level_1: مواد خوراکی و نوشیدنی\u200cهای غیر الکلی | HBSIR_Category_Level_2: مواد خوراکی | HBSIR_Category_Level_3: میوه\u200cها و خشکبار,0,0,HBSIR amount is based on Kilos + Grams/1000 (kg-equivalent); HBSIR Amount may use Expenditure/Price fallback. Price_Raw is the cleaned-source survey unit-price field.,HBSIR Kilos/Grams fields to kg-equivalent,HBSIR_Kilos_Grams,survey_price_field_in_HBSIR_cleaned_table; raw_access_not_decoded,Names/categories retained as observed. No commodity grouping or price index applied.
11616,میوه\u200cهای درختی,1392;1393;1394;1395;1396;1397;1398;1399;1400;1401;1402;1403,1392,1403,HBSIR_Category_Level_1: مواد خوراکی و نوشیدنی\u200cهای غیر الکلی | HBSIR_Category_Level_2: مواد خوراکی | HBSIR_Category_Level_3: میوه\u200cها و خشکبار,0,0,HBSIR amount is based on Kilos + Grams/1000 (kg-equivalent); HBSIR Amount may use Expenditure/Price fallback. Price_Raw is the cleaned-source survey unit-price field.,HBSIR Kilos/Grams fields to kg-equivalent,HBSIR_Kilos_Grams,survey_price_field_in_HBSIR_cleaned_table; raw_access_not_decoded,Names/categories retained as observed. No commodity grouping or price index applied.
11617,میوه\u200cهای درختی,1392;1393;1394;1395;1396;1397;1398;1399;1400;1401;1402;1403,1392,1403,HBSIR_Category_Level_1: مواد خوراکی و نوشیدنی\u200cهای غیر الکلی | HBSIR_Category_Level_2: مواد خوراکی | HBSIR_Category_Level_3: میوه\u200cها و خشکبار,0,0,HBSIR amount is based on Kilos + Grams/1000 (kg-equivalent); HBSIR Amount may use Expenditure/Price fallback. Price_Raw is the cleaned-source survey unit-price field.,HBSIR Kilos/Grams fields to kg-equivalent,HBSIR_Kilos_Grams,survey_price_field_in_HBSIR_cleaned_table; raw_access_not_decoded,Names/categories retained as observed. No commodity grouping or price index applied.
11618,میوه\u200cهای درختی,1392;1393;1394;1395;1396;1397;1398;1399;1400;1401;1402;1403,1392,1403,HBSIR_Category_Level_1: مواد خوراکی و نوشیدنی\u200cهای غیر الکلی | HBSIR_Category_Level_2: مواد خوراکی | HBSIR_Category_Level_3: میوه\u200cها و خشکبار,0,0,HBSIR amount is based on Kilos + Grams/1000 (kg-equivalent); HBSIR Amount may use Expenditure/Price fallback. Price_Raw is the cleaned-source survey unit-price field.,HBSIR Kilos/Grams fields to kg-equivalent,HBSIR_Kilos_Grams,survey_price_field_in_HBSIR_cleaned_table; raw_access_not_decoded,Names/categories retained as observed. No commodity grouping or price index applied.
11619,میوه\u200cهای درختی,1392;1393;1394;1395;1396;1397;1398;1399;1400;1401;1402;1403,1392,1403,HBSIR_Category_Level_1: مواد خوراکی و نوشیدنی\u200cهای غیر الکلی | HBSIR_Category_Level_2: مواد خوراکی | HBSIR_Category_Level_3: میوه\u200cها و خشکبار,0,0,HBSIR amount is based on Kilos + Grams/1000 (kg-equivalent); HBSIR Amount may use Expenditure/Price fallback. Price_Raw is the cleaned-source survey unit-price field.,HBSIR Kilos/Grams fields to kg-equivalent,HBSIR_Expenditure_divided_by_Price | HBSIR_Kilos_Grams,survey_price_field_in_HBSIR_cleaned_table; raw_access_not_decoded,Names/categories retained as observed. No commodity grouping or price index applied.
11621,میوه\u200cهای درختی,1392;1393;1394;1395;1396;1397;1398;1399;1400;1401;1402;1403,1392,1403,HBSIR_Category_Level_1: مواد خوراکی و نوشیدنی\u200cهای غیر الکلی | HBSIR_Category_Level_2: مواد خوراکی | HBSIR_Category_Level_3: میوه\u200cها و خشکبار,0,0,HBSIR amount is based on Kilos + Grams/1000 (kg-equivalent); HBSIR Amount may use Expenditure/Price fallback. Price_Raw is the cleaned-source survey unit-price field.,HBSIR Kilos/Grams fields to kg-equivalent,HBSIR_Kilos_Grams,survey_price_field_in_HBSIR_cleaned_table; raw_access_not_decoded,Names/categories retained as observed. No commodity grouping or price index applied.
11622,میوه\u200cهای درختی,1392;1393;1394;1395;1396;1397;1398;1399;1400;1401;1402;1403,1392,1403,HBSIR_Category_Level_1: مواد خوراکی و نوشیدنی\u200cهای غیر الکلی | HBSIR_Category_Level_2: مواد خوراکی | HBSIR_Category_Level_3: میوه\u200cها و خشکبار,0,0,HBSIR amount is based on Kilos + Grams/1000 (kg-equivalent); HBSIR Amount may use Expenditure/Price fallback. Price_Raw is the cleaned-source survey unit-price field.,HBSIR Kilos/Grams fields to kg-equivalent,HBSIR_Expenditure_divided_by_Price | HBSIR_Kilos_Grams,survey_price_field_in_HBSIR_cleaned_table; raw_access_not_decoded,Names/categories retained as observed. No commodity grouping or price index applied.
11623,میوه\u200cهای درختی,1392;1393;1394;1395;1396;1397;1398;1399;1400;1401;1402;1403,1392,1403,HBSIR_Category_Level_1: مواد خوراکی و نوشیدنی\u200cهای غیر الکلی | HBSIR_Category_Level_2: مواد خوراکی | HBSIR_Category_Level_3: میوه\u200cها و خشکبار,0,0,HBSIR amount is based on Kilos + Grams/1000 (kg-equivalent); HBSIR Amount may use Expenditure/Price fallback. Price_Raw is the cleaned-source survey unit-price field.,HBSIR Kilos/Grams fields to kg-equivalent,HBSIR_Kilos_Grams,survey_price_field_in_HBSIR_cleaned_table; raw_access_not_decoded,Names/categories retained as observed. No commodity grouping or price index applied.
11624,میوه\u200cهای درختی,1392;1393;1394;1395;1396;1397;1398;1399;1400;1401;1402;1403,1392,1403,HBSIR_Category_Level_1: مواد خوراکی و نوشیدنی\u200cهای غیر الکلی | HBSIR_Category_Level_2: مواد خوراکی | HBSIR_Category_Level_3: میوه\u200cها و خشکبار,0,0,HBSIR amount is based on Kilos + Grams/1000 (kg-equivalent); HBSIR Amount may use Expenditure/Price fallback. Price_Raw is the cleaned-source survey unit-price field.,HBSIR Kilos/Grams fields to kg-equivalent,HBSIR_Kilos_Grams,survey_price_field_in_HBSIR_cleaned_table; raw_access_not_decoded,Names/categories retained as observed. No commodity grouping or price index applied.
11625,میوه\u200cهای درختی,1392;1393;1394;1395;1396;1397;1398;1399;1400;1401;1402;1403,1392,1403,HBSIR_Category_Level_1: مواد خوراکی و نوشیدنی\u200cهای غیر الکلی | HBSIR_Category_Level_2: مواد خوراکی | HBSIR_Category_Level_3: میوه\u200cها و خشکبار,0,0,HBSIR amount is based on Kilos + Grams/1000 (kg-equivalent); HBSIR Amount may use Expenditure/Price fallback. Price_Raw is the cleaned-source survey unit-price field.,HBSIR Kilos/Grams fields to kg-equivalent,HBSIR_Kilos_Grams,survey_price_field_in_HBSIR_cleaned_table; raw_access_not_decoded,Names/categories retained as observed. No commodity grouping or price index applied.
11631,میوه\u200cهای درختی,1392;1393;1394;1395;1396;1397;1398;1399;1400;1401;1402;1403,1392,1403,HBSIR_Category_Level_1: مواد خوراکی و نوشیدنی\u200cهای غیر الکلی | HBSIR_Category_Level_2: مواد خوراکی | HBSIR_Category_Level_3: میوه\u200cها و خشکبار,0,0,HBSIR amount is based on Kilos + Grams/1000 (kg-equivalent); HBSIR Amount may use Expenditure/Price fallback. Price_Raw is the cleaned-source survey unit-price field.,HBSIR Kilos/Grams fields to kg-equivalent,HBSIR_Kilos_Grams,survey_price_field_in_HBSIR_cleaned_table; raw_access_not_decoded,Names/categories retained as observed. No commodity grouping or price index applied.
11632,میوه\u200cهای درختی,1392;1393;1394;1395;1396;1397;1398;1399;1400;1401;1402;1403,1392,1403,HBSIR_Category_Level_1: مواد خوراکی و نوشیدنی\u200cهای غیر الکلی | HBSIR_Category_Level_2: مواد خوراکی | HBSIR_Category_Level_3: میوه\u200cها و خشکبار,0,0,HBSIR amount is based on Kilos + Grams/1000 (kg-equivalent); HBSIR Amount may use Expenditure/Price fallback. Price_Raw is the cleaned-source survey unit-price field.,HBSIR Kilos/Grams fields to kg-equivalent,HBSIR_Kilos_Grams,survey_price_field_in_HBSIR_cleaned_table; raw_access_not_decoded,Names/categories retained as observed. No commodity grouping or price index applied.
11633,میوه\u200cهای درختی,1392;1393;1394;1395;1396;1397;1398;1399;1400;1401;1402;1403,1392,1403,HBSIR_Category_Level_1: مواد خوراکی و نوشیدنی\u200cهای غیر الکلی | HBSIR_Category_Level_2: مواد خوراکی | HBSIR_Category_Level_3: میوه\u200cها و خشکبار,0,0,HBSIR amount is based on Kilos + Grams/1000 (kg-equivalent); HBSIR Amount may use Expenditure/Price fallback. Price_Raw is the cleaned-source survey unit-price field.,HBSIR Kilos/Grams fields to kg-equivalent,HBSIR_Kilos_Grams,survey_price_field_in_HBSIR_cleaned_table; raw_access_not_decoded,Names/categories retained as observed. No commodity grouping or price index applied.
11634,میوه\u200cهای درختی,1392;1393;1394;1395;1396;1397;1398;1399;1400;1401;1402;1403,1392,1403,HBSIR_Category_Level_1: مواد خوراکی و نوشیدنی\u200cهای غیر الکلی | HBSIR_Category_Level_2: مواد خوراکی | HBSIR_Category_Level_3: میوه\u200cها و خشکبار,0,0,HBSIR amount is based on Kilos + Grams/1000 (kg-equivalent); HBSIR Amount may use Expenditure/Price fallback. Price_Raw is the cleaned-source survey unit-price field.,HBSIR Kilos/Grams fields to kg-equivalent,HBSIR_Kilos_Grams,survey_price_field_in_HBSIR_cleaned_table; raw_access_not_decoded,Names/categories retained as observed. No commodity grouping or price index applied.
11635,میوه\u200cهای درختی,1392;1393;1394;1395;1396;1397;1398;1399;1400;1401;1402;1403,1392,1403,HBSIR_Category_Level_1: مواد خوراکی و نوشیدنی\u200cهای غیر الکلی | HBSIR_Category_Level_2: مواد خوراکی | HBSIR_Category_Level_3: میوه\u200cها و خشکبار,0,0,HBSIR amount is based on Kilos + Grams/1000 (kg-equivalent); HBSIR Amount may use Expenditure/Price fallback. Price_Raw is the cleaned-source survey unit-price field.,HBSIR Kilos/Grams fields to kg-equivalent,HBSIR_Kilos_Grams,survey_price_field_in_HBSIR_cleaned_table; raw_access_not_decoded,Names/categories retained as observed. No commodity grouping or price index applied.
11641,میوه\u200cهای جالیزی,1392;1393;1394;1395;1396;1397;1398;1399;1400;1401;1402;1403,1392,1403,HBSIR_Category_Level_1: مواد خوراکی و نوشیدنی\u200cهای غیر الکلی | HBSIR_Category_Level_2: مواد خوراکی | HBSIR_Category_Level_3: میوه\u200cها و خشکبار,0,0,HBSIR amount is based on Kilos + Grams/1000 (kg-equivalent); HBSIR Amount may use Expenditure/Price fallback. Price_Raw is the cleaned-source survey unit-price field.,HBSIR Kilos/Grams fields to kg-equivalent,HBSIR_Kilos_Grams,survey_price_field_in_HBSIR_cleaned_table; raw_access_not_decoded,Names/categories retained as observed. No commodity grouping or price index applied.
11642,میوه\u200cهای جالیزی,1392;1393;1394;1395;1396;1397;1398;1399;1400;1401;1402;1403,1392,1403,HBSIR_Category_Level_1: مواد خوراکی و نوشیدنی\u200cهای غیر الکلی | HBSIR_Category_Level_2: مواد خوراکی | HBSIR_Category_Level_3: میوه\u200cها و خشکبار,0,0,HBSIR amount is based on Kilos + Grams/1000 (kg-equivalent); HBSIR Amount may use Expenditure/Price fallback. Price_Raw is the cleaned-source survey unit-price field.,HBSIR Kilos/Grams fields to kg-equivalent,HBSIR_Kilos_Grams,survey_price_field_in_HBSIR_cleaned_table; raw_access_not_decoded,Names/categories retained as observed. No commodity grouping or price index applied.
11643,میوه\u200cهای جالیزی,1392;1393;1394;1395;1396;1397;1398;1399;1400;1401;1402;1403,1392,1403,HBSIR_Category_Level_1: مواد خوراکی و نوشیدنی\u200cهای غیر الکلی | HBSIR_Category_Level_2: مواد خوراکی | HBSIR_Category_Level_3: میوه\u200cها و خشکبار,0,0,HBSIR amount is based on Kilos + Grams/1000 (kg-equivalent); HBSIR Amount may use Expenditure/Price fallback. Price_Raw is the cleaned-source survey unit-price field.,HBSIR Kilos/Grams fields to kg-equivalent,HBSIR_Kilos_Grams,survey_price_field_in_HBSIR_cleaned_table; raw_access_not_decoded,Names/categories retained as observed. No commodity grouping or price index applied.
11651,خشکبار,1392;1393;1394;1395;1396;1397;1398;1399;1400;1401;1402;1403,1392,1403,HBSIR_Category_Level_1: مواد خوراکی و نوشیدنی\u200cهای غیر الکلی | HBSIR_Category_Level_2: مواد خوراکی | HBSIR_Category_Level_3: میوه\u200cها و خشکبار,0,0,HBSIR amount is based on Kilos + Grams/1000 (kg-equivalent); HBSIR Amount may use Expenditure/Price fallback. Price_Raw is the cleaned-source survey unit-price field.,HBSIR Kilos/Grams fields to kg-equivalent,HBSIR_Kilos_Grams,survey_price_field_in_HBSIR_cleaned_table; raw_access_not_decoded,Names/categories retained as observed. No commodity grouping or price index applied.
11652,خشکبار,1392;1393;1394;1395;1396;1397;1398;1399;1400;1401;1402;1403,1392,1403,HBSIR_Category_Level_1: مواد خوراکی و نوشیدنی\u200cهای غیر الکلی | HBSIR_Category_Level_2: مواد خوراکی | HBSIR_Category_Level_3: میوه\u200cها و خشکبار,0,0,HBSIR amount is based on Kilos + Grams/1000 (kg-equivalent); HBSIR Amount may use Expenditure/Price fallback. Price_Raw is the cleaned-source survey unit-price field.,HBSIR Kilos/Grams fields to kg-equivalent,HBSIR_Kilos_Grams,survey_price_field_in_HBSIR_cleaned_table; raw_access_not_decoded,Names/categories retained as observed. No commodity grouping or price index applied.
11653,خشکبار,1392;1393;1394;1395;1396;1397;1398;1399;1400;1401;1402;1403,1392,1403,HBSIR_Category_Level_1: مواد خوراکی و نوشیدنی\u200cهای غیر الکلی | HBSIR_Category_Level_2: مواد خوراکی | HBSIR_Category_Level_3: میوه\u200cها و خشکبار,0,0,HBSIR amount is based on Kilos + Grams/1000 (kg-equivalent); HBSIR Amount may use Expenditure/Price fallback. Price_Raw is the cleaned-source survey unit-price field.,HBSIR Kilos/Grams fields to kg-equivalent,HBSIR_Kilos_Grams,survey_price_field_in_HBSIR_cleaned_table; raw_access_not_decoded,Names/categories retained as observed. No commodity grouping or price index applied.
11654,خشکبار,1392;1393;1394;1395;1396;1397;1398;1399;1400;1401;1402;1403,1392,1403,HBSIR_Category_Level_1: مواد خوراکی و نوشیدنی\u200cهای غیر الکلی | HBSIR_Category_Level_2: مواد خوراکی | HBSIR_Category_Level_3: میوه\u200cها و خشکبار,0,0,HBSIR amount is based on Kilos + Grams/1000 (kg-equivalent); HBSIR Amount may use Expenditure/Price fallback. Price_Raw is the cleaned-source survey unit-price field.,HBSIR Kilos/Grams fields to kg-equivalent,HBSIR_Kilos_Grams,survey_price_field_in_HBSIR_cleaned_table; raw_access_not_decoded,Names/categories retained as observed. No commodity grouping or price index applied.
11655,خشکبار,1392;1393;1394;1395;1396;1397;1398;1399;1400;1401;1402;1403,1392,1403,HBSIR_Category_Level_1: مواد خوراکی و نوشیدنی\u200cهای غیر الکلی | HBSIR_Category_Level_2: مواد خوراکی | HBSIR_Category_Level_3: میوه\u200cها و خشکبار,0,0,HBSIR amount is based on Kilos + Grams/1000 (kg-equivalent); HBSIR Amount may use Expenditure/Price fallback. Price_Raw is the cleaned-source survey unit-price field.,No observed raw mass component on some rows,missing,survey_price_field_in_HBSIR_cleaned_table; raw_access_not_decoded,Names/categories retained as observed. No commodity grouping or price index applied.
11656,خشکبار,1392;1393;1394;1395;1396;1397;1398;1399;1400;1401;1402;1403,1392,1403,HBSIR_Category_Level_1: مواد خوراکی و نوشیدنی\u200cهای غیر الکلی | HBSIR_Category_Level_2: مواد خوراکی | HBSIR_Category_Level_3: میوه\u200cها و خشکبار,0,0,HBSIR amount is based on Kilos + Grams/1000 (kg-equivalent); HBSIR Amount may use Expenditure/Price fallback. Price_Raw is the cleaned-source survey unit-price field.,HBSIR Kilos/Grams fields to kg-equivalent,HBSIR_Kilos_Grams,survey_price_field_in_HBSIR_cleaned_table; raw_access_not_decoded,Names/categories retained as observed. No commodity grouping or price index applied.
11657,خشکبار,1392;1393;1394;1395;1396;1397;1398;1399;1400;1401;1402;1403,1392,1403,HBSIR_Category_Level_1: مواد خوراکی و نوشیدنی\u200cهای غیر الکلی | HBSIR_Category_Level_2: مواد خوراکی | HBSIR_Category_Level_3: میوه\u200cها و خشکبار,0,0,HBSIR amount is based on Kilos + Grams/1000 (kg-equivalent); HBSIR Amount may use Expenditure/Price fallback. Price_Raw is the cleaned-source survey unit-price field.,HBSIR Kilos/Grams fields to kg-equivalent,HBSIR_Kilos_Grams,survey_price_field_in_HBSIR_cleaned_table; raw_access_not_decoded,Names/categories retained as observed. No commodity grouping or price index applied.
11658,خشکبار,1392;1393;1394;1395;1396;1397;1398;1399;1400;1401;1402;1403,1392,1403,HBSIR_Category_Level_1: مواد خوراکی و نوشیدنی\u200cهای غیر الکلی | HBSIR_Category_Level_2: مواد خوراکی | HBSIR_Category_Level_3: میوه\u200cها و خشکبار,0,0,HBSIR amount is based on Kilos + Grams/1000 (kg-equivalent); HBSIR Amount may use Expenditure/Price fallback. Price_Raw is the cleaned-source survey unit-price field.,HBSIR Kilos/Grams fields to kg-equivalent,HBSIR_Kilos_Grams,survey_price_field_in_HBSIR_cleaned_table; raw_access_not_decoded,Names/categories retained as observed. No commodity grouping or price index applied.
11659,خشکبار,1392;1393;1394;1395;1396;1397;1398;1399;1400;1401;1402;1403,1392,1403,HBSIR_Category_Level_1: مواد خوراکی و نوشیدنی\u200cهای غیر الکلی | HBSIR_Category_Level_2: مواد خوراکی | HBSIR_Category_Level_3: میوه\u200cها و خشکبار,0,0,HBSIR amount is based on Kilos + Grams/1000 (kg-equivalent); HBSIR Amount may use Expenditure/Price fallback. Price_Raw is the cleaned-source survey unit-price field.,HBSIR Kilos/Grams fields to kg-equivalent,HBSIR_Kilos_Grams,survey_price_field_in_HBSIR_cleaned_table; raw_access_not_decoded,Names/categories retained as observed. No commodity grouping or price index applied.
11661,خشکبار,1392;1393;1394;1395;1396;1397;1398;1399;1400;1401;1402;1403,1392,1403,HBSIR_Category_Level_1: مواد خوراکی و نوشیدنی\u200cهای غیر الکلی | HBSIR_Category_Level_2: مواد خوراکی | HBSIR_Category_Level_3: میوه\u200cها و خشکبار,0,0,HBSIR amount is based on Kilos + Grams/1000 (kg-equivalent); HBSIR Amount may use Expenditure/Price fallback. Price_Raw is the cleaned-source survey unit-price field.,HBSIR Kilos/Grams fields to kg-equivalent,HBSIR_Kilos_Grams,survey_price_field_in_HBSIR_cleaned_table; raw_access_not_decoded,Names/categories retained as observed. No commodity grouping or price index applied.
11662,خشکبار,1392;1393;1394;1395;1396;1397;1398;1399;1400;1401;1402;1403,1392,1403,HBSIR_Category_Level_1: مواد خوراکی و نوشیدنی\u200cهای غیر الکلی | HBSIR_Category_Level_2: مواد خوراکی | HBSIR_Category_Level_3: میوه\u200cها و خشکبار,0,0,HBSIR amount is based on Kilos + Grams/1000 (kg-equivalent); HBSIR Amount may use Expenditure/Price fallback. Price_Raw is the cleaned-source survey unit-price field.,HBSIR Kilos/Grams fields to kg-equivalent,HBSIR_Expenditure_divided_by_Price | HBSIR_Kilos_Grams,survey_price_field_in_HBSIR_cleaned_table; raw_access_not_decoded,Names/categories retained as observed. No commodity grouping or price index applied.
11663,خشکبار,1392;1393;1394;1395;1396;1397;1398;1399;1400;1401;1402;1403,1392,1403,HBSIR_Category_Level_1: مواد خوراکی و نوشیدنی\u200cهای غیر الکلی | HBSIR_Category_Level_2: مواد خوراکی | HBSIR_Category_Level_3: میوه\u200cها و خشکبار,0,0,HBSIR amount is based on Kilos + Grams/1000 (kg-equivalent); HBSIR Amount may use Expenditure/Price fallback. Price_Raw is the cleaned-source survey unit-price field.,HBSIR Kilos/Grams fields to kg-equivalent,HBSIR_Kilos_Grams,survey_price_field_in_HBSIR_cleaned_table; raw_access_not_decoded,Names/categories retained as observed. No commodity grouping or price index applied.
11664,خشکبار,1392;1393;1394;1395;1396;1397;1398;1399;1400;1401;1402;1403,1392,1403,HBSIR_Category_Level_1: مواد خوراکی و نوشیدنی\u200cهای غیر الکلی | HBSIR_Category_Level_2: مواد خوراکی | HBSIR_Category_Level_3: میوه\u200cها و خشکبار,0,0,HBSIR amount is based on Kilos + Grams/1000 (kg-equivalent); HBSIR Amount may use Expenditure/Price fallback. Price_Raw is the cleaned-source survey unit-price field.,HBSIR Kilos/Grams fields to kg-equivalent,HBSIR_Kilos_Grams,survey_price_field_in_HBSIR_cleaned_table; raw_access_not_decoded,Names/categories retained as observed. No commodity grouping or price index applied.
11665,خشکبار,1392;1393;1394;1395;1396;1397;1398;1399;1400;1401;1402;1403,1392,1403,HBSIR_Category_Level_1: مواد خوراکی و نوشیدنی\u200cهای غیر الکلی | HBSIR_Category_Level_2: مواد خوراکی | HBSIR_Category_Level_3: میوه\u200cها و خشکبار,0,0,HBSIR amount is based on Kilos + Grams/1000 (kg-equivalent); HBSIR Amount may use Expenditure/Price fallback. Price_Raw is the cleaned-source survey unit-price field.,No observed raw mass component on some rows,missing,survey_price_field_in_HBSIR_cleaned_table; raw_access_not_decoded,Names/categories retained as observed. No commodity grouping or price index applied.
11666,خشکبار,1392;1393;1394;1395;1396;1397;1398;1399;1400;1401;1402;1403,1392,1403,HBSIR_Category_Level_1: مواد خوراکی و نوشیدنی\u200cهای غیر الکلی | HBSIR_Category_Level_2: مواد خوراکی | HBSIR_Category_Level_3: میوه\u200cها و خشکبار,0,0,HBSIR amount is based on Kilos + Grams/1000 (kg-equivalent); HBSIR Amount may use Expenditure/Price fallback. Price_Raw is the cleaned-source survey unit-price field.,HBSIR Kilos/Grams fields to kg-equivalent,HBSIR_Kilos_Grams,survey_price_field_in_HBSIR_cleaned_table; raw_access_not_decoded,Names/categories retained as observed. No commodity grouping or price index applied.
11667,خشکبار,1392;1393;1394;1395;1396;1397;1398;1399;1400;1401;1402;1403,1392,1403,HBSIR_Category_Level_1: مواد خوراکی و نوشیدنی\u200cهای غیر الکلی | HBSIR_Category_Level_2: مواد خوراکی | HBSIR_Category_Level_3: میوه\u200cها و خشکبار,0,0,HBSIR amount is based on Kilos + Grams/1000 (kg-equivalent); HBSIR Amount may use Expenditure/Price fallback. Price_Raw is the cleaned-source survey unit-price field.,HBSIR Kilos/Grams fields to kg-equivalent,HBSIR_Kilos_Grams,survey_price_field_in_HBSIR_cleaned_table; raw_access_not_decoded,Names/categories retained as observed. No commodity grouping or price index applied.
11668,خشکبار,1392;1393;1394;1395;1396;1397;1398;1399;1400;1401;1402;1403,1392,1403,HBSIR_Category_Level_1: مواد خوراکی و نوشیدنی\u200cهای غیر الکلی | HBSIR_Category_Level_2: مواد خوراکی | HBSIR_Category_Level_3: میوه\u200cها و خشکبار,0,0,HBSIR amount is based on Kilos + Grams/1000 (kg-equivalent); HBSIR Amount may use Expenditure/Price fallback. Price_Raw is the cleaned-source survey unit-price field.,HBSIR Kilos/Grams fields to kg-equivalent,HBSIR_Kilos_Grams,survey_price_field_in_HBSIR_cleaned_table; raw_access_not_decoded,Names/categories retained as observed. No commodity grouping or price index applied.
11669,خشکبار,1392;1393;1394;1395;1396;1397;1398;1399;1400;1401;1402;1403,1392,1403,HBSIR_Category_Level_1: مواد خوراکی و نوشیدنی\u200cهای غیر الکلی | HBSIR_Category_Level_2: مواد خوراکی | HBSIR_Category_Level_3: میوه\u200cها و خشکبار,0,0,HBSIR amount is based on Kilos + Grams/1000 (kg-equivalent); HBSIR Amount may use Expenditure/Price fallback. Price_Raw is the cleaned-source survey unit-price field.,HBSIR Kilos/Grams fields to kg-equivalent,HBSIR_Kilos_Grams,survey_price_field_in_HBSIR_cleaned_table; raw_access_not_decoded,Names/categories retained as observed. No commodity grouping or price index applied.
11711,سبزی\u200cهای برگی,1392;1393;1394;1395;1396;1397;1398;1399;1400;1401;1402;1403,1392,1403,HBSIR_Category_Level_1: مواد خوراکی و نوشیدنی\u200cهای غیر الکلی | HBSIR_Category_Level_2: مواد خوراکی | HBSIR_Category_Level_3: سبزی\u200cها و حبوبات,0,0,HBSIR amount is based on Kilos + Grams/1000 (kg-equivalent); HBSIR Amount may use Expenditure/Price fallback. Price_Raw is the cleaned-source survey unit-price field.,HBSIR Kilos/Grams fields to kg-equivalent,HBSIR_Kilos_Grams,survey_price_field_in_HBSIR_cleaned_table; raw_access_not_decoded,Names/categories retained as observed. No commodity grouping or price index applied.
11712,سبزی\u200cهای برگی,1392;1393;1394;1395;1396;1397;1398;1399;1400;1401;1402;1403,1392,1403,HBSIR_Category_Level_1: مواد خوراکی و نوشیدنی\u200cهای غیر الکلی | HBSIR_Category_Level_2: مواد خوراکی | HBSIR_Category_Level_3: سبزی\u200cها و حبوبات,0,0,HBSIR amount is based on Kilos + Grams/1000 (kg-equivalent); HBSIR Amount may use Expenditure/Price fallback. Price_Raw is the cleaned-source survey unit-price field.,HBSIR Kilos/Grams fields to kg-equivalent,HBSIR_Kilos_Grams,survey_price_field_in_HBSIR_cleaned_table; raw_access_not_decoded,Names/categories retained as observed. No commodity grouping or price index applied.
11713,سبزی\u200cهای برگی,1392;1393;1394;1395;1396;1397;1398;1399;1400;1401;1402;1403,1392,1403,HBSIR_Category_Level_1: مواد خوراکی و نوشیدنی\u200cهای غیر الکلی | HBSIR_Category_Level_2: مواد خوراکی | HBSIR_Category_Level_3: سبزی\u200cها و حبوبات,0,0,HBSIR amount is based on Kilos + Grams/1000 (kg-equivalent); HBSIR Amount may use Expenditure/Price fallback. Price_Raw is the cleaned-source survey unit-price field.,HBSIR Kilos/Grams fields to kg-equivalent,HBSIR_Expenditure_divided_by_Price | HBSIR_Kilos_Grams,survey_price_field_in_HBSIR_cleaned_table; raw_access_not_decoded,Names/categories retained as observed. No commodity grouping or price index applied.
11714,سبزی\u200cهای برگی,1392;1393;1394;1395;1396;1397;1398;1399;1400;1401;1402;1403,1392,1403,HBSIR_Category_Level_1: مواد خوراکی و نوشیدنی\u200cهای غیر الکلی | HBSIR_Category_Level_2: مواد خوراکی | HBSIR_Category_Level_3: سبزی\u200cها و حبوبات,0,0,HBSIR amount is based on Kilos + Grams/1000 (kg-equivalent); HBSIR Amount may use Expenditure/Price fallback. Price_Raw is the cleaned-source survey unit-price field.,HBSIR Kilos/Grams fields to kg-equivalent,HBSIR_Expenditure_divided_by_Price | HBSIR_Kilos_Grams,survey_price_field_in_HBSIR_cleaned_table; raw_access_not_decoded,Names/categories retained as observed. No commodity grouping or price index applied.
11715,سبزی\u200cهای برگی,1392;1393;1394;1395;1396;1397;1398;1399;1400;1401;1402;1403,1392,1403,HBSIR_Category_Level_1: مواد خوراکی و نوشیدنی\u200cهای غیر الکلی | HBSIR_Category_Level_2: مواد خوراکی | HBSIR_Category_Level_3: سبزی\u200cها و حبوبات,0,0,HBSIR amount is based on Kilos + Grams/1000 (kg-equivalent); HBSIR Amount may use Expenditure/Price fallback. Price_Raw is the cleaned-source survey unit-price field.,HBSIR Kilos/Grams fields to kg-equivalent,HBSIR_Kilos_Grams,survey_price_field_in_HBSIR_cleaned_table; raw_access_not_decoded,Names/categories retained as observed. No commodity grouping or price index applied.
11716,سبزی\u200cهای برگی,1392;1393;1394;1395;1396;1397;1398;1399;1400;1401;1402;1403,1392,1403,HBSIR_Category_Level_1: مواد خوراکی و نوشیدنی\u200cهای غیر الکلی | HBSIR_Category_Level_2: مواد خوراکی | HBSIR_Category_Level_3: سبزی\u200cها و حبوبات,0,0,HBSIR amount is based on Kilos + Grams/1000 (kg-equivalent); HBSIR Amount may use Expenditure/Price fallback. Price_Raw is the cleaned-source survey unit-price field.,HBSIR Kilos/Grams fields to kg-equivalent,HBSIR_Expenditure_divided_by_Price | HBSIR_Kilos_Grams,survey_price_field_in_HBSIR_cleaned_table; raw_access_not_decoded,Names/categories retained as observed. No commodity grouping or price index applied.
11721,سبزی\u200cهای بوته\u200cای,1392;1393;1394;1395;1396;1397;1398;1399;1400;1401;1402;1403,1392,1403,HBSIR_Category_Level_1: مواد خوراکی و نوشیدنی\u200cهای غیر الکلی | HBSIR_Category_Level_2: مواد خوراکی | HBSIR_Category_Level_3: سبزی\u200cها و حبوبات,0,0,HBSIR amount is based on Kilos + Grams/1000 (kg-equivalent); HBSIR Amount may use Expenditure/Price fallback. Price_Raw is the cleaned-source survey unit-price field.,HBSIR Kilos/Grams fields to kg-equivalent,HBSIR_Kilos_Grams,survey_price_field_in_HBSIR_cleaned_table; raw_access_not_decoded,Names/categories retained as observed. No commodity grouping or price index applied.
11722,سبزی\u200cهای بوته\u200cای,1392;1393;1394;1395;1396;1397;1398;1399;1400;1401;1402;1403,1392,1403,HBSIR_Category_Level_1: مواد خوراکی و نوشیدنی\u200cهای غیر الکلی | HBSIR_Category_Level_2: مواد خوراکی | HBSIR_Category_Level_3: سبزی\u200cها و حبوبات,0,0,HBSIR amount is based on Kilos + Grams/1000 (kg-equivalent); HBSIR Amount may use Expenditure/Price fallback. Price_Raw is the cleaned-source survey unit-price field.,HBSIR Kilos/Grams fields to kg-equivalent,HBSIR_Kilos_Grams,survey_price_field_in_HBSIR_cleaned_table; raw_access_not_decoded,Names/categories retained as observed. No commodity grouping or price index applied.
11723,سبزی\u200cهای بوته\u200cای,1392;1393;1394;1395;1396;1397;1398;1399;1400;1401;1402;1403,1392,1403,HBSIR_Category_Level_1: مواد خوراکی و نوشیدنی\u200cهای غیر الکلی | HBSIR_Category_Level_2: مواد خوراکی | HBSIR_Category_Level_3: سبزی\u200cها و حبوبات,0,0,HBSIR amount is based on Kilos + Grams/1000 (kg-equivalent); HBSIR Amount may use Expenditure/Price fallback. Price_Raw is the cleaned-source survey unit-price field.,HBSIR Kilos/Grams fields to kg-equivalent,HBSIR_Kilos_Grams,survey_price_field_in_HBSIR_cleaned_table; raw_access_not_decoded,Names/categories retained as observed. No commodity grouping or price index applied.
11724,سبزی\u200cهای بوته\u200cای,1392;1393;1394;1395;1396;1397;1398;1399;1400;1401;1402;1403,1392,1403,HBSIR_Category_Level_1: مواد خوراکی و نوشیدنی\u200cهای غیر الکلی | HBSIR_Category_Level_2: مواد خوراکی | HBSIR_Category_Level_3: سبزی\u200cها و حبوبات,0,0,HBSIR amount is based on Kilos + Grams/1000 (kg-equivalent); HBSIR Amount may use Expenditure/Price fallback. Price_Raw is the cleaned-source survey unit-price field.,HBSIR Kilos/Grams fields to kg-equivalent,HBSIR_Kilos_Grams,survey_price_field_in_HBSIR_cleaned_table; raw_access_not_decoded,Names/categories retained as observed. No commodity grouping or price index applied.
11725,سبزی\u200cهای بوته\u200cای,1392;1393;1394;1395;1396;1397;1398;1399;1400;1401;1402;1403,1392,1403,HBSIR_Category_Level_1: مواد خوراکی و نوشیدنی\u200cهای غیر الکلی | HBSIR_Category_Level_2: مواد خوراکی | HBSIR_Category_Level_3: سبزی\u200cها و حبوبات,0,0,HBSIR amount is based on Kilos + Grams/1000 (kg-equivalent); HBSIR Amount may use Expenditure/Price fallback. Price_Raw is the cleaned-source survey unit-price field.,HBSIR Kilos/Grams fields to kg-equivalent,HBSIR_Kilos_Grams,survey_price_field_in_HBSIR_cleaned_table; raw_access_not_decoded,Names/categories retained as observed. No commodity grouping or price index applied.
11726,سبزی\u200cهای بوته\u200cای,1392;1393;1394;1395;1396;1397;1398;1399;1400;1401;1402;1403,1392,1403,HBSIR_Category_Level_1: مواد خوراکی و نوشیدنی\u200cهای غیر الکلی | HBSIR_Category_Level_2: مواد خوراکی | HBSIR_Category_Level_3: سبزی\u200cها و حبوبات,0,0,HBSIR amount is based on Kilos + Grams/1000 (kg-equivalent); HBSIR Amount may use Expenditure/Price fallback. Price_Raw is the cleaned-source survey unit-price field.,HBSIR Kilos/Grams fields to kg-equivalent,HBSIR_Kilos_Grams,survey_price_field_in_HBSIR_cleaned_table; raw_access_not_decoded,Names/categories retained as observed. No commodity grouping or price index applied.
11727,سبزی\u200cهای بوته\u200cای,1392;1393;1394;1395;1396;1397;1398;1399;1400;1401;1402;1403,1392,1403,HBSIR_Category_Level_1: مواد خوراکی و نوشیدنی\u200cهای غیر الکلی | HBSIR_Category_Level_2: مواد خوراکی | HBSIR_Category_Level_3: سبزی\u200cها و حبوبات,0,0,HBSIR amount is based on Kilos + Grams/1000 (kg-equivalent); HBSIR Amount may use Expenditure/Price fallback. Price_Raw is the cleaned-source survey unit-price field.,HBSIR Kilos/Grams fields to kg-equivalent,HBSIR_Kilos_Grams,survey_price_field_in_HBSIR_cleaned_table; raw_access_not_decoded,Names/categories retained as observed. No commodity grouping or price index applied.
11731,سبزی\u200cهای ریشه\u200cای,1392;1393;1394;1395;1396;1397;1398;1399;1400;1401;1402;1403,1392,1403,HBSIR_Category_Level_1: مواد خوراکی و نوشیدنی\u200cهای غیر الکلی | HBSIR_Category_Level_2: مواد خوراکی | HBSIR_Category_Level_3: سبزی\u200cها و حبوبات,0,0,HBSIR amount is based on Kilos + Grams/1000 (kg-equivalent); HBSIR Amount may use Expenditure/Price fallback. Price_Raw is the cleaned-source survey unit-price field.,HBSIR Kilos/Grams fields to kg-equivalent,HBSIR_Kilos_Grams,survey_price_field_in_HBSIR_cleaned_table; raw_access_not_decoded,Names/categories retained as observed. No commodity grouping or price index applied.
11732,سبزی\u200cهای ریشه\u200cای,1392;1393;1394;1395;1396;1397;1398;1399;1400;1401;1402;1403,1392,1403,HBSIR_Category_Level_1: مواد خوراکی و نوشیدنی\u200cهای غیر الکلی | HBSIR_Category_Level_2: مواد خوراکی | HBSIR_Category_Level_3: سبزی\u200cها و حبوبات,0,0,HBSIR amount is based on Kilos + Grams/1000 (kg-equivalent); HBSIR Amount may use Expenditure/Price fallback. Price_Raw is the cleaned-source survey unit-price field.,HBSIR Kilos/Grams fields to kg-equivalent,HBSIR_Kilos_Grams,survey_price_field_in_HBSIR_cleaned_table; raw_access_not_decoded,Names/categories retained as observed. No commodity grouping or price index applied.
11733,سبزی\u200cهای ریشه\u200cای,1392;1393;1394;1395;1396;1397;1398;1399;1400;1401;1402;1403,1392,1403,HBSIR_Category_Level_1: مواد خوراکی و نوشیدنی\u200cهای غیر الکلی | HBSIR_Category_Level_2: مواد خوراکی | HBSIR_Category_Level_3: سبزی\u200cها و حبوبات,0,0,HBSIR amount is based on Kilos + Grams/1000 (kg-equivalent); HBSIR Amount may use Expenditure/Price fallback. Price_Raw is the cleaned-source survey unit-price field.,HBSIR Kilos/Grams fields to kg-equivalent,HBSIR_Kilos_Grams,survey_price_field_in_HBSIR_cleaned_table; raw_access_not_decoded,Names/categories retained as observed. No commodity grouping or price index applied.
11734,سبزی\u200cهای ریشه\u200cای,1392;1393;1394;1395;1396;1397;1398;1399;1400;1401;1402;1403,1392,1403,HBSIR_Category_Level_1: مواد خوراکی و نوشیدنی\u200cهای غیر الکلی | HBSIR_Category_Level_2: مواد خوراکی | HBSIR_Category_Level_3: سبزی\u200cها و حبوبات,0,0,HBSIR amount is based on Kilos + Grams/1000 (kg-equivalent); HBSIR Amount may use Expenditure/Price fallback. Price_Raw is the cleaned-source survey unit-price field.,HBSIR Kilos/Grams fields to kg-equivalent,HBSIR_Kilos_Grams,survey_price_field_in_HBSIR_cleaned_table; raw_access_not_decoded,Names/categories retained as observed. No commodity grouping or price index applied.
11735,سبزی\u200cهای ریشه\u200cای,1392;1393;1394;1395;1396;1397;1398;1399;1400;1401;1402;1403,1392,1403,HBSIR_Category_Level_1: مواد خوراکی و نوشیدنی\u200cهای غیر الکلی | HBSIR_Category_Level_2: مواد خوراکی | HBSIR_Category_Level_3: سبزی\u200cها و حبوبات,0,0,HBSIR amount is based on Kilos + Grams/1000 (kg-equivalent); HBSIR Amount may use Expenditure/Price fallback. Price_Raw is the cleaned-source survey unit-price field.,HBSIR Kilos/Grams fields to kg-equivalent,HBSIR_Kilos_Grams,survey_price_field_in_HBSIR_cleaned_table; raw_access_not_decoded,Names/categories retained as observed. No commodity grouping or price index applied.
11741,سایر انواع سبزی,1392;1393;1394;1395;1396;1397;1398;1399;1400;1401;1402;1403,1392,1403,HBSIR_Category_Level_1: مواد خوراکی و نوشیدنی\u200cهای غیر الکلی | HBSIR_Category_Level_2: مواد خوراکی | HBSIR_Category_Level_3: سبزی\u200cها و حبوبات,0,0,HBSIR amount is based on Kilos + Grams/1000 (kg-equivalent); HBSIR Amount may use Expenditure/Price fallback. Price_Raw is the cleaned-source survey unit-price field.,HBSIR Kilos/Grams fields to kg-equivalent,HBSIR_Kilos_Grams,survey_price_field_in_HBSIR_cleaned_table; raw_access_not_decoded,Names/categories retained as observed. No commodity grouping or price index applied.
11742,سایر انواع سبزی,1392;1393;1394;1395;1396;1397;1398;1399;1400;1401;1402;1403,1392,1403,HBSIR_Category_Level_1: مواد خوراکی و نوشیدنی\u200cهای غیر الکلی | HBSIR_Category_Level_2: مواد خوراکی | HBSIR_Category_Level_3: سبزی\u200cها و حبوبات,0,0,HBSIR amount is based on Kilos + Grams/1000 (kg-equivalent); HBSIR Amount may use Expenditure/Price fallback. Price_Raw is the cleaned-source survey unit-price field.,HBSIR Kilos/Grams fields to kg-equivalent,HBSIR_Kilos_Grams,survey_price_field_in_HBSIR_cleaned_table; raw_access_not_decoded,Names/categories retained as observed. No commodity grouping or price index applied.
11751,سبزی\u200cهای آماده بسته\u200cبندی شده,1392;1393;1394;1395;1396;1397;1398;1399;1400;1401;1402;1403,1392,1403,HBSIR_Category_Level_1: مواد خوراکی و نوشیدنی\u200cهای غیر الکلی | HBSIR_Category_Level_2: مواد خوراکی | HBSIR_Category_Level_3: سبزی\u200cها و حبوبات,0,0,HBSIR amount is based on Kilos + Grams/1000 (kg-equivalent); HBSIR Amount may use Expenditure/Price fallback. Price_Raw is the cleaned-source survey unit-price field.,HBSIR Kilos/Grams fields to kg-equivalent,HBSIR_Kilos_Grams,survey_price_field_in_HBSIR_cleaned_table; raw_access_not_decoded,Names/categories retained as observed. No commodity grouping or price index applied.
11752,سبزی\u200cهای آماده بسته\u200cبندی شده,1392;1393;1394;1395;1396;1397;1398;1399;1400;1401;1402;1403,1392,1403,HBSIR_Category_Level_1: مواد خوراکی و نوشیدنی\u200cهای غیر الکلی | HBSIR_Category_Level_2: مواد خوراکی | HBSIR_Category_Level_3: سبزی\u200cها و حبوبات,0,0,HBSIR amount is based on Kilos + Grams/1000 (kg-equivalent); HBSIR Amount may use Expenditure/Price fallback. Price_Raw is the cleaned-source survey unit-price field.,HBSIR Kilos/Grams fields to kg-equivalent,HBSIR_Kilos_Grams,survey_price_field_in_HBSIR_cleaned_table; raw_access_not_decoded,Names/categories retained as observed. No commodity grouping or price index applied.
11753,سبزی\u200cهای آماده بسته\u200cبندی شده,1392;1393;1394;1395;1396;1397;1398;1399;1400;1401;1402;1403,1392,1403,HBSIR_Category_Level_1: مواد خوراکی و نوشیدنی\u200cهای غیر الکلی | HBSIR_Category_Level_2: مواد خوراکی | HBSIR_Category_Level_3: سبزی\u200cها و حبوبات,0,0,HBSIR amount is based on Kilos + Grams/1000 (kg-equivalent); HBSIR Amount may use Expenditure/Price fallback. Price_Raw is the cleaned-source survey unit-price field.,HBSIR Kilos/Grams fields to kg-equivalent,HBSIR_Kilos_Grams,survey_price_field_in_HBSIR_cleaned_table; raw_access_not_decoded,Names/categories retained as observed. No commodity grouping or price index applied.
11754,سبزی\u200cهای آماده بسته\u200cبندی شده,1392;1393;1394;1395;1396;1397;1398;1399;1400;1401;1402;1403,1392,1403,HBSIR_Category_Level_1: مواد خوراکی و نوشیدنی\u200cهای غیر الکلی | HBSIR_Category_Level_2: مواد خوراکی | HBSIR_Category_Level_3: سبزی\u200cها و حبوبات,0,0,HBSIR amount is based on Kilos + Grams/1000 (kg-equivalent); HBSIR Amount may use Expenditure/Price fallback. Price_Raw is the cleaned-source survey unit-price field.,No observed raw mass component on some rows,missing,survey_price_field_in_HBSIR_cleaned_table; raw_access_not_decoded,Names/categories retained as observed. No commodity grouping or price index applied.
11761,حبوب,1392;1393;1394;1395;1396;1397;1398;1399;1400;1401;1402;1403,1392,1403,HBSIR_Category_Level_1: مواد خوراکی و نوشیدنی\u200cهای غیر الکلی | HBSIR_Category_Level_2: مواد خوراکی | HBSIR_Category_Level_3: سبزی\u200cها و حبوبات,0,0,HBSIR amount is based on Kilos + Grams/1000 (kg-equivalent); HBSIR Amount may use Expenditure/Price fallback. Price_Raw is the cleaned-source survey unit-price field.,HBSIR Kilos/Grams fields to kg-equivalent,HBSIR_Expenditure_divided_by_Price | HBSIR_Kilos_Grams,survey_price_field_in_HBSIR_cleaned_table; raw_access_not_decoded,Names/categories retained as observed. No commodity grouping or price index applied.
11762,حبوب,1392;1393;1394;1395;1396;1397;1398;1399;1400;1401;1402;1403,1392,1403,HBSIR_Category_Level_1: مواد خوراکی و نوشیدنی\u200cهای غیر الکلی | HBSIR_Category_Level_2: مواد خوراکی | HBSIR_Category_Level_3: سبزی\u200cها و حبوبات,0,0,HBSIR amount is based on Kilos + Grams/1000 (kg-equivalent); HBSIR Amount may use Expenditure/Price fallback. Price_Raw is the cleaned-source survey unit-price field.,HBSIR Kilos/Grams fields to kg-equivalent,HBSIR_Expenditure_divided_by_Price | HBSIR_Kilos_Grams,survey_price_field_in_HBSIR_cleaned_table; raw_access_not_decoded,Names/categories retained as observed. No commodity grouping or price index applied.
11763,حبوب,1392;1393;1394;1395;1396;1397;1398;1399;1400;1401;1402;1403,1392,1403,HBSIR_Category_Level_1: مواد خوراکی و نوشیدنی\u200cهای غیر الکلی | HBSIR_Category_Level_2: مواد خوراکی | HBSIR_Category_Level_3: سبزی\u200cها و حبوبات,0,0,HBSIR amount is based on Kilos + Grams/1000 (kg-equivalent); HBSIR Amount may use Expenditure/Price fallback. Price_Raw is the cleaned-source survey unit-price field.,HBSIR Kilos/Grams fields to kg-equivalent,HBSIR_Expenditure_divided_by_Price | HBSIR_Kilos_Grams,survey_price_field_in_HBSIR_cleaned_table; raw_access_not_decoded,Names/categories retained as observed. No commodity grouping or price index applied.
11764,حبوب,1392;1393;1394;1395;1396;1397;1398;1399;1400;1401;1402;1403,1392,1403,HBSIR_Category_Level_1: مواد خوراکی و نوشیدنی\u200cهای غیر الکلی | HBSIR_Category_Level_2: مواد خوراکی | HBSIR_Category_Level_3: سبزی\u200cها و حبوبات,0,0,HBSIR amount is based on Kilos + Grams/1000 (kg-equivalent); HBSIR Amount may use Expenditure/Price fallback. Price_Raw is the cleaned-source survey unit-price field.,HBSIR Kilos/Grams fields to kg-equivalent,HBSIR_Expenditure_divided_by_Price | HBSIR_Kilos_Grams,survey_price_field_in_HBSIR_cleaned_table; raw_access_not_decoded,Names/categories retained as observed. No commodity grouping or price index applied.
11765,حبوب,1392;1393;1394;1395;1396;1397;1398;1399;1400;1401;1402;1403,1392,1403,HBSIR_Category_Level_1: مواد خوراکی و نوشیدنی\u200cهای غیر الکلی | HBSIR_Category_Level_2: مواد خوراکی | HBSIR_Category_Level_3: سبزی\u200cها و حبوبات,0,0,HBSIR amount is based on Kilos + Grams/1000 (kg-equivalent); HBSIR Amount may use Expenditure/Price fallback. Price_Raw is the cleaned-source survey unit-price field.,HBSIR Kilos/Grams fields to kg-equivalent,HBSIR_Expenditure_divided_by_Price | HBSIR_Kilos_Grams,survey_price_field_in_HBSIR_cleaned_table; raw_access_not_decoded,Names/categories retained as observed. No commodity grouping or price index applied.
11766,حبوب,1392;1393;1394;1395;1396;1397;1398;1399;1400;1401;1402;1403,1392,1403,HBSIR_Category_Level_1: مواد خوراکی و نوشیدنی\u200cهای غیر الکلی | HBSIR_Category_Level_2: مواد خوراکی | HBSIR_Category_Level_3: سبزی\u200cها و حبوبات,0,0,HBSIR amount is based on Kilos + Grams/1000 (kg-equivalent); HBSIR Amount may use Expenditure/Price fallback. Price_Raw is the cleaned-source survey unit-price field.,HBSIR Kilos/Grams fields to kg-equivalent,HBSIR_Expenditure_divided_by_Price | HBSIR_Kilos_Grams,survey_price_field_in_HBSIR_cleaned_table; raw_access_not_decoded,Names/categories retained as observed. No commodity grouping or price index applied.
11767,حبوب,1392;1393;1394;1395;1396;1397;1398;1399;1400;1401;1402;1403,1392,1403,HBSIR_Category_Level_1: مواد خوراکی و نوشیدنی\u200cهای غیر الکلی | HBSIR_Category_Level_2: مواد خوراکی | HBSIR_Category_Level_3: سبزی\u200cها و حبوبات,0,0,HBSIR amount is based on Kilos + Grams/1000 (kg-equivalent); HBSIR Amount may use Expenditure/Price fallback. Price_Raw is the cleaned-source survey unit-price field.,HBSIR Kilos/Grams fields to kg-equivalent,HBSIR_Kilos_Grams,survey_price_field_in_HBSIR_cleaned_table; raw_access_not_decoded,Names/categories retained as observed. No commodity grouping or price index applied.
11768,حبوب,1392;1393;1394;1395;1396;1397;1398;1399;1400;1401;1402;1403,1392,1403,HBSIR_Category_Level_1: مواد خوراکی و نوشیدنی\u200cهای غیر الکلی | HBSIR_Category_Level_2: مواد خوراکی | HBSIR_Category_Level_3: سبزی\u200cها و حبوبات,0,0,HBSIR amount is based on Kilos + Grams/1000 (kg-equivalent); HBSIR Amount may use Expenditure/Price fallback. Price_Raw is the cleaned-source survey unit-price field.,HBSIR Kilos/Grams fields to kg-equivalent,HBSIR_Expenditure_divided_by_Price | HBSIR_Kilos_Grams,survey_price_field_in_HBSIR_cleaned_table; raw_access_not_decoded,Names/categories retained as observed. No commodity grouping or price index applied.
11769,حبوب,1392;1393;1394;1395;1396;1397;1398;1399;1400;1401;1402;1403,1392,1403,HBSIR_Category_Level_1: مواد خوراکی و نوشیدنی\u200cهای غیر الکلی | HBSIR_Category_Level_2: مواد خوراکی | HBSIR_Category_Level_3: سبزی\u200cها و حبوبات,0,0,HBSIR amount is based on Kilos + Grams/1000 (kg-equivalent); HBSIR Amount may use Expenditure/Price fallback. Price_Raw is the cleaned-source survey unit-price field.,HBSIR Kilos/Grams fields to kg-equivalent,HBSIR_Expenditure_divided_by_Price | HBSIR_Kilos_Grams,survey_price_field_in_HBSIR_cleaned_table; raw_access_not_decoded,Names/categories retained as observed. No commodity grouping or price index applied.
11811,قند و شکر,1392;1393;1394;1395;1396;1397;1398;1399;1400;1401;1402;1403,1392,1403,HBSIR_Category_Level_1: مواد خوراکی و نوشیدنی\u200cهای غیر الکلی | HBSIR_Category_Level_2: مواد خوراکی | HBSIR_Category_Level_3: قند و شکر، مرباها و شیرینی\u200cها,0,0,HBSIR amount is based on Kilos + Grams/1000 (kg-equivalent); HBSIR Amount may use Expenditure/Price fallback. Price_Raw is the cleaned-source survey unit-price field.,HBSIR Kilos/Grams fields to kg-equivalent,HBSIR_Expenditure_divided_by_Price | HBSIR_Kilos_Grams,survey_price_field_in_HBSIR_cleaned_table; raw_access_not_decoded,Names/categories retained as observed. No commodity grouping or price index applied.
11812,قند و شکر,1392;1393;1394;1395;1396;1397;1398;1399;1400;1401;1402;1403,1392,1403,HBSIR_Category_Level_1: مواد خوراکی و نوشیدنی\u200cهای غیر الکلی | HBSIR_Category_Level_2: مواد خوراکی | HBSIR_Category_Level_3: قند و شکر، مرباها و شیرینی\u200cها,0,0,HBSIR amount is based on Kilos + Grams/1000 (kg-equivalent); HBSIR Amount may use Expenditure/Price fallback. Price_Raw is the cleaned-source survey unit-price field.,HBSIR Kilos/Grams fields to kg-equivalent,HBSIR_Expenditure_divided_by_Price | HBSIR_Kilos_Grams,survey_price_field_in_HBSIR_cleaned_table; raw_access_not_decoded,Names/categories retained as observed. No commodity grouping or price index applied.
11821,مرباها و شیرینی\u200cها,1392;1393;1394;1395;1396;1397;1398;1399;1400;1401;1402;1403,1392,1403,HBSIR_Category_Level_1: مواد خوراکی و نوشیدنی\u200cهای غیر الکلی | HBSIR_Category_Level_2: مواد خوراکی | HBSIR_Category_Level_3: قند و شکر، مرباها و شیرینی\u200cها,0,0,HBSIR amount is based on Kilos + Grams/1000 (kg-equivalent); HBSIR Amount may use Expenditure/Price fallback. Price_Raw is the cleaned-source survey unit-price field.,HBSIR Kilos/Grams fields to kg-equivalent,HBSIR_Kilos_Grams,survey_price_field_in_HBSIR_cleaned_table; raw_access_not_decoded,Names/categories retained as observed. No commodity grouping or price index applied.
11822,مرباها و شیرینی\u200cها,1392;1393;1394;1395;1396;1397;1398;1399;1400;1401;1402;1403,1392,1403,HBSIR_Category_Level_1: مواد خوراکی و نوشیدنی\u200cهای غیر الکلی | HBSIR_Category_Level_2: مواد خوراکی | HBSIR_Category_Level_3: قند و شکر، مرباها و شیرینی\u200cها,0,0,HBSIR amount is based on Kilos + Grams/1000 (kg-equivalent); HBSIR Amount may use Expenditure/Price fallback. Price_Raw is the cleaned-source survey unit-price field.,HBSIR Kilos/Grams fields to kg-equivalent,HBSIR_Kilos_Grams,survey_price_field_in_HBSIR_cleaned_table; raw_access_not_decoded,Names/categories retained as observed. No commodity grouping or price index applied.
11823,مرباها و شیرینی\u200cها,1392;1393;1394;1395;1396;1397;1398;1399;1400;1401;1402;1403,1392,1403,HBSIR_Category_Level_1: مواد خوراکی و نوشیدنی\u200cهای غیر الکلی | HBSIR_Category_Level_2: مواد خوراکی | HBSIR_Category_Level_3: قند و شکر، مرباها و شیرینی\u200cها,0,0,HBSIR amount is based on Kilos + Grams/1000 (kg-equivalent); HBSIR Amount may use Expenditure/Price fallback. Price_Raw is the cleaned-source survey unit-price field.,HBSIR Kilos/Grams fields to kg-equivalent,HBSIR_Kilos_Grams,survey_price_field_in_HBSIR_cleaned_table; raw_access_not_decoded,Names/categories retained as observed. No commodity grouping or price index applied.
11831,مرباها و شیرینی\u200cها,1392;1393;1394;1395;1396;1397;1398;1399;1400;1401;1402;1403,1392,1403,HBSIR_Category_Level_1: مواد خوراکی و نوشیدنی\u200cهای غیر الکلی | HBSIR_Category_Level_2: مواد خوراکی | HBSIR_Category_Level_3: قند و شکر، مرباها و شیرینی\u200cها,0,0,HBSIR amount is based on Kilos + Grams/1000 (kg-equivalent); HBSIR Amount may use Expenditure/Price fallback. Price_Raw is the cleaned-source survey unit-price field.,HBSIR Kilos/Grams fields to kg-equivalent,HBSIR_Kilos_Grams,survey_price_field_in_HBSIR_cleaned_table; raw_access_not_decoded,Names/categories retained as observed. No commodity grouping or price index applied.
11832,مرباها و شیرینی\u200cها,1392;1393;1394;1395;1396;1397;1398;1399;1400;1401;1402;1403,1392,1403,HBSIR_Category_Level_1: مواد خوراکی و نوشیدنی\u200cهای غیر الکلی | HBSIR_Category_Level_2: مواد خوراکی | HBSIR_Category_Level_3: قند و شکر، مرباها و شیرینی\u200cها,0,0,HBSIR amount is based on Kilos + Grams/1000 (kg-equivalent); HBSIR Amount may use Expenditure/Price fallback. Price_Raw is the cleaned-source survey unit-price field.,HBSIR Kilos/Grams fields to kg-equivalent,HBSIR_Kilos_Grams,survey_price_field_in_HBSIR_cleaned_table; raw_access_not_decoded,Names/categories retained as observed. No commodity grouping or price index applied.
11833,مرباها و شیرینی\u200cها,1392;1393;1394;1395;1396;1397;1398;1399;1400;1401;1402;1403,1392,1403,HBSIR_Category_Level_1: مواد خوراکی و نوشیدنی\u200cهای غیر الکلی | HBSIR_Category_Level_2: مواد خوراکی | HBSIR_Category_Level_3: قند و شکر، مرباها و شیرینی\u200cها,0,0,HBSIR amount is based on Kilos + Grams/1000 (kg-equivalent); HBSIR Amount may use Expenditure/Price fallback. Price_Raw is the cleaned-source survey unit-price field.,HBSIR Kilos/Grams fields to kg-equivalent,HBSIR_Kilos_Grams,survey_price_field_in_HBSIR_cleaned_table; raw_access_not_decoded,Names/categories retained as observed. No commodity grouping or price index applied.
11834,مرباها و شیرینی\u200cها,1392;1393;1394;1395;1396;1397;1398;1399;1400;1401;1402;1403,1392,1403,HBSIR_Category_Level_1: مواد خوراکی و نوشیدنی\u200cهای غیر الکلی | HBSIR_Category_Level_2: مواد خوراکی | HBSIR_Category_Level_3: قند و شکر، مرباها و شیرینی\u200cها,0,0,HBSIR amount is based on Kilos + Grams/1000 (kg-equivalent); HBSIR Amount may use Expenditure/Price fallback. Price_Raw is the cleaned-source survey unit-price field.,HBSIR Kilos/Grams fields to kg-equivalent,HBSIR_Kilos_Grams,survey_price_field_in_HBSIR_cleaned_table; raw_access_not_decoded,Names/categories retained as observed. No commodity grouping or price index applied.
11835,مرباها و شیرینی\u200cها,1392;1393;1394;1395;1396;1397;1398;1399;1400;1401;1402;1403,1392,1403,HBSIR_Category_Level_1: مواد خوراکی و نوشیدنی\u200cهای غیر الکلی | HBSIR_Category_Level_2: مواد خوراکی | HBSIR_Category_Level_3: قند و شکر، مرباها و شیرینی\u200cها,0,0,HBSIR amount is based on Kilos + Grams/1000 (kg-equivalent); HBSIR Amount may use Expenditure/Price fallback. Price_Raw is the cleaned-source survey unit-price field.,HBSIR Kilos/Grams fields to kg-equivalent,HBSIR_Kilos_Grams,survey_price_field_in_HBSIR_cleaned_table; raw_access_not_decoded,Names/categories retained as observed. No commodity grouping or price index applied.
11838,مرباها و شیرینی\u200cها,1392;1393;1394;1395;1396;1397;1398;1399;1400;1401;1402;1403,1392,1403,HBSIR_Category_Level_1: مواد خوراکی و نوشیدنی\u200cهای غیر الکلی | HBSIR_Category_Level_2: مواد خوراکی | HBSIR_Category_Level_3: قند و شکر، مرباها و شیرینی\u200cها,0,0,HBSIR amount is based on Kilos + Grams/1000 (kg-equivalent); HBSIR Amount may use Expenditure/Price fallback. Price_Raw is the cleaned-source survey unit-price field.,HBSIR Kilos/Grams fields to kg-equivalent,HBSIR_Kilos_Grams,survey_price_field_in_HBSIR_cleaned_table; raw_access_not_decoded,Names/categories retained as observed. No commodity grouping or price index applied.
11839,مرباها و شیرینی\u200cها,1392;1393;1394;1395;1396;1397;1398;1399;1400;1401;1402;1403,1392,1403,HBSIR_Category_Level_1: مواد خوراکی و نوشیدنی\u200cهای غیر الکلی | HBSIR_Category_Level_2: مواد خوراکی | HBSIR_Category_Level_3: قند و شکر، مرباها و شیرینی\u200cها,0,0,HBSIR amount is based on Kilos + Grams/1000 (kg-equivalent); HBSIR Amount may use Expenditure/Price fallback. Price_Raw is the cleaned-source survey unit-price field.,HBSIR Kilos/Grams fields to kg-equivalent,HBSIR_Expenditure_divided_by_Price | HBSIR_Kilos_Grams,survey_price_field_in_HBSIR_cleaned_table; raw_access_not_decoded,Names/categories retained as observed. No commodity grouping or price index applied.
11841,مرباها و شیرینی\u200cها,1392;1393;1394;1395;1396;1397;1398;1399;1400;1401;1402;1403,1392,1403,HBSIR_Category_Level_1: مواد خوراکی و نوشیدنی\u200cهای غیر الکلی | HBSIR_Category_Level_2: مواد خوراکی | HBSIR_Category_Level_3: قند و شکر، مرباها و شیرینی\u200cها,0,0,HBSIR amount is based on Kilos + Grams/1000 (kg-equivalent); HBSIR Amount may use Expenditure/Price fallback. Price_Raw is the cleaned-source survey unit-price field.,HBSIR Kilos/Grams fields to kg-equivalent,HBSIR_Kilos_Grams,survey_price_field_in_HBSIR_cleaned_table; raw_access_not_decoded,Names/categories retained as observed. No commodity grouping or price index applied.
11842,مرباها و شیرینی\u200cها,1392;1393;1394;1395;1396;1397;1398;1399;1400;1401;1402;1403,1392,1403,HBSIR_Category_Level_1: مواد خوراکی و نوشیدنی\u200cهای غیر الکلی | HBSIR_Category_Level_2: مواد خوراکی | HBSIR_Category_Level_3: قند و شکر، مرباها و شیرینی\u200cها,0,0,HBSIR amount is based on Kilos + Grams/1000 (kg-equivalent); HBSIR Amount may use Expenditure/Price fallback. Price_Raw is the cleaned-source survey unit-price field.,No observed raw mass component on some rows,missing,survey_price_field_in_HBSIR_cleaned_table; raw_access_not_decoded,Names/categories retained as observed. No commodity grouping or price index applied.
11843,مرباها و شیرینی\u200cها,1392;1393;1394;1395;1396;1397;1398;1399;1400;1401;1402;1403,1392,1403,HBSIR_Category_Level_1: مواد خوراکی و نوشیدنی\u200cهای غیر الکلی | HBSIR_Category_Level_2: مواد خوراکی | HBSIR_Category_Level_3: قند و شکر، مرباها و شیرینی\u200cها,0,0,HBSIR amount is based on Kilos + Grams/1000 (kg-equivalent); HBSIR Amount may use Expenditure/Price fallback. Price_Raw is the cleaned-source survey unit-price field.,HBSIR Kilos/Grams fields to kg-equivalent,HBSIR_Kilos_Grams,survey_price_field_in_HBSIR_cleaned_table; raw_access_not_decoded,Names/categories retained as observed. No commodity grouping or price index applied.
11844,مرباها و شیرینی\u200cها,1392;1393;1394;1395;1396;1397;1398;1399;1400;1401;1402;1403,1392,1403,HBSIR_Category_Level_1: مواد خوراکی و نوشیدنی\u200cهای غیر الکلی | HBSIR_Category_Level_2: مواد خوراکی | HBSIR_Category_Level_3: قند و شکر، مرباها و شیرینی\u200cها,0,0,HBSIR amount is based on Kilos + Grams/1000 (kg-equivalent); HBSIR Amount may use Expenditure/Price fallback. Price_Raw is the cleaned-source survey unit-price field.,No observed raw mass component on some rows,missing,survey_price_field_in_HBSIR_cleaned_table; raw_access_not_decoded,Names/categories retained as observed. No commodity grouping or price index applied.
11845,مرباها و شیرینی\u200cها,1392;1393;1394;1395;1396;1397;1398;1399;1400;1401;1402;1403,1392,1403,HBSIR_Category_Level_1: مواد خوراکی و نوشیدنی\u200cهای غیر الکلی | HBSIR_Category_Level_2: مواد خوراکی | HBSIR_Category_Level_3: قند و شکر، مرباها و شیرینی\u200cها,0,0,HBSIR amount is based on Kilos + Grams/1000 (kg-equivalent); HBSIR Amount may use Expenditure/Price fallback. Price_Raw is the cleaned-source survey unit-price field.,HBSIR Kilos/Grams fields to kg-equivalent,HBSIR_Kilos_Grams,survey_price_field_in_HBSIR_cleaned_table; raw_access_not_decoded,Names/categories retained as observed. No commodity grouping or price index applied.
11911,انواع ادویه,1392;1393;1394;1395;1396;1397;1398;1399;1400;1401;1402;1403,1392,1403,HBSIR_Category_Level_1: مواد خوراکی و نوشیدنی\u200cهای غیر الکلی | HBSIR_Category_Level_2: مواد خوراکی | HBSIR_Category_Level_3: ادویه\u200cها، چاشنی\u200cها و سایر ترکیبات خوراکی,0,0,HBSIR amount is based on Kilos + Grams/1000 (kg-equivalent); HBSIR Amount may use Expenditure/Price fallback. Price_Raw is the cleaned-source survey unit-price field.,HBSIR Kilos/Grams fields to kg-equivalent,HBSIR_Kilos_Grams,survey_price_field_in_HBSIR_cleaned_table; raw_access_not_decoded,Names/categories retained as observed. No commodity grouping or price index applied.
11912,انواع ادویه,1392;1393;1394;1395;1396;1397;1398;1399;1400;1401;1402;1403,1392,1403,HBSIR_Category_Level_1: مواد خوراکی و نوشیدنی\u200cهای غیر الکلی | HBSIR_Category_Level_2: مواد خوراکی | HBSIR_Category_Level_3: ادویه\u200cها، چاشنی\u200cها و سایر ترکیبات خوراکی,0,0,HBSIR amount is based on Kilos + Grams/1000 (kg-equivalent); HBSIR Amount may use Expenditure/Price fallback. Price_Raw is the cleaned-source survey unit-price field.,HBSIR Kilos/Grams fields to kg-equivalent,HBSIR_Kilos_Grams,survey_price_field_in_HBSIR_cleaned_table; raw_access_not_decoded,Names/categories retained as observed. No commodity grouping or price index applied.
11913,انواع ادویه,1392;1393;1394;1395;1396;1397;1398;1399;1400;1401;1402;1403,1392,1403,HBSIR_Category_Level_1: مواد خوراکی و نوشیدنی\u200cهای غیر الکلی | HBSIR_Category_Level_2: مواد خوراکی | HBSIR_Category_Level_3: ادویه\u200cها، چاشنی\u200cها و سایر ترکیبات خوراکی,0,0,HBSIR amount is based on Kilos + Grams/1000 (kg-equivalent); HBSIR Amount may use Expenditure/Price fallback. Price_Raw is the cleaned-source survey unit-price field.,HBSIR Kilos/Grams fields to kg-equivalent,HBSIR_Kilos_Grams,survey_price_field_in_HBSIR_cleaned_table; raw_access_not_decoded,Names/categories retained as observed. No commodity grouping or price index applied.
11914,انواع ادویه,1392;1393;1394;1395;1396;1397;1398;1399;1400;1401;1402;1403,1392,1403,HBSIR_Category_Level_1: مواد خوراکی و نوشیدنی\u200cهای غیر الکلی | HBSIR_Category_Level_2: مواد خوراکی | HBSIR_Category_Level_3: ادویه\u200cها، چاشنی\u200cها و سایر ترکیبات خوراکی,0,0,HBSIR amount is based on Kilos + Grams/1000 (kg-equivalent); HBSIR Amount may use Expenditure/Price fallback. Price_Raw is the cleaned-source survey unit-price field.,HBSIR Kilos/Grams fields to kg-equivalent,HBSIR_Kilos_Grams,survey_price_field_in_HBSIR_cleaned_table; raw_access_not_decoded,Names/categories retained as observed. No commodity grouping or price index applied.
11915,انواع ادویه,1392;1393;1394;1395;1396;1397;1398;1399;1400;1401;1402;1403,1392,1403,HBSIR_Category_Level_1: مواد خوراکی و نوشیدنی\u200cهای غیر الکلی | HBSIR_Category_Level_2: مواد خوراکی | HBSIR_Category_Level_3: ادویه\u200cها، چاشنی\u200cها و سایر ترکیبات خوراکی,0,0,HBSIR amount is based on Kilos + Grams/1000 (kg-equivalent); HBSIR Amount may use Expenditure/Price fallback. Price_Raw is the cleaned-source survey unit-price field.,No observed raw mass component on some rows,missing,survey_price_field_in_HBSIR_cleaned_table; raw_access_not_decoded,Names/categories retained as observed. No commodity grouping or price index applied.
11916,انواع ادویه,1392;1393;1394;1395;1396;1397;1398;1399;1400;1401;1402;1403,1392,1403,HBSIR_Category_Level_1: مواد خوراکی و نوشیدنی\u200cهای غیر الکلی | HBSIR_Category_Level_2: مواد خوراکی | HBSIR_Category_Level_3: ادویه\u200cها، چاشنی\u200cها و سایر ترکیبات خوراکی,0,0,HBSIR amount is based on Kilos + Grams/1000 (kg-equivalent); HBSIR Amount may use Expenditure/Price fallback. Price_Raw is the cleaned-source survey unit-price field.,No observed raw mass component on some rows,missing,survey_price_field_in_HBSIR_cleaned_table; raw_access_not_decoded,Names/categories retained as observed. No commodity grouping or price index applied.
11917,انواع ادویه,1392;1393;1394;1395;1396;1397;1398;1399;1400;1401;1402;1403,1392,1403,HBSIR_Category_Level_1: مواد خوراکی و نوشیدنی\u200cهای غیر الکلی | HBSIR_Category_Level_2: مواد خوراکی | HBSIR_Category_Level_3: ادویه\u200cها، چاشنی\u200cها و سایر ترکیبات خوراکی,0,0,HBSIR amount is based on Kilos + Grams/1000 (kg-equivalent); HBSIR Amount may use Expenditure/Price fallback. Price_Raw is the cleaned-source survey unit-price field.,No observed raw mass component on some rows,missing,survey_price_field_in_HBSIR_cleaned_table; raw_access_not_decoded,Names/categories retained as observed. No commodity grouping or price index applied.
11918,انواع ادویه,1392;1393;1394;1395;1396;1397;1398;1399;1400;1401;1402;1403,1392,1403,HBSIR_Category_Level_1: مواد خوراکی و نوشیدنی\u200cهای غیر الکلی | HBSIR_Category_Level_2: مواد خوراکی | HBSIR_Category_Level_3: ادویه\u200cها، چاشنی\u200cها و سایر ترکیبات خوراکی,0,0,HBSIR amount is based on Kilos + Grams/1000 (kg-equivalent); HBSIR Amount may use Expenditure/Price fallback. Price_Raw is the cleaned-source survey unit-price field.,No observed raw mass component on some rows,missing,survey_price_field_in_HBSIR_cleaned_table; raw_access_not_decoded,Names/categories retained as observed. No commodity grouping or price index applied.
11919,انواع ادویه,1392;1393;1394;1395;1396;1397;1398;1399;1400;1401;1402;1403,1392,1403,HBSIR_Category_Level_1: مواد خوراکی و نوشیدنی\u200cهای غیر الکلی | HBSIR_Category_Level_2: مواد خوراکی | HBSIR_Category_Level_3: ادویه\u200cها، چاشنی\u200cها و سایر ترکیبات خوراکی,0,0,HBSIR amount is based on Kilos + Grams/1000 (kg-equivalent); HBSIR Amount may use Expenditure/Price fallback. Price_Raw is the cleaned-source survey unit-price field.,No observed raw mass component on some rows,missing,survey_price_field_in_HBSIR_cleaned_table; raw_access_not_decoded,Names/categories retained as observed. No commodity grouping or price index applied.
11921,چاشنی\u200cها و سایر ترکیب\u200cهای خوراکی,1392;1393;1394;1395;1396;1397;1398;1399;1400;1401;1402;1403,1392,1403,HBSIR_Category_Level_1: مواد خوراکی و نوشیدنی\u200cهای غیر الکلی | HBSIR_Category_Level_2: مواد خوراکی | HBSIR_Category_Level_3: ادویه\u200cها، چاشنی\u200cها و سایر ترکیبات خوراکی,0,0,HBSIR amount is based on Kilos + Grams/1000 (kg-equivalent); HBSIR Amount may use Expenditure/Price fallback. Price_Raw is the cleaned-source survey unit-price field.,HBSIR Kilos/Grams fields to kg-equivalent,HBSIR_Expenditure_divided_by_Price | HBSIR_Kilos_Grams,survey_price_field_in_HBSIR_cleaned_table; raw_access_not_decoded,Names/categories retained as observed. No commodity grouping or price index applied.
11922,چاشنی\u200cها و سایر ترکیب\u200cهای خوراکی,1392;1393;1394;1395;1396;1397;1398;1399;1400;1401;1402;1403,1392,1403,HBSIR_Category_Level_1: مواد خوراکی و نوشیدنی\u200cهای غیر الکلی | HBSIR_Category_Level_2: مواد خوراکی | HBSIR_Category_Level_3: ادویه\u200cها، چاشنی\u200cها و سایر ترکیبات خوراکی,0,0,HBSIR amount is based on Kilos + Grams/1000 (kg-equivalent); HBSIR Amount may use Expenditure/Price fallback. Price_Raw is the cleaned-source survey unit-price field.,HBSIR Kilos/Grams fields to kg-equivalent,HBSIR_Expenditure_divided_by_Price | HBSIR_Kilos_Grams,survey_price_field_in_HBSIR_cleaned_table; raw_access_not_decoded,Names/categories retained as observed. No commodity grouping or price index applied.
11923,چاشنی\u200cها و سایر ترکیب\u200cهای خوراکی,1392;1393;1394;1395;1396;1397;1398;1399;1400;1401;1402;1403,1392,1403,HBSIR_Category_Level_1: مواد خوراکی و نوشیدنی\u200cهای غیر الکلی | HBSIR_Category_Level_2: مواد خوراکی | HBSIR_Category_Level_3: ادویه\u200cها، چاشنی\u200cها و سایر ترکیبات خوراکی,0,0,HBSIR amount is based on Kilos + Grams/1000 (kg-equivalent); HBSIR Amount may use Expenditure/Price fallback. Price_Raw is the cleaned-source survey unit-price field.,HBSIR Kilos/Grams fields to kg-equivalent,HBSIR_Kilos_Grams,survey_price_field_in_HBSIR_cleaned_table; raw_access_not_decoded,Names/categories retained as observed. No commodity grouping or price index applied.
11924,چاشنی\u200cها و سایر ترکیب\u200cهای خوراکی,1392;1393;1394;1395;1396;1397;1398;1399;1400;1401;1402;1403,1392,1403,HBSIR_Category_Level_1: مواد خوراکی و نوشیدنی\u200cهای غیر الکلی | HBSIR_Category_Level_2: مواد خوراکی | HBSIR_Category_Level_3: ادویه\u200cها، چاشنی\u200cها و سایر ترکیبات خوراکی,0,0,HBSIR amount is based on Kilos + Grams/1000 (kg-equivalent); HBSIR Amount may use Expenditure/Price fallback. Price_Raw is the cleaned-source survey unit-price field.,HBSIR Kilos/Grams fields to kg-equivalent,HBSIR_Kilos_Grams,survey_price_field_in_HBSIR_cleaned_table; raw_access_not_decoded,Names/categories retained as observed. No commodity grouping or price index applied.
11925,چاشنی\u200cها و سایر ترکیب\u200cهای خوراکی,1392;1393;1394;1395;1396;1397;1398;1399;1400;1401;1402;1403,1392,1403,HBSIR_Category_Level_1: مواد خوراکی و نوشیدنی\u200cهای غیر الکلی | HBSIR_Category_Level_2: مواد خوراکی | HBSIR_Category_Level_3: ادویه\u200cها، چاشنی\u200cها و سایر ترکیبات خوراکی,0,0,HBSIR amount is based on Kilos + Grams/1000 (kg-equivalent); HBSIR Amount may use Expenditure/Price fallback. Price_Raw is the cleaned-source survey unit-price field.,HBSIR Kilos/Grams fields to kg-equivalent,HBSIR_Kilos_Grams,survey_price_field_in_HBSIR_cleaned_table; raw_access_not_decoded,Names/categories retained as observed. No commodity grouping or price index applied.
11926,چاشنی\u200cها و سایر ترکیب\u200cهای خوراکی,1392;1393;1394;1395;1396;1397;1398;1399;1400;1401;1402;1403,1392,1403,HBSIR_Category_Level_1: مواد خوراکی و نوشیدنی\u200cهای غیر الکلی | HBSIR_Category_Level_2: مواد خوراکی | HBSIR_Category_Level_3: ادویه\u200cها، چاشنی\u200cها و سایر ترکیبات خوراکی,0,0,HBSIR amount is based on Kilos + Grams/1000 (kg-equivalent); HBSIR Amount may use Expenditure/Price fallback. Price_Raw is the cleaned-source survey unit-price field.,HBSIR Kilos/Grams fields to kg-equivalent,HBSIR_Kilos_Grams,survey_price_field_in_HBSIR_cleaned_table; raw_access_not_decoded,Names/categories retained as observed. No commodity grouping or price index applied.
11927,چاشنی\u200cها و سایر ترکیب\u200cهای خوراکی,1392;1393;1394;1395;1396;1397;1398;1399;1400;1401;1402;1403,1392,1403,HBSIR_Category_Level_1: مواد خوراکی و نوشیدنی\u200cهای غیر الکلی | HBSIR_Category_Level_2: مواد خوراکی | HBSIR_Category_Level_3: ادویه\u200cها، چاشنی\u200cها و سایر ترکیبات خوراکی,0,0,HBSIR amount is based on Kilos + Grams/1000 (kg-equivalent); HBSIR Amount may use Expenditure/Price fallback. Price_Raw is the cleaned-source survey unit-price field.,HBSIR Kilos/Grams fields to kg-equivalent,HBSIR_Kilos_Grams,survey_price_field_in_HBSIR_cleaned_table; raw_access_not_decoded,Names/categories retained as observed. No commodity grouping or price index applied.
11928,چاشنی\u200cها و سایر ترکیب\u200cهای خوراکی,1392;1393;1394;1395;1396;1397;1398;1399;1400;1401;1402;1403,1392,1403,HBSIR_Category_Level_1: مواد خوراکی و نوشیدنی\u200cهای غیر الکلی | HBSIR_Category_Level_2: مواد خوراکی | HBSIR_Category_Level_3: ادویه\u200cها، چاشنی\u200cها و سایر ترکیبات خوراکی,0,0,HBSIR amount is based on Kilos + Grams/1000 (kg-equivalent); HBSIR Amount may use Expenditure/Price fallback. Price_Raw is the cleaned-source survey unit-price field.,HBSIR Kilos/Grams fields to kg-equivalent,HBSIR_Kilos_Grams,survey_price_field_in_HBSIR_cleaned_table; raw_access_not_decoded,Names/categories retained as observed. No commodity grouping or price index applied.
11929,چاشنی\u200cها و سایر ترکیب\u200cهای خوراکی,1392;1393;1394;1395;1396;1397;1398;1399;1400;1401;1402;1403,1392,1403,HBSIR_Category_Level_1: مواد خوراکی و نوشیدنی\u200cهای غیر الکلی | HBSIR_Category_Level_2: مواد خوراکی | HBSIR_Category_Level_3: ادویه\u200cها، چاشنی\u200cها و سایر ترکیبات خوراکی,0,0,HBSIR amount is based on Kilos + Grams/1000 (kg-equivalent); HBSIR Amount may use Expenditure/Price fallback. Price_Raw is the cleaned-source survey unit-price field.,HBSIR Kilos/Grams fields to kg-equivalent,HBSIR_Kilos_Grams,survey_price_field_in_HBSIR_cleaned_table; raw_access_not_decoded,Names/categories retained as observed. No commodity grouping or price index applied.
11931,چاشنی\u200cها و سایر ترکیب\u200cهای خوراکی,1392;1393;1394;1395;1396;1397;1398;1399;1400;1401;1402;1403,1392,1403,HBSIR_Category_Level_1: مواد خوراکی و نوشیدنی\u200cهای غیر الکلی | HBSIR_Category_Level_2: مواد خوراکی | HBSIR_Category_Level_3: ادویه\u200cها، چاشنی\u200cها و سایر ترکیبات خوراکی,0,0,HBSIR amount is based on Kilos + Grams/1000 (kg-equivalent); HBSIR Amount may use Expenditure/Price fallback. Price_Raw is the cleaned-source survey unit-price field.,HBSIR Kilos/Grams fields to kg-equivalent,HBSIR_Kilos_Grams,survey_price_field_in_HBSIR_cleaned_table; raw_access_not_decoded,Names/categories retained as observed. No commodity grouping or price index applied.
11933,چاشنی\u200cها و سایر ترکیب\u200cهای خوراکی,1392;1393;1394;1395;1396;1397;1398;1399;1400;1401;1402;1403,1392,1403,HBSIR_Category_Level_1: مواد خوراکی و نوشیدنی\u200cهای غیر الکلی | HBSIR_Category_Level_2: مواد خوراکی | HBSIR_Category_Level_3: ادویه\u200cها، چاشنی\u200cها و سایر ترکیبات خوراکی,0,0,HBSIR amount is based on Kilos + Grams/1000 (kg-equivalent); HBSIR Amount may use Expenditure/Price fallback. Price_Raw is the cleaned-source survey unit-price field.,HBSIR Kilos/Grams fields to kg-equivalent,HBSIR_Kilos_Grams,survey_price_field_in_HBSIR_cleaned_table; raw_access_not_decoded,Names/categories retained as observed. No commodity grouping or price index applied.
11934,چاشنی\u200cها و سایر ترکیب\u200cهای خوراکی,1392;1393;1394;1395;1396;1397;1398;1399;1400;1401;1402;1403,1392,1403,HBSIR_Category_Level_1: مواد خوراکی و نوشیدنی\u200cهای غیر الکلی | HBSIR_Category_Level_2: مواد خوراکی | HBSIR_Category_Level_3: ادویه\u200cها، چاشنی\u200cها و سایر ترکیبات خوراکی,0,0,HBSIR amount is based on Kilos + Grams/1000 (kg-equivalent); HBSIR Amount may use Expenditure/Price fallback. Price_Raw is the cleaned-source survey unit-price field.,No observed raw mass component on some rows,missing,survey_price_field_in_HBSIR_cleaned_table; raw_access_not_decoded,Names/categories retained as observed. No commodity grouping or price index applied.
11935,چاشنی\u200cها و سایر ترکیب\u200cهای خوراکی,1392;1393;1394;1395;1396;1397;1398;1399;1400;1401;1402;1403,1392,1403,HBSIR_Category_Level_1: مواد خوراکی و نوشیدنی\u200cهای غیر الکلی | HBSIR_Category_Level_2: مواد خوراکی | HBSIR_Category_Level_3: ادویه\u200cها، چاشنی\u200cها و سایر ترکیبات خوراکی,0,0,HBSIR amount is based on Kilos + Grams/1000 (kg-equivalent); HBSIR Amount may use Expenditure/Price fallback. Price_Raw is the cleaned-source survey unit-price field.,No observed raw mass component on some rows,missing,survey_price_field_in_HBSIR_cleaned_table; raw_access_not_decoded,Names/categories retained as observed. No commodity grouping or price index applied.
11936,چاشنی\u200cها و سایر ترکیب\u200cهای خوراکی,1392;1393;1394;1395;1396;1397;1398;1399;1400;1401;1402;1403,1392,1403,HBSIR_Category_Level_1: مواد خوراکی و نوشیدنی\u200cهای غیر الکلی | HBSIR_Category_Level_2: مواد خوراکی | HBSIR_Category_Level_3: ادویه\u200cها، چاشنی\u200cها و سایر ترکیبات خوراکی,0,0,HBSIR amount is based on Kilos + Grams/1000 (kg-equivalent); HBSIR Amount may use Expenditure/Price fallback. Price_Raw is the cleaned-source survey unit-price field.,No observed raw mass component on some rows,missing,survey_price_field_in_HBSIR_cleaned_table; raw_access_not_decoded,Names/categories retained as observed. No commodity grouping or price index applied.
11945,چاشنی\u200cها و سایر ترکیب\u200cهای خوراکی,1392;1393;1394;1395;1396;1397;1398;1399;1400;1401;1402;1403,1392,1403,HBSIR_Category_Level_1: مواد خوراکی و نوشیدنی\u200cهای غیر الکلی | HBSIR_Category_Level_2: مواد خوراکی | HBSIR_Category_Level_3: ادویه\u200cها، چاشنی\u200cها و سایر ترکیبات خوراکی,0,0,HBSIR amount is based on Kilos + Grams/1000 (kg-equivalent); HBSIR Amount may use Expenditure/Price fallback. Price_Raw is the cleaned-source survey unit-price field.,No observed raw mass component on some rows,missing,survey_price_field_in_HBSIR_cleaned_table; raw_access_not_decoded,Names/categories retained as observed. No commodity grouping or price index applied.
11946,چاشنی\u200cها و سایر ترکیب\u200cهای خوراکی,1392;1393;1394;1395;1396;1397;1398;1399;1400;1401;1402;1403,1392,1403,HBSIR_Category_Level_1: مواد خوراکی و نوشیدنی\u200cهای غیر الکلی | HBSIR_Category_Level_2: مواد خوراکی | HBSIR_Category_Level_3: ادویه\u200cها، چاشنی\u200cها و سایر ترکیبات خوراکی,0,0,HBSIR amount is based on Kilos + Grams/1000 (kg-equivalent); HBSIR Amount may use Expenditure/Price fallback. Price_Raw is the cleaned-source survey unit-price field.,No observed raw mass component on some rows,missing,survey_price_field_in_HBSIR_cleaned_table; raw_access_not_decoded,Names/categories retained as observed. No commodity grouping or price index applied.
11947,چاشنی\u200cها و سایر ترکیب\u200cهای خوراکی,1392;1393;1394;1395;1396;1397;1398;1399;1400;1401;1402;1403,1392,1403,HBSIR_Category_Level_1: مواد خوراکی و نوشیدنی\u200cهای غیر الکلی | HBSIR_Category_Level_2: مواد خوراکی | HBSIR_Category_Level_3: ادویه\u200cها، چاشنی\u200cها و سایر ترکیبات خوراکی,0,0,HBSIR amount is based on Kilos + Grams/1000 (kg-equivalent); HBSIR Amount may use Expenditure/Price fallback. Price_Raw is the cleaned-source survey unit-price field.,No observed raw mass component on some rows,missing,survey_price_field_in_HBSIR_cleaned_table; raw_access_not_decoded,Names/categories retained as observed. No commodity grouping or price index applied.
12111,چای، قهوه و کاکائو,1392;1393;1394;1395;1396;1397;1398;1399;1400;1401;1402;1403,1392,1403,HBSIR_Category_Level_1: مواد خوراکی و نوشیدنی\u200cهای غیر الکلی | HBSIR_Category_Level_2: نوشیدنی\u200cهای غیر الکلی | HBSIR_Category_Level_3: چای، قهوه و کاکائو,0,0,HBSIR amount is based on Kilos + Grams/1000 (kg-equivalent); HBSIR Amount may use Expenditure/Price fallback. Price_Raw is the cleaned-source survey unit-price field.,HBSIR Kilos/Grams fields to kg-equivalent,HBSIR_Expenditure_divided_by_Price | HBSIR_Kilos_Grams,survey_price_field_in_HBSIR_cleaned_table; raw_access_not_decoded,Names/categories retained as observed. No commodity grouping or price index applied.
12112,چای، قهوه و کاکائو,1392;1393;1394;1395;1396;1397;1398;1399;1400;1401;1402;1403,1392,1403,HBSIR_Category_Level_1: مواد خوراکی و نوشیدنی\u200cهای غیر الکلی | HBSIR_Category_Level_2: نوشیدنی\u200cهای غیر الکلی | HBSIR_Category_Level_3: چای، قهوه و کاکائو,0,0,HBSIR amount is based on Kilos + Grams/1000 (kg-equivalent); HBSIR Amount may use Expenditure/Price fallback. Price_Raw is the cleaned-source survey unit-price field.,HBSIR Kilos/Grams fields to kg-equivalent,HBSIR_Expenditure_divided_by_Price | HBSIR_Kilos_Grams,survey_price_field_in_HBSIR_cleaned_table; raw_access_not_decoded,Names/categories retained as observed. No commodity grouping or price index applied.
12113,چای، قهوه و کاکائو,1392;1393;1394;1395;1396;1397;1398;1399;1400;1401;1402;1403,1392,1403,HBSIR_Category_Level_1: مواد خوراکی و نوشیدنی\u200cهای غیر الکلی | HBSIR_Category_Level_2: نوشیدنی\u200cهای غیر الکلی | HBSIR_Category_Level_3: چای، قهوه و کاکائو,0,0,HBSIR amount is based on Kilos + Grams/1000 (kg-equivalent); HBSIR Amount may use Expenditure/Price fallback. Price_Raw is the cleaned-source survey unit-price field.,HBSIR Kilos/Grams fields to kg-equivalent,HBSIR_Kilos_Grams,survey_price_field_in_HBSIR_cleaned_table; raw_access_not_decoded,Names/categories retained as observed. No commodity grouping or price index applied.
12114,چای، قهوه و کاکائو,1392;1393;1394;1395;1396;1397;1398;1399;1400;1401;1402;1403,1392,1403,HBSIR_Category_Level_1: مواد خوراکی و نوشیدنی\u200cهای غیر الکلی | HBSIR_Category_Level_2: نوشیدنی\u200cهای غیر الکلی | HBSIR_Category_Level_3: چای، قهوه و کاکائو,0,0,HBSIR amount is based on Kilos + Grams/1000 (kg-equivalent); HBSIR Amount may use Expenditure/Price fallback. Price_Raw is the cleaned-source survey unit-price field.,HBSIR Kilos/Grams fields to kg-equivalent,HBSIR_Kilos_Grams,survey_price_field_in_HBSIR_cleaned_table; raw_access_not_decoded,Names/categories retained as observed. No commodity grouping or price index applied.
12211,نوشابه\u200cها,1392;1393;1394;1395;1396;1397;1398;1399;1400;1401;1402;1403,1392,1403,HBSIR_Category_Level_1: مواد خوراکی و نوشیدنی\u200cهای غیر الکلی | HBSIR_Category_Level_2: نوشیدنی\u200cهای غیر الکلی | HBSIR_Category_Level_3: نوشابه\u200cها,0,0,HBSIR amount is based on Kilos + Grams/1000 (kg-equivalent); HBSIR Amount may use Expenditure/Price fallback. Price_Raw is the cleaned-source survey unit-price field.,No observed raw mass component on some rows,missing,survey_price_field_in_HBSIR_cleaned_table; raw_access_not_decoded,Names/categories retained as observed. No commodity grouping or price index applied.
12212,نوشابه\u200cها,1392;1393;1394;1395;1396;1397;1398;1399;1400;1401;1402;1403,1392,1403,HBSIR_Category_Level_1: مواد خوراکی و نوشیدنی\u200cهای غیر الکلی | HBSIR_Category_Level_2: نوشیدنی\u200cهای غیر الکلی | HBSIR_Category_Level_3: نوشابه\u200cها,0,0,HBSIR amount is based on Kilos + Grams/1000 (kg-equivalent); HBSIR Amount may use Expenditure/Price fallback. Price_Raw is the cleaned-source survey unit-price field.,No observed raw mass component on some rows,missing,survey_price_field_in_HBSIR_cleaned_table; raw_access_not_decoded,Names/categories retained as observed. No commodity grouping or price index applied.
12213,نوشابه\u200cها,1392;1393;1394;1395;1396;1397;1398;1399;1400;1401;1402;1403,1392,1403,HBSIR_Category_Level_1: مواد خوراکی و نوشیدنی\u200cهای غیر الکلی | HBSIR_Category_Level_2: نوشیدنی\u200cهای غیر الکلی | HBSIR_Category_Level_3: نوشابه\u200cها,0,0,HBSIR amount is based on Kilos + Grams/1000 (kg-equivalent); HBSIR Amount may use Expenditure/Price fallback. Price_Raw is the cleaned-source survey unit-price field.,No observed raw mass component on some rows,missing,survey_price_field_in_HBSIR_cleaned_table; raw_access_not_decoded,Names/categories retained as observed. No commodity grouping or price index applied.
12214,نوشابه\u200cها,1392;1393;1394;1395;1396;1397;1398;1399;1400;1401;1402;1403,1392,1403,HBSIR_Category_Level_1: مواد خوراکی و نوشیدنی\u200cهای غیر الکلی | HBSIR_Category_Level_2: نوشیدنی\u200cهای غیر الکلی | HBSIR_Category_Level_3: نوشابه\u200cها,0,0,HBSIR amount is based on Kilos + Grams/1000 (kg-equivalent); HBSIR Amount may use Expenditure/Price fallback. Price_Raw is the cleaned-source survey unit-price field.,No observed raw mass component on some rows,missing,survey_price_field_in_HBSIR_cleaned_table; raw_access_not_decoded,Names/categories retained as observed. No commodity grouping or price index applied.
12215,نوشابه\u200cها,1392;1393;1394;1395;1396;1397;1398;1399;1400;1401;1402;1403,1392,1403,HBSIR_Category_Level_1: مواد خوراکی و نوشیدنی\u200cهای غیر الکلی | HBSIR_Category_Level_2: نوشیدنی\u200cهای غیر الکلی | HBSIR_Category_Level_3: نوشابه\u200cها,0,0,HBSIR amount is based on Kilos + Grams/1000 (kg-equivalent); HBSIR Amount may use Expenditure/Price fallback. Price_Raw is the cleaned-source survey unit-price field.,No observed raw mass component on some rows,missing,survey_price_field_in_HBSIR_cleaned_table; raw_access_not_decoded,Names/categories retained as observed. No commodity grouping or price index applied.
12216,نوشابه\u200cها,1392;1393;1394;1395;1396;1397;1398;1399;1400;1401;1402;1403,1392,1403,HBSIR_Category_Level_1: مواد خوراکی و نوشیدنی\u200cهای غیر الکلی | HBSIR_Category_Level_2: نوشیدنی\u200cهای غیر الکلی | HBSIR_Category_Level_3: نوشابه\u200cها,0,0,HBSIR amount is based on Kilos + Grams/1000 (kg-equivalent); HBSIR Amount may use Expenditure/Price fallback. Price_Raw is the cleaned-source survey unit-price field.,No observed raw mass component on some rows,missing,survey_price_field_in_HBSIR_cleaned_table; raw_access_not_decoded,Names/categories retained as observed. No commodity grouping or price index applied.
12218,نوشابه\u200cها,1392;1393;1394;1395;1396;1397;1398;1399;1400;1401;1402;1403,1392,1403,HBSIR_Category_Level_1: مواد خوراکی و نوشیدنی\u200cهای غیر الکلی | HBSIR_Category_Level_2: نوشیدنی\u200cهای غیر الکلی | HBSIR_Category_Level_3: نوشابه\u200cها,0,0,HBSIR amount is based on Kilos + Grams/1000 (kg-equivalent); HBSIR Amount may use Expenditure/Price fallback. Price_Raw is the cleaned-source survey unit-price field.,No observed raw mass component on some rows,missing,survey_price_field_in_HBSIR_cleaned_table; raw_access_not_decoded,Names/categories retained as observed. No commodity grouping or price index applied.
